frame_index,timestamp_ms,observed_landmark_count,observed_fraction,median_confidence,core_observed_count,lower_limb_observed_count,core_median_confidence,lower_limb_median_confidence,pelvis_x,pelvis_y,shoulder_mid_x,shoulder_mid_y,body_scale_px,pelvis_jump_px,shoulder_jump_px,body_scale_reference_px,body_scale_relative_change,identity_jump_flag,identity_uncertain_flag,frame_status,frame_rejection_reason,valid_target_frame,valid_segment_id
0,0.0,17,1.0,0.979223370552063,4,6,0.9993156492710114,0.9978195130825043,637.9617233276367,319.7976531982422,605.4336242675781,178.02599716186523,145.45542163755107,,,134.9914082327412,,False,False,VALID_TARGET,,True,1
1,33.333333333333336,17,1.0,0.9810402989387512,4,6,0.9993602335453033,0.9980144202709198,637.6298065185547,320.3219680786133,604.1407012939453,177.41864395141602,146.77493047297878,0.6205440048294335,1.4284704190113588,134.9914082327412,0.009774761614107485,False,False,VALID_TARGET,,True,1
2,66.66666666666667,17,1.0,0.9715296030044556,4,6,0.9969109296798706,0.9931926131248474,637.4485855102539,336.0701904296875,609.0315628051758,195.0135841369629,143.8905603514061,15.749265007381238,18.26204934981307,134.9914082327412,0.021367064462352228,False,False,VALID_TARGET,,True,1
3,100.0,17,1.0,0.9742064476013184,4,6,0.9970936179161072,0.9935256540775299,637.0836486816406,335.67677307128906,608.3899917602539,195.1206398010254,143.45505410200914,0.536615417936835,0.6504416352679228,134.9914082327412,0.003226177540470478,False,False,VALID_TARGET,,True,1
4,133.33333333333334,17,1.0,0.9744365811347961,4,6,0.9968620836734772,0.9932899177074432,638.4138336181641,336.8746032714844,609.1249389648438,196.00225830078125,143.88487386642865,1.7900249031378876,1.1477798450252548,134.9914082327412,0.0031840527485900833,False,False,VALID_TARGET,,True,1
5,166.66666666666666,17,1.0,0.9623495936393738,4,6,0.997766524553299,0.990574985742569,632.7324905395508,347.2196350097656,585.4635391235352,209.44061279296875,145.66198107600437,11.802429446641629,27.21123323019327,134.9914082327412,0.013164594938603603,False,False,VALID_TARGET,,True,1
6,200.0,17,1.0,0.958894670009613,4,6,0.9971403777599335,0.9853790402412415,634.81982421875,348.2432098388672,585.9823989868164,208.1197509765625,148.39028885618055,2.3247940379933962,1.4191164489795245,134.9914082327412,0.020210973541903158,False,False,VALID_TARGET,,True,1
7,233.33333333333334,17,1.0,0.96412593126297,4,6,0.9970645606517792,0.9837890565395355,635.6125717163086,351.2086486816406,585.8411254882812,210.74927520751953,149.01688648060008,3.0695726290666063,2.6333165177354827,134.9914082327412,0.004641759298778503,False,False,VALID_TARGET,,True,1
8,266.6666666666667,17,1.0,0.9625228643417358,4,6,0.997494101524353,0.997029721736908,626.1342391967773,350.5265350341797,579.4240264892578,214.79238891601562,143.5465164802296,9.502845172834085,7.584584894580365,134.9914082327412,0.040523838309316045,False,False,VALID_TARGET,,True,1
9,300.0,17,1.0,0.9659626483917236,4,6,0.9975005388259888,0.9974301159381866,624.6828994750977,347.9967346191406,577.6166839599609,217.32166290283203,138.89277522959821,2.916552267259595,3.108651463028846,134.9914082327412,0.034474351453596085,False,False,VALID_TARGET,,True,1
10,333.3333333333333,17,1.0,0.9640520215034485,4,6,0.9972917437553406,0.9972175061702728,625.6218872070312,349.6741485595703,579.7022323608398,216.8418960571289,140.54544462936428,1.9223463497168365,2.1400206444435272,134.9914082327412,0.01224277471731142,False,False,VALID_TARGET,,True,1
11,366.66666666666663,17,1.0,0.9335587620735168,4,6,0.9944812953472137,0.9933219254016876,631.4528427124023,368.9030303955078,591.6308441162109,228.74156188964844,145.708712251238,20.093529773687465,16.849149098278232,134.9914082327412,0.03824886109026763,False,False,VALID_TARGET,,True,1
12,400.0,17,1.0,0.9391247630119324,4,6,0.9947363436222076,0.9937769770622253,634.1334075927734,368.0707244873047,591.776481628418,228.90221405029297,145.47158992190376,2.806806228208268,0.21683957591180042,134.9914082327412,0.0017565734918879297,False,False,VALID_TARGET,,True,1
13,433.33333333333337,17,1.0,0.939555823802948,4,6,0.9951685965061188,0.993876039981842,634.74072265625,368.83856201171875,592.2046966552734,227.95746612548828,147.16248396266292,0.9789821501048205,1.037264069872081,134.9914082327412,0.012525938227445257,False,False,VALID_TARGET,,True,1
14,466.6666666666667,17,1.0,0.905765950679779,4,6,0.9859668016433716,0.9563027024269104,668.8095321655273,365.05104064941406,620.2132720947266,229.264892578125,144.22022916673978,34.27869745847034,28.039073844843575,134.9914082327412,0.021795867118078637,False,False,VALID_TARGET,,True,1
15,500.0,17,1.0,0.9240367412567139,4,6,0.9871697127819061,0.9596243500709534,671.0115737915039,365.44268798828125,620.9167709350586,230.04763793945312,144.3651926572011,2.236598971781766,1.052426205977982,134.9914082327412,0.0010738719771808565,False,False,VALID_TARGET,,True,1
16,533.3333333333334,17,1.0,0.91889488697052,4,6,0.9879187643527985,0.960180014371872,670.3770294189453,368.10438537597656,621.9757995605469,230.52005004882812,145.8496773366974,2.736289375122783,1.1596183987362978,134.9914082327412,0.010996882682613864,False,False,VALID_TARGET,,True,1
17,566.6666666666666,17,1.0,0.977139413356781,4,6,0.9960132837295532,0.9939121007919312,711.9823150634766,360.2802429199219,655.6081771850586,243.5909194946289,129.59337028948474,42.33458395609523,36.08302166874228,134.9914082327412,0.12042475339752627,False,False,VALID_TARGET,,True,1
18,600.0,17,1.0,0.974707305431366,4,6,0.9945063591003418,0.9911845922470093,712.4344177246094,360.5821228027344,654.6284332275391,243.4228057861328,130.64393368033618,0.5436251280526494,0.9940625942466312,134.9914082327412,0.00778244633940066,False,False,VALID_TARGET,,True,1
19,633.3333333333333,17,1.0,0.9788936972618103,4,6,0.9962472319602966,0.9939407408237457,713.3338470458984,359.9628448486328,655.5439453125,244.55318450927734,129.06999047803964,1.0920065423021605,1.454619687563517,134.9914082327412,0.011659580582957312,False,False,VALID_TARGET,,True,1
20,666.6666666666666,17,1.0,0.873668909072876,4,6,0.9878587126731873,0.9728655219078064,747.6180877685547,384.5959930419922,712.7083587646484,252.26891326904297,136.8544673014463,42.21612431103838,57.6827759008046,134.9914082327412,0.05766646133497105,False,False,VALID_TARGET,,True,1
21,700.0,17,1.0,0.8758082389831543,4,6,0.988195538520813,0.9733614027500153,747.9858856201172,383.1267395019531,712.3610763549805,253.33354949951172,134.5934590022384,1.5145894574211547,1.1198461391153252,134.9914082327412,0.01674927559322631,False,False,VALID_TARGET,,True,1
22,733.3333333333333,17,1.0,0.9021464586257935,4,6,0.9894523322582245,0.9773780405521393,748.5366516113281,385.5098419189453,712.0557174682617,254.65648651123047,135.84350988327887,2.4459191129202478,1.3577210268215818,134.9914082327412,0.00926022550179808,False,False,VALID_TARGET,,True,1
23,766.6666666666667,17,1.0,0.9246823191642761,4,6,0.97075155377388,0.9633686542510986,772.5643463134766,375.22084045410156,746.8678131103516,232.98080444335938,144.54251853000397,26.137973598640137,41.00874536122069,134.9914082327412,0.06444120230027515,False,False,VALID_TARGET,,True,1
24,800.0,17,1.0,0.9380754232406616,4,6,0.9781062304973602,0.9696426391601562,774.0313720703125,376.0181884765625,750.1249084472656,232.182861328125,145.808505715058,1.6697090884769188,3.353413671007093,134.9914082327412,0.009378279711485917,False,False,VALID_TARGET,,True,1
25,833.3333333333334,17,1.0,0.7546353340148926,4,6,0.9114854037761688,0.8131274580955505,791.7881622314453,351.66607666015625,773.0521240234375,222.35447692871094,130.66188791241865,30.13849609295819,24.945026638167857,134.9914082327412,0.11220430989596604,False,False,VALID_TARGET,,True,1
26,866.6666666666667,17,1.0,0.4644104540348053,4,6,0.8228712677955627,0.6613276898860931,795.0693054199219,356.02984619140625,784.7198181152344,213.45956420898438,142.9454343167951,5.459705591435493,14.671556076684746,134.9914082327412,0.09099502379587111,False,False,VALID_TARGET,,True,1
27,900.0,17,1.0,0.4161224067211151,4,6,0.7942798435688019,0.6518467366695404,796.5732727050781,360.76292419433594,778.1517181396484,212.78675079345703,149.1184145804068,4.966280799213546,6.602470384742786,134.9914082327412,0.045728690028692565,False,False,VALID_TARGET,,True,1
28,933.3333333333334,17,1.0,0.4638115167617798,4,6,0.8014123737812042,0.6484097242355347,797.5277099609375,363.0186462402344,779.2216796875,212.29468536376953,151.83156169473497,2.4493330569207217,1.177686758427068,134.9914082327412,0.02009866516578876,False,False,VALID_TARGET,,True,1
29,966.6666666666666,17,1.0,0.3858455419540405,4,6,0.71054607629776,0.5168993324041367,812.9858551025391,360.6014862060547,803.0017395019531,222.3426513671875,138.61885865684732,15.645987148456166,25.815748402570314,134.9914082327412,0.09787810358350646,False,False,VALID_TARGET,,True,1
30,1000.0,17,1.0,0.39978015422821045,4,6,0.7031075954437256,0.5534828454256058,813.2188720703125,360.3829040527344,802.9437561035156,221.36273193359375,139.39937684282023,0.31949188568799647,0.9816334197800407,134.9914082327412,0.00578198417359424,False,False,VALID_TARGET,,True,1
31,1033.3333333333335,17,1.0,0.2969360649585724,4,6,0.7262446284294128,0.4795686900615692,813.447998046875,359.2460174560547,805.783935546875,219.1225128173828,140.33294127263136,1.1597455957431533,3.617347226783473,134.9914082327412,0.006915732208686584,False,False,LOW_POSE_CONFIDENCE,Frame/core landmark confidence below threshold.,False,
32,1066.6666666666667,17,1.0,0.3174891471862793,4,6,0.4802667200565338,0.3923613727092743,809.2967376708984,386.3956756591797,818.4341278076172,251.31501007080078,135.38935746324398,27.465194396830068,34.588787831392196,134.9914082327412,0.03662147001877373,False,False,LOW_POSE_CONFIDENCE,Frame/core landmark confidence below threshold.,False,
33,1100.0,17,1.0,0.25313594937324524,4,6,0.4933559447526932,0.36994563043117523,811.2644653320312,398.59544372558594,818.7959442138672,254.95872497558594,143.83403681818203,12.35743877275922,3.66163480144937,134.9914082327412,0.06255716171490275,False,False,LOW_POSE_CONFIDENCE,Frame/core landmark confidence below threshold.,False,
34,1133.3333333333333,17,1.0,0.29996901750564575,4,6,0.4664177894592285,0.32644903659820557,814.6748657226562,387.63587951660156,821.5958404541016,254.12496948242188,133.69017536598614,11.477930060565209,2.921398154729998,134.9914082327412,0.0751444968609163,False,False,LOW_POSE_CONFIDENCE,Frame/core landmark confidence below threshold.,False,
35,1166.6666666666667,17,1.0,0.17647685110569,4,6,0.24047565460205078,0.4384690672159195,819.3199157714844,321.1220245361328,805.7982635498047,227.75816345214844,94.33793317278892,66.67585315778828,30.73714196676779,134.9914082327412,0.2915166432322069,False,False,LOW_POSE_CONFIDENCE,Frame/core landmark confidence below threshold.,False,
36,1200.0,17,1.0,0.1955813616514206,4,6,0.2870279476046562,0.4802335500717163,824.703369140625,320.68717193603516,814.0836181640625,229.76210021972656,91.54314708059835,5.400987591313577,8.52425150100903,134.9914082327412,0.020703436824453556,False,False,LOW_POSE_CONFIDENCE,Frame/core landmark confidence below threshold.,False,
37,1233.3333333333335,17,1.0,0.2917529046535492,4,6,0.43315303325653076,0.5203871726989746,832.3381958007812,326.4740982055664,821.7638854980469,233.7554702758789,93.31966568490449,9.580140592894423,8.656414426703567,134.9914082327412,0.013160234622067345,False,False,LOW_POSE_CONFIDENCE,Frame/core landmark confidence below threshold.,False,
38,1266.6666666666665,17,1.0,0.3487950563430786,4,6,0.32578904926776886,0.5115039646625519,820.2579650878906,356.9846649169922,820.6587371826172,245.0046844482422,111.98069764050206,32.81503702769553,11.303369953018258,134.9914082327412,0.13823866422242023,False,False,LOW_POSE_CONFIDENCE,Frame/core landmark confidence below threshold.,False,
39,1300.0,17,1.0,0.5192145109176636,4,6,0.6338590085506439,0.6912371516227722,826.8636322021484,350.6947479248047,815.2898712158203,242.19898223876953,109.11133357799132,9.121287945953476,6.057779020207777,134.9914082327412,0.02125590139458073,False,False,VALID_TARGET,,True,2
40,1333.3333333333333,17,1.0,0.4491454064846039,4,6,0.6191190779209137,0.619809627532959,832.7990875244141,347.1255187988281,817.3609466552734,230.19886016845703,117.94142483435905,6.925967545139867,12.177531900114534,134.9914082327412,0.06541224639381206,False,False,VALID_TARGET,,True,2
41,1366.6666666666667,17,1.0,0.58355712890625,4,6,0.8786295652389526,0.8612394332885742,824.60107421875,354.7678985595703,811.2086639404297,202.93321990966797,152.4241657145676,11.207737977274755,27.951130948944876,134.9914082327412,0.2554439673727695,False,False,VALID_TARGET,,True,2
42,1400.0,17,1.0,0.6754716038703918,4,6,0.9200628995895386,0.9074690937995911,823.8315887451172,358.1800842285156,811.7975921630859,200.53699493408203,158.1017415338272,3.4978734873473747,2.467535326001003,134.9914082327412,0.04205879391576379,False,False,VALID_TARGET,,True,2
43,1433.3333333333333,17,1.0,0.7306528687477112,4,6,0.9456083476543427,0.9304680824279785,825.6987152099609,362.6845703125,814.5852203369141,202.49884796142578,160.570780073551,4.876121011267953,3.408773699795597,134.9914082327412,0.01829033841521875,False,False,VALID_TARGET,,True,2
44,1466.6666666666665,17,1.0,0.6569374203681946,4,6,0.9280559420585632,0.9260577857494354,768.8450775146484,324.79320526123047,781.5538940429688,199.70361709594727,125.73352410916775,68.32343422749203,33.14938660561318,134.9914082327412,0.2580701721721406,False,False,VALID_TARGET,,True,2
45,1500.0,17,1.0,0.7434768676757812,4,6,0.9588598012924194,0.9445154666900635,766.5593338012695,336.8627166748047,781.9688186645508,201.52784729003906,136.20932088202798,12.284043718810574,1.870822878476524,134.9914082327412,0.07760343350740306,False,False,VALID_TARGET,,True,2
46,1533.3333333333335,17,1.0,0.7581948041915894,4,6,0.970794677734375,0.9657576084136963,763.0091171264648,338.12452697753906,779.488899230957,200.03559112548828,139.0688226129902,3.767784983003657,2.8942751869433136,134.9914082327412,0.021182842437143124,False,True,TARGET_IDENTITY_UNCERTAIN,Temporal/body-scale discontinuity suggests target identity uncertainty.,False,
47,1566.6666666666667,17,1.0,0.8795350790023804,4,6,0.9909895360469818,0.9826920926570892,688.830924987793,372.5479431152344,737.8842163085938,202.74716186523438,176.7442522474598,81.776376586094,41.69295212559353,134.9914082327412,0.27909501891789057,True,True,TARGET_IDENTITY_UNCERTAIN,Temporal/body-scale discontinuity suggests target identity uncertainty.,False,
48,1600.0,17,1.0,0.8969942927360535,4,6,0.9918408095836639,0.9830246567726135,687.3391647338867,367.583740234375,738.1662750244141,201.78209686279297,173.41735808506223,5.183498712015559,1.0054389977056963,134.9914082327412,0.024645228951620423,False,True,TARGET_IDENTITY_UNCERTAIN,Temporal/body-scale discontinuity suggests target identity uncertainty.,False,
49,1633.3333333333333,17,1.0,0.846448540687561,4,6,0.9851081073284149,0.961946427822113,682.9919662475586,366.21681213378906,736.4971618652344,199.78977966308594,174.8163696428061,4.557041486721952,2.599089564134961,134.9914082327412,0.010363708150461056,False,False,VALID_TARGET,,True,3
50,1666.6666666666667,17,1.0,0.9465751647949219,4,6,0.990970641374588,0.9880517423152924,690.9616775512695,341.03472900390625,705.7491989135742,202.30977630615234,139.51087158008394,26.413133267842845,30.85105522924186,134.9914082327412,0.2615388529161152,False,False,VALID_TARGET,,True,3
51,1700.0,17,1.0,0.9338434934616089,4,6,0.9835031628608704,0.9831743240356445,683.1607666015625,352.4861145019531,694.8430023193359,197.94948196411133,154.97756427141823,13.85598937175319,11.745522163846509,134.9914082327412,0.11457538589913718,False,False,VALID_TARGET,,True,3
52,1733.3333333333335,17,1.0,0.937465250492096,4,6,0.9796330630779266,0.9718738496303558,688.4774627685547,341.6243591308594,695.0015869140625,199.58583068847656,142.18828277303157,12.093179394749479,1.644015274082427,134.9914082327412,0.09474144811006355,False,False,VALID_TARGET,,True,3
53,1766.6666666666665,17,1.0,0.9625381827354431,4,6,0.9970898330211639,0.9973878562450409,683.5577545166016,335.65211486816406,678.5666198730469,179.18017959594727,156.551518526212,7.737650212928519,26.201120933069102,134.9914082327412,0.1064011105685815,False,False,VALID_TARGET,,True,3
54,1800.0,17,1.0,0.9548424482345581,4,6,0.9944804310798645,0.9952983260154724,687.7657012939453,337.8037109375,678.9949188232422,180.35936737060547,157.6884521655239,4.726116981893223,1.2545611976471183,134.9914082327412,0.008422266677533263,False,False,VALID_TARGET,,True,3
55,1833.3333333333333,17,1.0,0.9458020925521851,4,6,0.993624210357666,0.9945728182792664,685.0855255126953,337.14390563964844,675.8074188232422,180.4731903076172,156.94520160358917,2.760196596163403,3.1895316131040263,134.9914082327412,0.005505910129134125,False,False,VALID_TARGET,,True,3
56,1866.6666666666667,17,1.0,0.8745685815811157,4,6,0.9949981272220612,0.984755128622055,670.3041381835938,331.49498748779297,673.9302825927734,170.97340393066406,160.5625352034669,15.824022486690495,9.683469504030185,134.9914082327412,0.02679676912208377,False,False,VALID_TARGET,,True,3
57,1900.0,17,1.0,0.8210697770118713,4,6,0.9919370412826538,0.9769854545593262,671.8998565673828,332.4778594970703,674.0700531005859,173.17327499389648,159.31936604418678,1.8741276762758883,2.2043068048031587,134.9914082327412,0.009209246540614965,False,False,VALID_TARGET,,True,3
58,1933.3333333333333,17,1.0,0.8159238696098328,4,6,0.9916627109050751,0.9757625758647919,672.0249633789062,334.49173736572266,673.7652130126953,176.25044631958008,158.25085990520844,2.0177600908277644,3.092233957318639,134.9914082327412,0.007915364044029411,False,False,VALID_TARGET,,True,3
59,1966.6666666666665,17,1.0,0.6871419548988342,4,6,0.9176019132137299,0.8972749412059784,673.2037811279297,317.03914642333984,690.2321166992188,172.27890014648438,145.7583380615472,17.49235667048769,16.93907010512296,134.9914082327412,0.09254308853584711,False,False,VALID_TARGET,,True,3
60,2000.0,17,1.0,0.5631119012832642,4,6,0.8321107923984528,0.8300009071826935,669.6418914794922,321.0438995361328,688.6275329589844,178.2448501586914,144.0556249699704,5.359580707673986,6.177964756097077,134.9914082327412,0.012613492324201132,False,False,VALID_TARGET,,True,3
61,2033.3333333333333,17,1.0,0.3779975473880768,4,6,0.6444318890571594,0.7970922589302063,660.9125213623047,327.9072723388672,678.1805572509766,189.90093231201172,139.08247535566986,11.10440403048088,15.652589326007938,134.9914082327412,0.0368404899201159,False,False,VALID_TARGET,,True,3
62,2066.666666666667,17,1.0,0.17933772504329681,4,6,0.27071671932935715,0.38868843019008636,664.6945037841797,304.3036804199219,685.4722290039062,169.1573371887207,136.7342237849475,23.904663614355087,21.98784244966967,134.9914082327412,0.01739556318038926,False,False,LOW_POSE_CONFIDENCE,Frame/core landmark confidence below threshold.,False,
63,2100.0,17,1.0,0.1717955619096756,4,6,0.2844131886959076,0.39742521941661835,650.4710235595703,330.91661071777344,668.933837890625,234.8475112915039,97.82713006930878,30.175411326743497,67.74007199781994,134.9914082327412,0.2882190372335272,False,False,LOW_POSE_CONFIDENCE,Frame/core landmark confidence below threshold.,False,
64,2133.3333333333335,17,1.0,0.09970703721046448,4,6,0.20772633329033852,0.3744844049215317,642.1766204833984,342.51866912841797,669.5008697509766,228.42498779296875,117.32000135830113,14.262008335224635,6.447505968968933,134.9914082327412,0.14440082923932704,False,False,LOW_POSE_CONFIDENCE,Frame/core landmark confidence below threshold.,False,
65,2166.6666666666665,0,0.0,,0,0,,,,,,,,,,134.9914082327412,,False,False,TARGET_NOT_FOUND,No observed landmarks returned by pose backend.,False,
66,2200.0,17,1.0,0.05971634387969971,4,6,0.09380471147596836,0.13289839774370193,653.0805511474609,436.685302734375,658.4488677978516,244.5490264892578,192.21125740444768,,,134.9914082327412,,False,False,LOW_POSE_CONFIDENCE,Frame/core landmark confidence below threshold.,False,
67,2233.3333333333335,0,0.0,,0,0,,,,,,,,,,134.9914082327412,,False,False,TARGET_NOT_FOUND,No observed landmarks returned by pose backend.,False,
68,2266.6666666666665,0,0.0,,0,0,,,,,,,,,,134.9914082327412,,False,False,TARGET_NOT_FOUND,No observed landmarks returned by pose backend.,False,
69,2300.0,0,0.0,,0,0,,,,,,,,,,134.9914082327412,,False,False,TARGET_NOT_FOUND,No observed landmarks returned by pose backend.,False,
70,2333.3333333333335,17,1.0,0.1678009182214737,4,6,0.23183897137641907,0.2220553159713745,663.2432861328125,384.4304504394531,659.3158569335938,268.7260208129883,115.77106605408983,,,134.9914082327412,,False,False,LOW_POSE_CONFIDENCE,Frame/core landmark confidence below threshold.,False,
71,2366.6666666666665,17,1.0,0.3200993835926056,4,6,0.6240032315254211,0.5812679529190063,661.2060852050781,408.57875061035156,667.4045867919922,260.59452056884766,148.11398908577044,24.23407907810353,11.469474571339589,134.9914082327412,0.2395924559577716,False,False,LOW_POSE_CONFIDENCE,Frame/core landmark confidence below threshold.,False,
72,2400.0,17,1.0,0.39030778408050537,4,6,0.6793226599693298,0.6493352651596069,660.5559997558594,385.40521240234375,669.0216217041016,259.19677734375,126.49203862263361,23.182654812796656,2.137402168588535,134.9914082327412,0.16017278985532188,False,False,INVALID_TRACK_SEGMENT,Valid-looking pose segment is too short to establish target identity continuity.,False,
73,2433.333333333333,17,1.0,0.3940349519252777,4,6,0.4517761319875717,0.5831028819084167,664.3680267333984,369.96888732910156,673.5429077148438,276.19764709472656,94.21902109508757,15.900052875518718,17.591804895479115,134.9914082327412,0.23907460445114798,False,False,INVALID_TRACK_SEGMENT,Valid-looking pose segment is too short to establish target identity continuity.,False,
74,2466.666666666667,17,1.0,0.39957255125045776,4,6,0.3356263265013695,0.493130698800087,656.5659332275391,353.3925018310547,658.6051483154297,263.4168167114258,89.99879060810368,18.320731951918074,19.659254338898197,134.9914082327412,0.03126295622983439,False,False,LOW_POSE_CONFIDENCE,Frame/core landmark confidence below threshold.,False,
75,2500.0,17,1.0,0.15775300562381744,4,6,0.0987670011818409,0.1667410507798195,666.9734344482422,320.03966522216797,663.2674560546875,248.8426055908203,71.29344693590826,34.93891514512194,15.301788890307023,134.9914082327412,0.138566920051276,False,False,LOW_POSE_CONFIDENCE,Frame/core landmark confidence below threshold.,False,
76,2533.333333333333,17,1.0,0.1748790442943573,4,6,0.18288535624742508,0.22673871368169785,660.8830718994141,297.60723876953125,663.9682769775391,227.83848571777344,69.8369343024968,23.24448907868538,21.015808373870115,134.9914082327412,0.010789669153612081,False,False,LOW_POSE_CONFIDENCE,Frame/core landmark confidence below threshold.,False,
77,2566.666666666667,17,1.0,0.7770767211914062,4,6,0.9768573939800262,0.9576922059059143,599.5598220825195,330.5640640258789,645.9266815185547,218.76471328735352,121.03297269552979,69.61819660895196,20.194863525775418,134.9914082327412,0.37925405078199453,False,False,VALID_TARGET,,True,4
78,2600.0,17,1.0,0.6406450867652893,4,6,0.9647524058818817,0.908272385597229,603.7856826782227,326.0899353027344,644.1005706787109,222.71441650390625,110.95849711229322,6.1543257636871385,4.351417734284064,134.9914082327412,0.07463049474872493,False,False,VALID_TARGET,,True,4
79,2633.3333333333335,17,1.0,0.7961025238037109,4,6,0.9675237536430359,0.9552140235900879,603.8614959716797,330.2524185180664,648.3847503662109,222.68616104125977,116.41657927222741,4.16317356993264,4.284272863153905,134.9914082327412,0.04043281147585194,False,False,VALID_TARGET,,True,4
80,2666.6666666666665,17,1.0,0.8355521559715271,4,6,0.9899174869060516,0.9785933196544647,574.0261001586914,332.3664779663086,633.7250213623047,221.32397842407227,126.07298639067285,29.91020044513879,14.722880015490784,134.9914082327412,0.07153349420428781,False,False,VALID_TARGET,,True,4
81,2700.0,17,1.0,0.8240954875946045,4,6,0.9860334992408752,0.9752546846866608,573.6018600463867,333.83712005615234,631.7594223022461,224.5325927734375,123.81349575891116,1.5306102800217587,3.762816193737838,134.9914082327412,0.016738032896627487,False,False,VALID_TARGET,,True,4
82,2733.3333333333335,17,1.0,0.8039027452468872,4,6,0.9886562526226044,0.9728545248508453,570.3864593505859,330.57057189941406,632.8810806274414,223.3100128173828,124.13865321940428,4.583572678036906,1.659162182375983,134.9914082327412,0.0024087270793746104,False,False,VALID_TARGET,,True,4
83,2766.6666666666665,17,1.0,0.822609007358551,4,6,0.9544040262699127,0.9285069406032562,574.2151641845703,371.08673095703125,595.9977416992188,247.03942108154297,125.94528879845836,40.69665988122257,43.85733128065748,134.9914082327412,0.01338333752277948,False,False,VALID_TARGET,,True,4
84,2800.0,17,1.0,0.7906575798988342,4,6,0.9447964131832123,0.9304403364658356,598.9704208374023,380.90191650390625,598.5633010864258,252.9826202392578,127.91994411871252,26.630069456671876,6.4733075933056465,134.9914082327412,0.014628007412513378,False,False,VALID_TARGET,,True,4
85,2833.3333333333335,17,1.0,0.8248757123947144,4,6,0.9694689214229584,0.971146434545517,570.9653091430664,398.6620178222656,591.654670715332,263.81461334228516,136.4253355401972,33.16183770315846,12.84761643996391,134.9914082327412,0.06300690934952234,False,False,VALID_TARGET,,True,4
86,2866.6666666666665,17,1.0,0.9412476420402527,4,6,0.9942558705806732,0.9930248856544495,566.8434371948242,385.3575439453125,590.7863235473633,249.12547302246094,138.32005984245185,13.928347120180268,14.714784067039682,134.9914082327412,0.014035888113619164,False,False,VALID_TARGET,,True,4
87,2900.0,17,1.0,0.9200422763824463,4,6,0.992842048406601,0.9912883341312408,568.7229919433594,384.5555419921875,587.5375823974609,251.29654693603516,134.58063968242686,2.043510016015916,3.9074135943448933,134.9914082327412,0.027701171570695723,False,False,VALID_TARGET,,True,4
88,2933.333333333333,17,1.0,0.9180834889411926,4,6,0.9960465133190155,0.9927451014518738,571.7223129272461,397.6799774169922,588.7014923095703,252.18873596191406,146.47864647325557,13.46279063137548,1.4665222607942932,134.9914082327412,0.08813899304106175,False,False,VALID_TARGET,,True,4
89,2966.666666666667,17,1.0,0.9674491286277771,4,6,0.9982036352157593,0.9974832534790039,523.5484848022461,378.16065979003906,560.2732391357422,228.8113136291504,153.798357531999,51.97808650613183,36.80583450269354,134.9914082327412,0.05422353284976013,False,False,VALID_TARGET,,True,4
90,3000.0,17,1.0,0.9651004672050476,4,6,0.9977887272834778,0.997031182050705,526.7915725708008,376.33978271484375,560.3740158081055,224.23969268798828,155.76333933234844,3.7193025686976395,4.5727315651986995,134.9914082327412,0.014556347148861408,False,False,VALID_TARGET,,True,4
91,3033.333333333333,17,1.0,0.9718109369277954,4,6,0.9976223409175873,0.997218668460846,523.7973556518555,374.2466583251953,557.8361968994141,227.18570709228516,150.94888568984163,3.6532868308195434,3.8883834280631726,134.9914082327412,0.03566488938470896,False,False,VALID_TARGET,,True,4
92,3066.666666666667,17,1.0,0.953773558139801,4,6,0.9972454011440277,0.9959871768951416,498.9041519165039,374.556396484375,552.2062759399414,222.04294204711914,161.55949433504313,24.895130647115973,7.625224083244435,134.9914082327412,0.07860210352726706,False,False,VALID_TARGET,,True,4
93,3100.0,17,1.0,0.9567909240722656,4,6,0.9973876178264618,0.996012806892395,500.09661865234375,368.9081726074219,554.0116729736328,219.86904525756836,158.49130753348402,5.772729846465008,2.8258247824097165,134.9914082327412,0.02272875616105278,False,False,VALID_TARGET,,True,4
94,3133.3333333333335,17,1.0,0.9601553082466125,4,6,0.9970918297767639,0.9955412149429321,501.1703567504883,365.96947479248047,553.8359222412109,216.97293853759766,158.03047049354186,3.128715127803813,2.9014345509430832,134.9914082327412,0.0034138249683833607,False,False,VALID_TARGET,,True,4
95,3166.6666666666665,17,1.0,0.8991817831993103,4,6,0.9866835176944733,0.9922477304935455,460.292423248291,390.9504089355469,509.8545150756836,251.57820892333984,147.92231434962588,47.906706399733665,55.96328184381457,134.9914082327412,0.07487999626234224,False,False,VALID_TARGET,,True,4
96,3200.0,17,1.0,0.9033652544021606,4,6,0.983640193939209,0.9911030232906342,457.1287307739258,392.59107971191406,507.39454650878906,253.3749008178711,148.01282612445925,3.5638112560544686,3.0462349078794673,134.9914082327412,0.0006705002638191658,False,False,VALID_TARGET,,True,4
97,3233.3333333333335,17,1.0,0.8536319732666016,4,6,0.974538266658783,0.9913408160209656,458.46163177490234,394.1972961425781,506.26029205322266,256.9733123779297,145.31047327926083,2.0872365224237344,3.7729430058689686,134.9914082327412,0.020018702527639702,False,False,VALID_TARGET,,True,4
98,3266.6666666666665,17,1.0,0.9261486530303955,4,6,0.9910286366939545,0.991236001253128,421.1152229309082,383.36456298828125,444.4682922363281,250.93833923339844,134.46958981108716,38.8857603903404,62.086006009617876,134.9914082327412,0.0803079515214976,False,False,VALID_TARGET,,True,4
99,3300.0,17,1.0,0.9019342064857483,4,6,0.9694572985172272,0.9795957207679749,415.7880210876465,380.5712585449219,443.7227325439453,247.0886688232422,136.37430059565088,6.015116723068829,3.921201540566175,134.9914082327412,0.014109866764851962,False,False,VALID_TARGET,,True,4
100,3333.3333333333335,17,1.0,0.8007866740226746,4,6,0.9661247730255127,0.9605783224105835,424.2118282318115,379.0753631591797,447.13565826416016,252.43274688720703,128.7006380697552,8.555596402774661,6.340917309463532,134.9914082327412,0.056845562442502814,False,True,TARGET_IDENTITY_UNCERTAIN,Temporal/body-scale discontinuity suggests target identity uncertainty.,False,
101,3366.6666666666665,17,1.0,0.9137123823165894,4,6,0.9936660826206207,0.9910391271114349,509.61798095703125,304.1771926879883,525.356071472168,182.6169090270996,122.57483451662642,113.59554068384553,104.8460025873199,134.9914082327412,0.04537921067218711,True,True,TARGET_IDENTITY_UNCERTAIN,Temporal/body-scale discontinuity suggests target identity uncertainty.,False,
102,3400.0,17,1.0,0.7935537695884705,4,6,0.9867936074733734,0.9621378183364868,512.1344833374023,307.1045837402344,524.8703956604004,180.19932174682617,127.54273395342703,3.860363014430621,2.4658891402242746,134.9914082327412,0.03680159724117671,False,True,TARGET_IDENTITY_UNCERTAIN,Temporal/body-scale discontinuity suggests target identity uncertainty.,False,
103,3433.333333333333,17,1.0,0.8347312211990356,4,6,0.9936888813972473,0.9830262362957001,508.8470001220703,302.78653717041016,523.8637924194336,186.30706787109375,117.44347925343723,5.427068460067602,6.190138350895761,134.9914082327412,0.07481405544401379,False,False,VALID_TARGET,,True,5
104,3466.666666666667,17,1.0,0.9145748615264893,4,6,0.9903818964958191,0.9411933124065399,509.8221206665039,298.1461944580078,504.1463737487793,184.13164901733398,114.15572992678702,4.741691740794841,19.837062439362338,134.9914082327412,0.02435524875021486,False,False,VALID_TARGET,,True,5
105,3500.0,17,1.0,0.9335184693336487,4,6,0.9940322041511536,0.9543175101280212,506.6152229309082,306.14908599853516,504.3434371948242,182.61569595336914,123.5542774107064,8.621511821949383,1.528707851066219,134.9914082327412,0.06962330126755309,False,False,VALID_TARGET,,True,5
106,3533.333333333333,17,1.0,0.9118883013725281,4,6,0.9898861050605774,0.9416513442993164,503.698486328125,297.7745590209961,505.0475883483887,181.82163619995117,115.9607708969041,8.867922784257024,1.0613009653554242,134.9914082327412,0.05625177641461599,False,False,VALID_TARGET,,True,5
107,3566.666666666667,17,1.0,0.9361006021499634,4,6,0.9898455142974854,0.98130863904953,501.2519645690918,317.34788513183594,491.49809646606445,187.28688049316406,130.4262353615709,19.725632151054317,14.610189097122117,134.9914082327412,0.10715840847979463,False,False,VALID_TARGET,,True,5
108,3600.0,17,1.0,0.8791037201881409,4,6,0.9486282467842102,0.9201039671897888,499.8001937866211,316.9797821044922,498.85143852233887,187.0979461669922,129.88530110465607,1.4977110013534758,7.355768863700113,134.9914082327412,0.004007175449138132,False,False,VALID_TARGET,,True,5
109,3633.3333333333335,17,1.0,0.8136747479438782,4,6,0.9351145327091217,0.7924536466598511,498.35108947753906,299.5188446044922,494.8087122440338,189.36785507202148,110.2079349749687,17.520965774679954,4.636391074794007,134.9914082327412,0.1457675446704079,False,False,VALID_TARGET,,True,5
110,3666.6666666666665,17,1.0,0.4014676809310913,4,6,0.4966700077056885,0.31086671352386475,510.17390632629395,346.6373291015625,498.062686920166,188.07929229736328,159.0199128119028,48.57911670193127,3.4998207407158035,134.9914082327412,0.36159321897565855,False,False,VALID_TARGET,,True,5
111,3700.0,17,1.0,0.10830264538526535,4,6,0.21270550414919853,0.058461420238018036,509.59667587280273,355.97789001464844,506.40176916122437,217.5723991394043,138.44236105077442,9.358379836676136,30.649366124263995,134.9914082327412,0.15243601078411032,False,False,LOW_POSE_CONFIDENCE,Frame/core landmark confidence below threshold.,False,
112,3733.3333333333335,17,1.0,0.1936466544866562,4,6,0.19871138781309128,0.12354175746440887,512.2684524059296,332.77921295166016,506.0,217.92449569702148,115.02564744963793,23.352023623570307,0.5342194724987133,134.9914082327412,0.17346817777293871,False,False,LOW_POSE_CONFIDENCE,Frame/core landmark confidence below threshold.,False,
113,3766.6666666666665,17,1.0,0.0623849518597126,4,6,0.09649400040507317,0.08137708157300949,523.8933568000793,332.08570861816406,520.0,264.5503463745117,67.64749352750674,11.645572138529765,48.68233716040774,134.9914082327412,0.35097162510109997,False,True,TARGET_IDENTITY_UNCERTAIN,Temporal/body-scale discontinuity suggests target identity uncertainty.,False,
114,3800.0,17,1.0,0.3551349341869354,4,6,0.4930524379014969,0.20216863602399826,500.2218042612076,306.93009185791016,496.2853014469147,185.87325286865234,121.12082529638752,34.54196656517016,82.17342617898713,134.9914082327412,0.39612396425027596,True,True,TARGET_IDENTITY_UNCERTAIN,Temporal/body-scale discontinuity suggests target identity uncertainty.,False,
115,3833.3333333333335,17,1.0,0.48196446895599365,4,6,0.6738103330135345,0.34382006525993347,476.4434223175049,292.5339813232422,479.15739011764526,191.18541717529297,101.38489569985845,27.79675244317193,17.932775471857724,134.9914082327412,0.14620137573868397,False,True,TARGET_IDENTITY_UNCERTAIN,Temporal/body-scale discontinuity suggests target identity uncertainty.,False,
116,3866.6666666666665,17,1.0,0.4474831223487854,4,6,0.6900375783443451,0.1870896890759468,453.4906368255615,304.8784713745117,462.87172412872314,173.48588180541992,131.72705641841904,26.061788051955645,24.051953538374416,134.9914082327412,0.22477105110457923,False,False,VALID_TARGET,,True,6
117,3900.0,17,1.0,0.566798746585846,4,6,0.7278004586696625,0.3412158191204071,439.1048936843872,295.76318359375,442.1678057909012,176.27956008911133,119.52287528490298,17.030504309912487,20.89155027497886,134.9914082327412,0.0904070954832518,False,False,VALID_TARGET,,True,6
118,3933.333333333333,17,1.0,0.5432583093643188,4,6,0.8455365598201752,0.42297856509685516,431.12787342071533,306.6044387817383,437.549916267395,177.17279434204102,129.59086856985257,13.459779579848792,4.703484993269868,134.9914082327412,0.07458247466824836,False,False,VALID_TARGET,,True,6
119,3966.666666666667,17,1.0,0.44788095355033875,4,6,0.7600312232971191,0.4616517126560211,395.96207904815674,319.9498596191406,402.5544900894165,163.76747131347656,156.3214582205468,37.612941272658354,37.47509224643089,134.9914082327412,0.19801697012159103,False,False,VALID_TARGET,,True,6
120,4000.0,17,1.0,0.4239446520805359,4,6,0.8909680843353271,0.6036500930786133,383.10365772247314,304.7082061767578,376.97578409314156,165.6729965209961,139.1701848789412,19.9410882011613,25.649585313614025,134.9914082327412,0.1270545552946211,False,False,VALID_TARGET,,True,6
121,4033.333333333333,17,1.0,0.8450096249580383,4,6,0.946360170841217,0.9105423092842102,379.59122467041016,294.6202163696289,379.2731523513794,162.45087814331055,132.1697209544723,10.681981290657705,3.957265186183218,134.9914082327412,0.051858588751065346,False,False,VALID_TARGET,,True,6
122,4066.6666666666665,17,1.0,0.8425620198249817,4,6,0.9889214932918549,0.9614234566688538,373.9008598327637,300.5347900390625,372.93628120422363,167.82602310180664,132.71227235616732,8.207462072814023,8.309519797226622,134.9914082327412,0.004019155061776959,False,False,VALID_TARGET,,True,6
123,4100.0,17,1.0,0.8228670358657837,4,6,0.9909924566745758,0.9671916961669922,374.25632095336914,304.0386199951172,366.63087463378906,161.19551849365234,143.0464927152378,3.5218144427565017,9.149958654400292,134.9914082327412,0.07655465258391159,False,False,VALID_TARGET,,True,6
124,4133.333333333334,17,1.0,0.8943675756454468,4,6,0.9925811290740967,0.9899995625019073,375.57593154907227,292.5788116455078,368.1570167541504,158.5038833618164,134.28003087209692,11.535535511369583,3.094189628072985,134.9914082327412,0.06494088740837838,False,False,VALID_TARGET,,True,6
125,4166.666666666667,17,1.0,0.8971354961395264,4,6,0.9694792628288269,0.8549608290195465,398.4516143798828,312.93687438964844,411.59952545166016,171.45722579956055,142.08926254550738,30.6226645422995,45.33255609650392,134.9914082327412,0.057849842265119744,False,True,TARGET_IDENTITY_UNCERTAIN,Temporal/body-scale discontinuity suggests target identity uncertainty.,False,
126,4200.0,17,1.0,0.6467109322547913,4,6,0.9520998299121857,0.427554190158844,287.7582130432129,435.5157012939453,263.4652690887451,289.74315643310547,147.78288791731092,165.1623380335682,189.56613435431348,134.9914082327412,0.04217768705684623,True,True,TARGET_IDENTITY_UNCERTAIN,Temporal/body-scale discontinuity suggests target identity uncertainty.,False,
127,4233.333333333333,17,1.0,0.7664633393287659,4,6,0.9854249060153961,0.7221071422100067,283.0996284484863,423.22804260253906,262.92802810668945,285.4691619873047,139.2278802852057,13.141117400842107,4.307627699272079,134.9914082327412,0.06337446022753798,False,True,TARGET_IDENTITY_UNCERTAIN,Temporal/body-scale discontinuity suggests target identity uncertainty.,False,
128,4266.666666666667,17,1.0,0.9013674855232239,4,6,0.9811282157897949,0.7073890864849091,338.39915466308594,433.0574188232422,317.09205627441406,314.7255401611328,120.23487825688817,56.16630873083359,61.56035746488248,134.9914082327412,0.14069785830792547,False,False,INVALID_TRACK_SEGMENT,Valid-looking pose segment is too short to establish target identity continuity.,False,
129,4300.0,17,1.0,0.8825210332870483,4,6,0.9582830667495728,0.5826563239097595,340.8203125,437.8407745361328,316.24291229248047,317.3967819213867,122.92601009526663,5.361202957107086,2.8029588016555698,134.9914082327412,0.019935578668374487,False,False,INVALID_TRACK_SEGMENT,Valid-looking pose segment is too short to establish target identity continuity.,False,
130,4333.333333333333,17,1.0,0.6615378260612488,4,6,0.7921151518821716,0.3564831465482712,340.7065887451172,436.0169372558594,317.86551666259766,317.9237060546875,120.28185993495565,1.8273794125303742,1.706016994105913,134.9914082327412,0.019587544088377512,False,False,INVALID_TRACK_SEGMENT,Valid-looking pose segment is too short to establish target identity continuity.,False,
131,4366.666666666666,0,0.0,,0,0,,,,,,,,,,134.9914082327412,,False,False,TARGET_NOT_FOUND,No observed landmarks returned by pose backend.,False,
132,4400.0,0,0.0,,0,0,,,,,,,,,,134.9914082327412,,False,False,TARGET_NOT_FOUND,No observed landmarks returned by pose backend.,False,
133,4433.333333333334,0,0.0,,0,0,,,,,,,,,,134.9914082327412,,False,False,TARGET_NOT_FOUND,No observed landmarks returned by pose backend.,False,
134,4466.666666666667,0,0.0,,0,0,,,,,,,,,,134.9914082327412,,False,False,TARGET_NOT_FOUND,No observed landmarks returned by pose backend.,False,
135,4500.0,17,1.0,0.8296241760253906,4,6,0.956881582736969,0.9577293992042542,434.5172805786133,426.74810791015625,415.9210891723633,363.3194046020508,66.09855322293791,,,134.9914082327412,,False,False,INVALID_TRACK_SEGMENT,Valid-looking pose segment is too short to establish target identity continuity.,False,
136,4533.333333333333,17,1.0,0.919143557548523,4,6,0.9695990681648254,0.9247828423976898,450.7198715209961,398.69969177246094,452.6172409057617,304.109130859375,94.60958843814123,32.39193728506389,69.65963012192357,134.9914082327412,0.21120629518914946,False,False,INVALID_TRACK_SEGMENT,Valid-looking pose segment is too short to establish target identity continuity.,False,
137,4566.666666666666,0,0.0,,0,0,,,,,,,,,,134.9914082327412,,False,False,TARGET_NOT_FOUND,No observed landmarks returned by pose backend.,False,
138,4600.0,0,0.0,,0,0,,,,,,,,,,134.9914082327412,,False,False,TARGET_NOT_FOUND,No observed landmarks returned by pose backend.,False,
139,4633.333333333334,17,1.0,0.030356114730238914,4,6,0.1279929457232356,0.006843432551249862,595.0078735351562,340.409912109375,591.4682312011719,257.2252426147461,83.25994419156896,,,134.9914082327412,,False,False,LOW_POSE_CONFIDENCE,Frame/core landmark confidence below threshold.,False,
140,4666.666666666667,0,0.0,,0,0,,,,,,,,,,134.9914082327412,,False,False,TARGET_NOT_FOUND,No observed landmarks returned by pose backend.,False,
141,4700.0,17,1.0,0.6582633256912231,4,6,0.8011487126350403,0.7064672112464905,590.5725708007812,432.23277282714844,600.4839172363281,318.31932067871094,114.3438208585833,,,134.9914082327412,,False,False,INVALID_TRACK_SEGMENT,Valid-looking pose segment is too short to establish target identity continuity.,False,
142,4733.333333333333,0,0.0,,0,0,,,,,,,,,,134.9914082327412,,False,False,TARGET_NOT_FOUND,No observed landmarks returned by pose backend.,False,
143,4766.666666666667,17,1.0,0.8085756301879883,4,6,0.8547755479812622,0.7193809449672699,663.1679992675781,511.7779998779297,643.1738815307617,428.7175521850586,85.43303058544659,,,134.9914082327412,,False,False,INVALID_TRACK_SEGMENT,Valid-looking pose segment is too short to establish target identity continuity.,False,
144,4800.0,17,1.0,0.7229217290878296,4,6,0.865679919719696,0.8526696860790253,668.943473815918,495.8175354003906,644.5535354614258,410.19092559814453,89.03249630984203,16.973288797322326,18.577926086066437,134.9914082327412,0.026664406064936648,False,True,TARGET_IDENTITY_UNCERTAIN,Temporal/body-scale discontinuity suggests target identity uncertainty.,False,
145,4833.333333333333,17,1.0,0.8653349280357361,4,6,0.9342409670352936,0.8414331078529358,655.7191543579102,373.6269989013672,646.2312698364258,265.05029678344727,108.99045919481456,122.90406760985017,145.15032526783668,134.9914082327412,0.14784617144346426,True,True,TARGET_IDENTITY_UNCERTAIN,Temporal/body-scale discontinuity suggests target identity uncertainty.,False,
146,4866.666666666666,17,1.0,0.6407670974731445,4,6,0.9332276582717896,0.9291354119777679,676.8839874267578,446.0049285888672,667.7289886474609,320.73628997802734,125.60273015369579,75.40898397857434,59.69155511582148,134.9914082327412,0.12306169093546827,True,True,TARGET_IDENTITY_UNCERTAIN,Temporal/body-scale discontinuity suggests target identity uncertainty.,False,
147,4900.0,17,1.0,0.6868529319763184,4,6,0.9105396270751953,0.9589636325836182,684.1320190429688,478.6238098144531,685.1042556762695,384.14525604248047,94.48355606619948,33.41444859216558,65.74645908096778,134.9914082327412,0.23052707201811803,False,True,TARGET_IDENTITY_UNCERTAIN,Temporal/body-scale discontinuity suggests target identity uncertainty.,False,
148,4933.333333333334,17,1.0,0.7784776091575623,4,6,0.942995548248291,0.9455382227897644,676.9203567504883,355.02025604248047,652.8329696655273,272.5816707611084,85.88552008211163,123.81375762847084,116.13728712873012,134.9914082327412,0.06369320904678484,True,True,TARGET_IDENTITY_UNCERTAIN,Temporal/body-scale discontinuity suggests target identity uncertainty.,False,
149,4966.666666666667,17,1.0,0.7090117931365967,4,6,0.9311266243457794,0.7032507061958313,717.4448394775391,385.0137176513672,669.7725296020508,276.50639152526855,118.5178845233921,50.41667818865894,17.388275472849507,134.9914082327412,0.2417366028585938,False,True,TARGET_IDENTITY_UNCERTAIN,Temporal/body-scale discontinuity suggests target identity uncertainty.,False,
150,5000.0,0,0.0,,0,0,,,,,,,,,,134.9914082327412,,False,False,TARGET_NOT_FOUND,No observed landmarks returned by pose backend.,False,
151,5033.333333333333,0,0.0,,0,0,,,,,,,,,,134.9914082327412,,False,False,TARGET_NOT_FOUND,No observed landmarks returned by pose backend.,False,
152,5066.666666666666,0,0.0,,0,0,,,,,,,,,,134.9914082327412,,False,False,TARGET_NOT_FOUND,No observed landmarks returned by pose backend.,False,
153,5100.0,0,0.0,,0,0,,,,,,,,,,134.9914082327412,,False,False,TARGET_NOT_FOUND,No observed landmarks returned by pose backend.,False,
154,5133.333333333334,0,0.0,,0,0,,,,,,,,,,134.9914082327412,,False,False,TARGET_NOT_FOUND,No observed landmarks returned by pose backend.,False,
155,5166.666666666667,0,0.0,,0,0,,,,,,,,,,134.9914082327412,,False,False,TARGET_NOT_FOUND,No observed landmarks returned by pose backend.,False,
156,5200.0,0,0.0,,0,0,,,,,,,,,,134.9914082327412,,False,False,TARGET_NOT_FOUND,No observed landmarks returned by pose backend.,False,
157,5233.333333333333,0,0.0,,0,0,,,,,,,,,,134.9914082327412,,False,False,TARGET_NOT_FOUND,No observed landmarks returned by pose backend.,False,
158,5266.666666666667,0,0.0,,0,0,,,,,,,,,,134.9914082327412,,False,False,TARGET_NOT_FOUND,No observed landmarks returned by pose backend.,False,
159,5300.0,0,0.0,,0,0,,,,,,,,,,134.9914082327412,,False,False,TARGET_NOT_FOUND,No observed landmarks returned by pose backend.,False,
160,5333.333333333333,0,0.0,,0,0,,,,,,,,,,134.9914082327412,,False,False,TARGET_NOT_FOUND,No observed landmarks returned by pose backend.,False,
161,5366.666666666666,0,0.0,,0,0,,,,,,,,,,134.9914082327412,,False,False,TARGET_NOT_FOUND,No observed landmarks returned by pose backend.,False,
162,5400.0,0,0.0,,0,0,,,,,,,,,,134.9914082327412,,False,False,TARGET_NOT_FOUND,No observed landmarks returned by pose backend.,False,
163,5433.333333333334,0,0.0,,0,0,,,,,,,,,,134.9914082327412,,False,False,TARGET_NOT_FOUND,No observed landmarks returned by pose backend.,False,
164,5466.666666666667,17,1.0,0.2570257782936096,4,6,0.24574140459299088,0.8038967251777649,691.6507263183594,439.2290496826172,698.5841217041016,391.76037979125977,47.97235237957061,,,134.9914082327412,,False,False,LOW_POSE_CONFIDENCE,Frame/core landmark confidence below threshold.,False,
165,5500.0,17,1.0,0.14161425828933716,4,6,0.1414710059762001,0.7064541280269623,688.2392425537109,421.1763114929199,699.6783905029297,387.0515327453613,35.9910354168082,18.37225020573729,4.834321535205865,134.9914082327412,0.08875614470296653,False,False,LOW_POSE_CONFIDENCE,Frame/core landmark confidence below threshold.,False,
166,5533.333333333333,17,1.0,0.14214326441287994,4,6,0.14335015416145325,0.6873999238014221,687.5321655273438,424.04784774780273,699.4731750488281,387.0222396850586,38.90351347639599,2.9573093149555176,0.20729560049361911,134.9914082327412,0.021575284662312233,False,False,LOW_POSE_CONFIDENCE,Frame/core landmark confidence below threshold.,False,
167,5566.666666666666,0,0.0,,0,0,,,,,,,,,,134.9914082327412,,False,False,TARGET_NOT_FOUND,No observed landmarks returned by pose backend.,False,
168,5600.0,0,0.0,,0,0,,,,,,,,,,134.9914082327412,,False,False,TARGET_NOT_FOUND,No observed landmarks returned by pose backend.,False,
169,5633.333333333334,0,0.0,,0,0,,,,,,,,,,134.9914082327412,,False,False,TARGET_NOT_FOUND,No observed landmarks returned by pose backend.,False,
170,5666.666666666667,0,0.0,,0,0,,,,,,,,,,134.9914082327412,,False,False,TARGET_NOT_FOUND,No observed landmarks returned by pose backend.,False,
171,5700.0,17,1.0,0.02446664683520794,4,6,0.019689886830747128,0.02627400401979685,562.926155090332,470.6636657714844,576.1091384887695,414.14148330688477,58.039195048216946,,,134.9914082327412,,False,False,LOW_POSE_CONFIDENCE,Frame/core landmark confidence below threshold.,False,
172,5733.333333333333,17,1.0,0.021708691492676735,4,6,0.018257266841828823,0.024535391479730606,558.9212112426758,469.67579650878906,577.234748840332,425.82321548461914,47.52298940325784,4.124980109413599,11.735836797427755,134.9914082327412,0.07790277753698162,False,False,LOW_POSE_CONFIDENCE,Frame/core landmark confidence below threshold.,False,
173,5766.666666666667,0,0.0,,0,0,,,,,,,,,,134.9914082327412,,False,False,TARGET_NOT_FOUND,No observed landmarks returned by pose backend.,False,
174,5800.0,0,0.0,,0,0,,,,,,,,,,134.9914082327412,,False,False,TARGET_NOT_FOUND,No observed landmarks returned by pose backend.,False,
175,5833.333333333333,0,0.0,,0,0,,,,,,,,,,134.9914082327412,,False,False,TARGET_NOT_FOUND,No observed landmarks returned by pose backend.,False,
176,5866.666666666666,17,1.0,0.5673709511756897,4,6,0.582085520029068,0.8045749366283417,615.5038909912109,401.9661560058594,632.9574279785156,347.7647476196289,56.94223936954137,,,134.9914082327412,,False,False,INVALID_TRACK_SEGMENT,Valid-looking pose segment is too short to establish target identity continuity.,False,
177,5900.0,17,1.0,0.44817155599594116,4,6,0.4758681207895279,0.8029121458530426,616.3428955078125,403.1568603515625,631.5789794921875,353.6598529815674,51.788917673226955,1.456607502985663,6.054121526515311,134.9914082327412,0.03817518287852421,False,False,INVALID_TRACK_SEGMENT,Valid-looking pose segment is too short to establish target identity continuity.,False,
178,5933.333333333334,17,1.0,0.47535109519958496,4,6,0.5005553066730499,0.8305774331092834,612.071403503418,405.56558990478516,624.8625411987305,359.3750305175781,47.92891590724272,4.90383747734105,8.81894538014256,134.9914082327412,0.028594425500985482,False,False,INVALID_TRACK_SEGMENT,Valid-looking pose segment is too short to establish target identity continuity.,False,
179,5966.666666666667,0,0.0,,0,0,,,,,,,,,,134.9914082327412,,False,False,TARGET_NOT_FOUND,No observed landmarks returned by pose backend.,False,
