source_frame,candidate_id,bbox_x1,bbox_y1,bbox_x2,bbox_y2,bbox_center_x,bbox_center_y,human_roi_iou,fraction_candidate_inside_roi,candidate_center_inside_roi,pelvis_midpoint_x,pelvis_midpoint_y,pelvis_midpoint_available,distance_candidate_center_to_roi_center,distance_pelvis_to_roi_center,mean_keypoint_confidence,median_keypoint_confidence,supported_keypoint_count,shoulder_midpoint_available,hip_midpoint_available,previous_supported_target_frame,continuity_distance_from_previous_supported_target,body_scale_ratio_vs_previous_supported_target,candidate_rank,accepted_or_rejected,rejection_reason
90,0,853.7723388671875,349.9021911621094,1047.3941650390625,716.7235107421875,950.583251953125,533.3128509521484,0.0,0.0,False,951.8720703125,581.1028137207031,True,426.7796288107215,449.2982398480945,0.7265082001686096,0.8770131468772888,15,True,True,89,468.9051151668926,0.9397260467126572,3,REJECTED_NOT_SELECTED,Not selected by current target association.
90,1,367.1614990234375,150.51104736328125,637.3585205078125,587.4622802734375,502.260009765625,368.9866638183594,0.42728591453287273,0.771442202911181,True,531.704833984375,372.2484130859375,True,58.22152997621789,30.300166875517448,0.7990075945854187,0.9567003846168518,15,True,True,89,3.8486928914579965,0.9709778926509656,1,ACCEPTED,
90,2,539.5675048828125,306.5253601074219,769.8865966796875,719.632568359375,654.72705078125,513.0789642333984,0.2832613828085136,0.6526465891348868,True,665.8700256347656,512.343017578125,True,178.87756934932534,184.4183185129494,0.8813841342926025,0.9164655208587646,17,True,True,89,192.4042639475275,0.8864586296993822,2,REJECTED_NOT_SELECTED,Not selected by current target association.
91,0,854.9476318359375,349.8517150878906,1047.3037109375,716.7366943359375,951.1256713867188,533.2942047119141,0.0,0.0,False,951.9306335449219,580.8421630859375,True,428.055691367157,449.9791754701995,0.7270874977111816,0.8766451478004456,15,True,True,90,467.75575945023456,0.9345744907109319,3,REJECTED_NOT_SELECTED,Not selected by current target association.
91,1,367.03997802734375,150.5836181640625,637.3693237304688,587.4781494140625,502.20465087890625,369.0308837890625,0.42947918493785703,0.7775188283032121,True,531.8537292480469,372.2740478515625,True,57.46848601562044,29.42330014017012,0.7996010780334473,0.9566051363945007,15,True,True,90,5.145158472378605,0.9660695854039295,1,ACCEPTED,
91,2,539.87841796875,306.47979736328125,769.9072265625,719.6193237304688,654.892822265625,513.049560546875,0.2812038417762938,0.6526114065151406,True,665.8410339355469,512.2994995117188,True,179.4390672779556,184.89885874287,0.8825228810310364,0.919161319732666,17,True,True,90,190.95800049271324,0.8818435286835863,2,REJECTED_NOT_SELECTED,Not selected by current target association.
92,0,505.2966613769531,311.3206481933594,759.34716796875,718.0206298828125,632.3219146728516,514.6706390380859,0.34742128844074466,0.7292601526147745,True,642.8421325683594,517.9092712402344,True,170.36212248145014,178.03202914074905,0.8708023428916931,0.9013346433639526,17,True,True,91,177.70596704738475,0.8900921084782442,2,REJECTED_NOT_SELECTED,Not selected by current target association.
92,1,346.85052490234375,146.31768798828125,634.2426147460938,565.2289428710938,490.54656982421875,355.7733154296875,0.3942875839687077,0.7265106520039415,True,500.32725524902344,368.88917541503906,True,67.99108120955893,58.49660689059653,0.7706131339073181,0.9530224204063416,15,True,True,91,34.072124071757074,0.9253006003669533,1,ACCEPTED,
92,2,785.1547241210938,353.091064453125,970.0508422851562,718.8765869140625,877.602783203125,535.9838256835938,0.0,0.0,False,888.1002197265625,623.9071960449219,True,363.9837663477885,421.615600290596,0.7029685378074646,0.8664372563362122,15,True,True,91,431.7631185608748,0.9991428512293327,3,REJECTED_NOT_SELECTED,Not selected by current target association.
93,0,505.32855224609375,311.36651611328125,759.3408813476562,717.8471069335938,632.334716796875,514.6068115234375,0.3455096591771793,0.7300068041493112,True,643.0406799316406,517.9954223632812,True,170.73304196840965,178.65735318081653,0.8745258450508118,0.9088677763938904,17,True,True,92,211.2163084841098,0.9652942657408038,2,REJECTED_NOT_SELECTED,Not selected by current target association.
93,1,346.7642822265625,146.24505615234375,634.2664794921875,565.106689453125,490.515380859375,355.6758728027344,0.39635395872164647,0.7323465655296812,True,500.16485595703125,369.07444763183594,True,67.19723141136754,57.868768897872464,0.7722371220588684,0.9543544054031372,15,True,True,92,13.865730071924729,1.0066593309341452,1,ACCEPTED,
93,2,784.7716674804688,353.06365966796875,970.0463256835938,718.8703002929688,877.4089965820312,535.9669799804688,0.0,0.0,False,887.9501037597656,624.0706481933594,True,364.5662300197459,422.2912845583359,0.7039700150489807,0.8674796223640442,15,True,True,92,465.713261598336,1.0849733823855934,3,REJECTED_NOT_SELECTED,Not selected by current target association.
94,0,505.3350524902344,311.3426513671875,759.3536376953125,717.861572265625,632.3443450927734,514.6021118164062,0.34363008857345745,0.7303886741661583,True,643.0242614746094,517.9819641113281,True,171.1589366481919,179.09554898727959,0.874984860420227,0.9109734296798706,17,True,True,93,209.88181794321756,0.961158337819895,2,REJECTED_NOT_SELECTED,Not selected by current target association.
94,1,346.87725830078125,146.18235778808594,634.3800048828125,565.0372314453125,490.6286315917969,355.6097946166992,0.3987570964319336,0.738771166870246,True,500.21238708496094,369.12501525878906,True,66.25697578815347,57.01602758854167,0.7723110914230347,0.9541570544242859,15,True,True,93,13.81212157445507,1.001765900509833,1,ACCEPTED,
94,2,784.765380859375,353.0345458984375,970.0535888671875,718.86474609375,877.4094848632812,535.9496459960938,0.0,0.0,False,887.9374389648438,624.0863647460938,True,365.31920823106447,422.9828535702632,0.7039498686790466,0.8679404258728027,15,True,True,93,464.34252051313626,1.0805168545148038,3,REJECTED_NOT_SELECTED,Not selected by current target association.
95,0,496.7008972167969,325.55108642578125,741.79443359375,715.7957153320312,619.2476654052734,520.6734008789062,0.3572710955981811,0.7944289161132333,True,603.8619079589844,541.2413024902344,True,171.78899265465944,186.5133571845913,0.6896697282791138,0.8485630750656128,13,True,True,94,206.54578003637243,0.9437541063158765,1,REJECTED_NOT_SELECTED,Not selected by current target association.
95,1,330.7181396484375,223.26380920410156,607.854248046875,580.4853515625,469.28619384765625,401.8745803833008,0.29785539657795435,0.6769487788852621,True,452.8527069091797,395.66644287109375,True,95.70158914251817,108.64858384654023,0.7519304752349854,0.9395732879638672,15,True,True,94,64.67661434778135,0.8564422738141684,2,ACCEPTED,
95,2,707.3399047851562,385.62628173828125,852.1296997070312,718.8213500976562,779.7348022460938,552.2238159179688,0.0,0.0,False,783.6350708007812,617.9540100097656,True,294.43701315022855,343.38209359890806,0.5077157020568848,0.5550084710121155,11,True,True,94,379.31726476213646,0.9062284927711363,4,REJECTED_NOT_SELECTED,Not selected by current target association.
95,3,497.77423095703125,138.6245880126953,642.9901733398438,431.35223388671875,570.3822021484375,284.98841094970703,0.22023245159385407,1.0,True,537.627197265625,299.6044464111328,True,77.41100128847545,64.05508844796796,0.7475177645683289,0.8986490964889526,15,True,True,94,67.34496947617833,0.6854929366872206,3,REJECTED_NOT_SELECTED,Not selected by current target association.
96,0,496.5306091308594,325.49346923828125,741.8150634765625,715.8120727539062,619.1728363037109,520.6527709960938,0.3555209464905751,0.7948056345616501,True,603.8290710449219,541.1990051269531,True,172.11251477600052,186.74436481414716,0.6896821856498718,0.8484713435173035,13,True,True,95,217.6281844669354,1.0294027338765799,1,REJECTED_NOT_SELECTED,Not selected by current target association.
96,1,330.59466552734375,223.7560577392578,608.039306640625,580.4306030273438,469.3169860839844,402.0933303833008,0.2994444691153492,0.6831127659523525,True,452.8270263671875,395.6297302246094,True,95.0472602129557,107.89629261575152,0.7510206699371338,0.939280092716217,15,True,True,95,28.4842904803392,0.933928969691916,2,ACCEPTED,
96,2,707.3557739257812,385.6160583496094,852.1463012695312,718.8133544921875,779.7510375976562,552.2147064208984,0.0,0.0,False,783.5627746582031,617.6426391601562,True,295.11880514978856,343.7029515514018,0.5078516006469727,0.5564314723014832,11,True,True,95,400.4904292327155,0.9876050361492121,4,REJECTED_NOT_SELECTED,Not selected by current target association.
96,3,497.4603576660156,138.630126953125,643.0836181640625,431.8250732421875,570.2719879150391,285.22760009765625,0.21964096161424546,1.0,True,537.49072265625,299.6063232421875,True,77.2491328652264,63.794965148461195,0.7471215128898621,0.8983128666877747,15,True,True,95,100.0680240669711,0.747794781145434,3,REJECTED_NOT_SELECTED,Not selected by current target association.
97,0,496.53546142578125,325.48614501953125,741.6956176757812,715.8212280273438,619.1155395507812,520.6536865234375,0.35351612856292414,0.7954897848027769,True,603.831298828125,541.1447448730469,True,172.46531197459777,186.97626646465596,0.6898415088653564,0.8486183881759644,13,True,True,96,216.86058891190441,1.019801681832829,1,REJECTED_NOT_SELECTED,Not selected by current target association.
97,1,330.63397216796875,223.62184143066406,608.10595703125,580.431884765625,469.3699645996094,402.02686309814453,0.30139915193913774,0.6895348159379556,True,452.8130340576172,395.63841247558594,True,94.25232864809172,107.14842477596979,0.7510891556739807,0.9391850233078003,15,True,True,96,28.092831966215577,0.9256779199722966,2,REJECTED_SELECTED_CANDIDATE,Temporal/body-scale discontinuity suggests target identity uncertainty.
97,2,707.4000244140625,385.642578125,852.1414794921875,718.7886962890625,779.770751953125,552.2156372070312,0.0,0.0,False,783.5230102539062,617.7625122070312,True,295.81060589328837,344.36860043599785,0.5079951882362366,0.5574979186058044,11,True,True,96,399.86697414150734,0.9786430077513287,4,REJECTED_NOT_SELECTED,Not selected by current target association.
97,3,497.34649658203125,138.63571166992188,643.0720825195312,431.9072570800781,570.2092895507812,285.271484375,0.21831008834100157,1.0,True,537.5536193847656,299.5939483642578,True,77.29577852907512,63.50271255236138,0.7472750544548035,0.8985899686813354,15,True,True,96,100.39015865060541,0.7412262920627193,3,REJECTED_NOT_SELECTED,Not selected by current target association.
98,0,289.92919921875,179.96112060546875,517.45751953125,602.4190673828125,403.693359375,391.1900939941406,0.17306295323828041,0.450107150619531,False,427.1927947998047,387.90647888183594,True,152.69637452519137,129.02158514403013,0.7882511615753174,0.9300655126571655,16,True,True,96,43.83902272619925,0.9642545187719845,3,REJECTED_NOT_SELECTED,Not selected by current target association.
98,1,507.91302490234375,314.8037109375,759.5581665039062,717.3316650390625,633.735595703125,516.0676879882812,0.3292866996035989,0.7298222685522073,True,616.2785339355469,595.2109680175781,True,174.8324369619116,242.69703252888957,0.5948786735534668,0.6939107775688171,14,True,True,96,267.9025907156275,1.3846766586019625,1,REJECTED_NOT_SELECTED,Not selected by current target association.
98,2,487.9326171875,117.91754150390625,649.955078125,511.54986572265625,568.94384765625,314.73370361328125,0.32351534895465156,1.0,True,517.3856353759766,311.58921813964844,True,48.654101000833336,60.95909584291967,0.7302370071411133,0.8860984444618225,14,True,True,96,78.02349233310609,0.9052837354378447,2,REJECTED_SELECTED_CANDIDATE,TARGET_OVERLAP_AMBIGUOUS: multiple pose candidates plus a target-continuity jump.
99,0,289.92498779296875,180.09393310546875,517.3350219726562,602.4071044921875,403.6300048828125,391.2505187988281,0.17528607082001385,0.4574274577997956,False,427.0461120605469,387.936279296875,True,151.97061201127872,128.37401146677396,0.788510262966156,0.9304823279380798,16,True,True,96,43.98655669579695,0.9644737561681148,3,REJECTED_NOT_SELECTED,Not selected by current target association.
99,1,507.8371887207031,314.8331604003906,759.601806640625,717.3341064453125,633.7194976806641,516.0836334228516,0.3276400437732549,0.7302283078533123,True,616.4353637695312,595.1667175292969,True,175.28198184069157,242.97705103385206,0.5960010290145874,0.693497896194458,14,True,True,96,267.95254040910135,1.3841685541568391,1,REJECTED_NOT_SELECTED,Not selected by current target association.
99,2,487.90936279296875,117.7642822265625,649.9323120117188,511.50634765625,568.9208374023438,314.63531494140625,0.32136364213127383,1.0,True,517.3946075439453,311.64210510253906,True,48.94825683826818,60.37024533196303,0.7297042012214661,0.884682834148407,14,True,True,96,77.98819641801602,0.9050857697574132,2,REJECTED_SELECTED_CANDIDATE,Temporal/body-scale discontinuity suggests target identity uncertainty.
100,0,289.998779296875,180.1260986328125,517.3778076171875,602.4224243164062,403.68829345703125,391.2742614746094,0.17783896520419695,0.46530389222586166,False,426.9725341796875,387.9689178466797,True,151.11881095109834,127.65607496296913,0.7883313894271851,0.9304355978965759,16,True,True,96,44.06695683030117,0.9648293133367061,3,REJECTED_NOT_SELECTED,Not selected by current target association.
100,1,507.8837890625,314.8553771972656,759.5693359375,717.3055419921875,633.7265625,516.0804595947266,0.32578090661739023,0.7306555029814863,True,616.5619812011719,595.1609497070312,True,175.72809159931467,243.28978166420436,0.5964447855949402,0.6943117380142212,14,True,True,96,268.01787174285283,1.3840238104527118,1,REJECTED_NOT_SELECTED,Not selected by current target association.
100,2,487.88470458984375,117.77667236328125,649.9494018554688,511.4871826171875,568.9170532226562,314.6319274902344,0.3192064816543833,1.0,True,517.3703765869141,311.66212463378906,True,49.17164375854057,59.83357792898855,0.729292094707489,0.883862316608429,14,True,True,96,77.95736366786905,0.9052406832713721,2,REJECTED_SELECTED_CANDIDATE,Valid-looking pose segment is too short to establish target identity continuity.
101,0,257.7301330566406,162.67662048339844,485.6424865722656,610.67138671875,371.6863098144531,386.6740036010742,0.126041633926281,0.33257957326267895,False,405.49749755859375,364.9161071777344,True,181.04708631763975,145.4143610661537,0.8316760063171387,0.9334477186203003,17,True,True,96,62.968636659360556,0.8713621479330121,3,REJECTED_NOT_SELECTED,Not selected by current target association.
101,1,469.9452209472656,106.79400634765625,643.9481201171875,508.0999755859375,556.9466705322266,307.4469909667969,0.3469400316072754,1.0,True,516.4925842285156,301.3973083496094,True,53.51708379688538,68.46241862123091,0.7883939146995544,0.9416319131851196,16,True,True,96,85.6536041743611,0.8613366787395976,2,REJECTED_SELECTED_CANDIDATE,Valid-looking pose segment is too short to establish target identity continuity.
101,2,481.2578125,307.045166015625,701.353271484375,720.0,591.3055419921875,513.5225830078125,0.4201315314132644,0.9509597257735419,True,567.9825439453125,552.9787902832031,True,158.1688235849381,193.12490720870505,0.5813828110694885,0.6717610955238342,13,True,True,96,206.6920900995199,1.1711407154353204,1,REJECTED_NOT_SELECTED,Not selected by current target association.
102,0,257.4937744140625,162.6729736328125,485.5687255859375,610.3749389648438,371.53125,386.5239562988281,0.1284015278278682,0.33962168716758506,False,405.49365234375,364.85630798339844,True,180.3671698829962,144.58870128358973,0.831691324710846,0.9331459403038025,17,True,True,96,62.97925393065263,0.8706814418380413,3,REJECTED_NOT_SELECTED,Not selected by current target association.
102,1,469.91143798828125,106.91162109375,643.9380493164062,508.49285888671875,556.9247436523438,307.7022399902344,0.34486201115265347,1.0,True,516.4402313232422,301.48634338378906,True,53.29537629499591,67.93953849351462,0.7886252403259277,0.9416006207466125,16,True,True,96,85.550566812202,0.8613580296377289,2,REJECTED_SELECTED_CANDIDATE,Valid-looking pose segment is too short to establish target identity continuity.
102,2,481.3169860839844,307.074951171875,701.3341064453125,720.0,591.3255462646484,513.5374755859375,0.4175393763371548,0.9515718200422709,True,568.066162109375,553.0113525390625,True,158.46771487304719,193.30750863868263,0.5819768905639648,0.6729719638824463,13,True,True,96,206.76102605370534,1.1710281767712098,1,REJECTED_NOT_SELECTED,Not selected by current target association.
103,0,257.84661865234375,162.66981506347656,485.72027587890625,610.129638671875,371.783447265625,386.3997268676758,0.13125660544264248,0.34819609430414694,False,405.48724365234375,364.8810729980469,True,179.28798831417575,143.7681742447752,0.8319717049598694,0.9314452409744263,17,True,True,96,62.982799448605874,0.8710220595462871,3,REJECTED_NOT_SELECTED,Not selected by current target association.
103,1,469.9622802734375,106.836181640625,643.943603515625,508.174072265625,556.9529418945312,307.505126953125,0.34223210226601647,1.0,True,516.3966827392578,301.1531524658203,True,53.5418535713425,67.78688169658282,0.7883972525596619,0.9416555166244507,16,True,True,96,85.80103204876247,0.8595168099428324,2,REJECTED_SELECTED_CANDIDATE,Valid-looking pose segment is too short to establish target identity continuity.
103,2,481.1074523925781,307.08001708984375,701.324462890625,720.0,591.2159576416016,513.5400085449219,0.41552271999774404,0.9521949468843592,True,568.2237854003906,552.7156982421875,True,158.72435824647332,193.17494839387098,0.5818204879760742,0.6732070446014404,13,True,True,96,206.57868423923233,1.1701052807219698,1,REJECTED_NOT_SELECTED,Not selected by current target association.
104,0,226.85682678222656,157.0526123046875,498.857666015625,603.4815673828125,362.8572463989258,380.26708984375,0.14769628591161513,0.34638155997537323,False,387.11883544921875,369.08982849121094,True,186.56012180690388,161.4724010918748,0.8271186947822571,0.9469109177589417,16,True,True,96,80.99645680973018,0.9089525676868949,3,REJECTED_NOT_SELECTED,Not selected by current target association.
104,1,446.5882568359375,103.37567138671875,667.7203369140625,423.07476806640625,557.154296875,263.2252197265625,0.34416782384311384,1.0,True,502.66119384765625,322.45111083984375,True,97.58571042603756,59.408350885945,0.6811829805374146,0.722927987575531,16,True,True,96,60.46986095104822,1.0484058509066967,2,REJECTED_SELECTED_CANDIDATE,Valid-looking pose segment is too short to establish target identity continuity.
104,2,434.0766906738281,310.3604736328125,674.818359375,712.4754638671875,554.4475250244141,511.41796875,0.47127959366677774,1.0,True,542.4709777832031,568.0486450195312,True,151.12703151414016,207.71841029671512,0.6164714694023132,0.7635170817375183,14,True,True,96,209.6535040584353,1.1945887036668277,1,REJECTED_NOT_SELECTED,Not selected by current target association.
105,0,226.7342529296875,157.06134033203125,498.88653564453125,603.4514770507812,362.8103942871094,380.25640869140625,0.1501006722546479,0.352666202576783,False,387.0527648925781,369.10105895996094,True,185.78740496200786,160.71374668339308,0.8270249366760254,0.9470090270042419,16,True,True,96,81.062074938919,0.9091293594651063,3,REJECTED_NOT_SELECTED,Not selected by current target association.
105,1,446.5731506347656,103.30641174316406,667.8336181640625,422.9522705078125,557.2033843994141,263.1293411254883,0.3420081301361581,1.0,True,502.62013244628906,322.5722351074219,True,97.69735544382011,58.682147324607385,0.680940568447113,0.7213131785392761,16,True,True,96,60.34703965227342,1.0486901821594266,2,REJECTED_SELECTED_CANDIDATE,Valid-looking pose segment is too short to establish target identity continuity.
105,2,434.75213623046875,310.3651428222656,674.8218383789062,712.4693603515625,554.7869873046875,511.41725158691406,0.4668093047528037,1.0,True,542.6355743408203,568.0099182128906,True,151.2451470154289,207.72113134146304,0.6170579791069031,0.76486736536026,14,True,True,96,209.67578356010236,1.1949902893831303,1,REJECTED_NOT_SELECTED,Not selected by current target association.
106,0,226.65899658203125,157.0665283203125,498.90228271484375,603.453125,362.7806396484375,380.25982666015625,0.1524924277829455,0.3589753413450517,False,387.0295867919922,369.02142333984375,True,184.99931853315357,159.90736141715414,0.8265795111656189,0.9464633464813232,16,True,True,96,81.08816718092025,0.9086031818479525,3,REJECTED_NOT_SELECTED,Not selected by current target association.
106,1,446.5732116699219,103.30720520019531,667.792236328125,422.78851318359375,557.1827239990234,263.04785919189453,0.3394961976222668,1.0,True,502.5946960449219,322.5980224609375,True,97.79496868160734,58.00818941461909,0.6809822916984558,0.7223492860794067,16,True,True,96,60.31133320946603,1.0489027494375176,2,REJECTED_SELECTED_CANDIDATE,Valid-looking pose segment is too short to establish target identity continuity.
106,2,433.5608215332031,310.36175537109375,674.820068359375,712.3717651367188,554.1904449462891,511.36676025390625,0.46589475586665613,1.0,True,542.3830718994141,568.2392578125,True,151.27329073453984,208.0048725746418,0.6151843667030334,0.7595236301422119,14,True,True,96,209.800561764648,1.196774155568863,1,REJECTED_NOT_SELECTED,Not selected by current target association.
107,0,1156.7470703125,103.75225830078125,1279.6767578125,509.0087890625,1218.2119140625,306.3805236816406,0.0,0.0,False,1259.3155517578125,324.2662048339844,True,674.4957752017367,714.3527995622273,0.6127595901489258,0.6851614713668823,16,True,True,96,792.6953101680313,0.9674647761508368,5,REJECTED_NOT_SELECTED,Not selected by current target association.
107,1,232.482421875,161.2382049560547,496.15234375,533.1076049804688,364.3173828125,347.1729049682617,0.13239348841947915,0.36679441608776286,False,357.1234130859375,384.3703155517578,True,182.0179495351067,190.28409741664927,0.7253756523132324,0.859705924987793,15,True,True,96,111.62066998076014,0.9835928099088241,4,REJECTED_NOT_SELECTED,Not selected by current target association.
107,2,415.9415283203125,331.0533752441406,676.305419921875,714.3341064453125,546.1234741210938,522.6937408447266,0.4761952202780768,1.0,True,520.5014495849609,574.8478088378906,True,162.48206759612327,216.1296628451802,0.6948557496070862,0.9029331207275391,14,True,True,96,209.4739334224248,1.1502194610609207,1,REJECTED_NOT_SELECTED,Not selected by current target association.
107,3,423.3799743652344,107.21337890625,634.6754150390625,425.1285400390625,529.0276947021484,266.17095947265625,0.32054474161959223,1.0,True,495.48973083496094,322.8932342529297,True,95.5367972701031,62.69466582290026,0.6773653030395508,0.754417896270752,15,True,True,96,56.28600855858624,1.0226475521262455,2,REJECTED_SELECTED_CANDIDATE,Valid-looking pose segment is too short to establish target identity continuity.
107,4,225.396484375,464.1324462890625,537.432861328125,720.0,381.4146728515625,592.0662231445312,0.13772188872861324,0.43878123239854433,False,329.65623474121094,685.8146362304688,True,284.2555865847768,390.85106878335733,0.562881588935852,0.5389840006828308,16,True,True,96,342.9401968956234,0.7324080512934206,3,REJECTED_NOT_SELECTED,Not selected by current target association.
108,0,1156.745849609375,103.90008544921875,1279.679443359375,508.99835205078125,1218.212646484375,306.44921875,0.0,0.0,False,1259.0021362304688,323.7704772949219,True,688.4035972654008,727.9993563812139,0.6138948202133179,0.6850481629371643,16,True,True,96,792.4125097680219,0.9651531375872855,5,REJECTED_NOT_SELECTED,Not selected by current target association.
108,1,232.49493408203125,161.2424774169922,494.9412841796875,533.0079956054688,363.7181091308594,347.12523651123047,0.15157255928925065,0.41070085041417004,False,357.7434997558594,385.2731018066406,True,168.72287479223615,175.95326763002112,0.7231919765472412,0.8573437333106995,15,True,True,96,111.10826771361897,0.9884231549000132,4,REJECTED_NOT_SELECTED,Not selected by current target association.
108,2,417.83544921875,331.7889404296875,676.291259765625,714.1876220703125,547.0633544921875,522.98828125,0.4777445782486043,1.0,True,520.2218322753906,575.1290893554688,True,163.34513859330144,215.10113563344123,0.6912178993225098,0.9020920395851135,14,True,True,96,209.6765349209752,1.1495975930631015,1,REJECTED_NOT_SELECTED,Not selected by current target association.
108,3,423.43865966796875,107.25225830078125,634.5050659179688,425.07073974609375,528.9718627929688,266.1614990234375,0.3242584813101499,1.0,True,495.849609375,322.1065216064453,True,94.23110603659946,52.56918440895968,0.6769705414772034,0.7549118995666504,15,True,True,96,57.14840365671512,1.0183858311729752,2,REJECTED_SELECTED_CANDIDATE,Valid-looking pose segment is too short to establish target identity continuity.
108,4,225.5467529296875,464.7420349121094,538.2416381835938,720.0,381.8941955566406,592.3710174560547,0.15374289406159844,0.47863232085389906,False,329.5318603515625,685.0789184570312,True,276.3038462479522,382.6395755398906,0.5600037574768066,0.5333805084228516,16,True,True,96,342.3174992587171,0.7278560294637672,3,REJECTED_NOT_SELECTED,Not selected by current target association.
109,0,1156.742431640625,103.89569091796875,1279.679443359375,508.9942626953125,1218.2109375,306.4449768066406,0.0,0.0,False,1259.0083618164062,323.738525390625,True,702.3161236747379,741.9420445686009,0.6141053438186646,0.6852379441261292,16,True,True,96,792.4206709191178,0.9652651762129175,5,REJECTED_NOT_SELECTED,Not selected by current target association.
109,1,232.49288940429688,161.24424743652344,494.9530334472656,533.0408935546875,363.72296142578125,347.14257049560547,0.17363596934101957,0.457532447786012,False,357.75794982910156,385.2429504394531,True,154.82930501175125,162.12091231839068,0.7232975363731384,0.857390820980072,15,True,True,96,111.09033405287923,0.9882744680465042,4,REJECTED_NOT_SELECTED,Not selected by current target association.
109,2,418.2357177734375,331.85675048828125,676.2862548828125,714.1727905273438,547.260986328125,523.0147705078125,0.44210604910612605,0.9410892573326055,True,520.1504516601562,575.1953125,True,165.15089485824177,214.72537574973094,0.6913052797317505,0.9015262722969055,14,True,True,96,209.72293663583844,1.1486561928264707,1,REJECTED_NOT_SELECTED,Not selected by current target association.
109,3,423.4371337890625,107.25511169433594,634.506103515625,425.119873046875,528.9716186523438,266.18749237060547,0.32856685335262853,1.0,True,495.86094665527344,322.09027099609375,True,94.932310582791,44.30516893055985,0.6770925521850586,0.7550627589225769,15,True,True,96,57.16811654042936,1.018362398038741,2,REJECTED_SELECTED_CANDIDATE,Temporal/body-scale discontinuity suggests target identity uncertainty.
109,4,225.58180236816406,465.08441162109375,538.1414794921875,720.0,381.8616409301758,592.5422058105469,0.16959792989255504,0.5166240942280832,True,329.47425842285156,685.4393920898438,True,269.03480743551245,375.67425831313625,0.5605836510658264,0.5344237685203552,16,True,True,96,342.67046026345037,0.7306692727739075,3,REJECTED_NOT_SELECTED,Not selected by current target association.
110,0,955.6824340820312,112.97132873535156,1210.623779296875,526.4761962890625,1083.1531066894531,319.72376251220703,0.0,0.0,False,1123.0567626953125,332.32237243652344,True,580.5638618992473,619.6718772586182,0.865971565246582,0.9684880971908569,16,True,True,96,656.1987019835967,0.9993641295463511,6,REJECTED_NOT_SELECTED,Not selected by current target association.
110,1,417.5628662109375,370.2328796386719,642.99951171875,720.0,530.2811889648438,545.1164398193359,0.38630050221007856,0.9908263545979048,True,494.52854919433594,570.6073303222656,True,186.35898778213488,210.2067530520227,0.5963813662528992,0.8047354817390442,13,True,True,96,200.31947365039525,1.1557089584954507,2,REJECTED_NOT_SELECTED,Not selected by current target association.
110,2,238.08721923828125,137.13018798828125,460.118896484375,610.85205078125,349.1030578613281,373.9911193847656,0.17737058165644076,0.43928524121682416,False,313.8466033935547,376.53125,True,155.5043888465994,190.84932669981063,0.7906965613365173,0.9632004499435425,16,True,True,96,154.28006484145135,1.0535511836913665,4,REJECTED_SELECTED_CANDIDATE,TARGET_OVERLAP_AMBIGUOUS: multiple pose candidates plus a target-continuity jump.
110,3,124.43499755859375,475.1451721191406,321.6603698730469,719.8677978515625,223.0476837158203,597.5064849853516,0.0,0.0,False,227.9132843017578,710.46044921875,True,367.51741129919475,445.68214122837117,0.4876517653465271,0.5771797895431519,10,True,True,96,414.9660050705403,1.0067737590130608,5,REJECTED_NOT_SELECTED,Not selected by current target association.
110,4,420.0111083984375,108.97308349609375,707.3048095703125,519.4743041992188,563.657958984375,314.22369384765625,0.40790875843079083,0.7847978911603956,True,486.0454559326172,317.9908142089844,True,75.5483694425903,46.26387334216638,0.7719328999519348,0.8383225798606873,15,True,True,96,56.966456505054076,1.0178942350904798,1,REJECTED_NOT_SELECTED,Not selected by current target association.
110,5,419.91259765625,109.237060546875,587.0406494140625,493.41485595703125,503.47662353515625,301.3259582519531,0.3186118455069029,1.0,True,479.48472595214844,312.3416748046875,True,59.29210798999548,54.156121484216314,0.742978572845459,0.8829227089881897,15,True,True,96,60.785396467889626,0.971895584292941,3,REJECTED_NOT_SELECTED,Not selected by current target association.
111,0,955.4260864257812,113.19416809082031,1210.448974609375,526.1687622070312,1082.9375305175781,319.6814651489258,0.0,0.0,False,1123.4929809570312,331.8288879394531,True,594.2726923663721,634.0672972086305,0.866481602191925,0.968319296836853,16,True,True,96,656.6641578668913,0.9960035857788192,6,REJECTED_NOT_SELECTED,Not selected by current target association.
111,1,417.7737121582031,369.7392883300781,643.11181640625,720.0,530.4427642822266,544.8696441650391,0.3599562151947356,0.9315415265164079,True,494.61183166503906,570.70849609375,True,188.49069350617594,210.00727182475657,0.5934653282165527,0.7962997555732727,13,True,True,96,200.43076812416172,1.1602702012871449,2,REJECTED_NOT_SELECTED,Not selected by current target association.
111,2,238.02447509765625,136.85618591308594,460.4488525390625,610.5096435546875,349.2366638183594,373.6829147338867,0.20700897013255315,0.49522691679781944,False,313.62940979003906,376.74729919433594,True,141.44145015968323,177.17985648715432,0.7927457690238953,0.9622710943222046,16,True,True,96,154.5035925469356,1.0559445095195152,4,REJECTED_NOT_SELECTED,Not selected by current target association.
111,3,124.51483917236328,475.17864990234375,321.62890625,719.9010620117188,223.07187271118164,597.5398559570312,0.0,0.0,False,227.54755401611328,710.7129211425781,True,356.8834055631483,437.4931645772293,0.48809096217155457,0.5865721106529236,10,True,True,96,415.38358540966584,1.0063345616868824,5,REJECTED_NOT_SELECTED,Not selected by current target association.
111,4,419.94647216796875,108.890869140625,706.4443969726562,519.1707763671875,563.1954345703125,314.03082275390625,0.3740325687979515,0.732732777463375,True,485.63011169433594,318.9954071044922,True,86.76248935179642,41.99164143280208,0.7724933624267578,0.836638331413269,15,True,True,96,55.882168614602534,1.0228057874393093,1,REJECTED_NOT_SELECTED,Not selected by current target association.
111,5,419.78790283203125,108.9398193359375,587.6336059570312,495.8927001953125,503.71075439453125,302.416259765625,0.3266124812391339,1.0,True,479.62339782714844,313.49473571777344,True,59.90384563328322,48.39956950954905,0.7430654764175415,0.8797857761383057,15,True,True,96,59.67998383965716,0.9819700414997219,3,REJECTED_SELECTED_CANDIDATE,TARGET_OVERLAP_AMBIGUOUS: multiple pose candidates plus a target-continuity jump.
112,0,955.536865234375,113.31187438964844,1211.405029296875,526.2335205078125,1083.470947265625,319.77269744873047,0.0,0.0,False,1123.2914428710938,332.12037658691406,True,608.7207639847514,647.7902950280843,0.8677598237991333,0.9694995284080505,16,True,True,96,656.445205968277,0.9987449388992745,6,REJECTED_NOT_SELECTED,Not selected by current target association.
112,1,417.652587890625,372.8233642578125,643.2528076171875,720.0,530.4526977539062,546.4116821289062,0.32586812968284445,0.8614367989460371,True,494.5984802246094,570.80419921875,True,193.31368672704588,210.7296284676505,0.5944235324859619,0.8008679747581482,13,True,True,96,200.52386091014665,1.1558946123595686,3,REJECTED_NOT_SELECTED,Not selected by current target association.
112,2,237.8236541748047,137.7917938232422,460.42547607421875,609.9588012695312,349.1245651245117,373.8752975463867,0.23736657400973482,0.5499169093095764,True,313.4232482910156,376.78240966796875,True,127.67811194553308,163.4916172168053,0.7924706339836121,0.9627453088760376,16,True,True,96,154.71072998900084,1.0567869153045604,4,REJECTED_NOT_SELECTED,Not selected by current target association.
112,3,124.53396606445312,475.5301513671875,321.52264404296875,719.6905517578125,223.02830505371094,597.6103515625,0.0,0.0,False,227.17889404296875,709.5552368164062,True,346.56122083791513,428.43077207215947,0.48881614208221436,0.5336588621139526,11,True,True,96,414.65430361734866,1.0002380285787165,5,REJECTED_NOT_SELECTED,Not selected by current target association.
112,4,420.2708435058594,108.84576416015625,706.6827392578125,519.259765625,563.4767913818359,314.0527648925781,0.34007088595916957,0.6773333958711065,True,485.435791015625,318.678466796875,True,99.10053790545788,43.21762169501415,0.7741270661354065,0.8393905162811279,15,True,True,96,56.12266521339437,1.0193774341395148,1,REJECTED_NOT_SELECTED,Not selected by current target association.
112,5,419.9671630859375,108.87998962402344,586.675048828125,496.341064453125,503.32110595703125,302.6105270385742,0.32922673953211407,1.0,True,479.74891662597656,312.7471008300781,True,64.30139014762867,48.27252513491345,0.7449389100074768,0.8846266269683838,15,True,True,96,60.43777527892779,0.9773854901793292,2,REJECTED_SELECTED_CANDIDATE,Temporal/body-scale discontinuity suggests target identity uncertainty.
113,0,390.8804931640625,307.60137939453125,632.0867919921875,716.7630004882812,511.483642578125,512.1821899414062,0.40859916886173625,0.8589349454610286,True,476.46942138671875,569.0000610351562,True,158.99592011373292,208.47029444520783,0.6229320764541626,0.7370752692222595,14,True,True,96,197.13541104922206,1.2216031017863431,1,REJECTED_NOT_SELECTED,Not selected by current target association.
113,1,730.6229248046875,123.14276123046875,1200.0477294921875,530.8175048828125,965.3353271484375,326.9801330566406,0.0,0.0,False,963.0799560546875,315.8854675292969,True,504.2908768273397,502.914734046093,0.8587014675140381,0.9625755548477173,16,True,True,96,498.1938942651813,0.899762678220297,5,REJECTED_NOT_SELECTED,Not selected by current target association.
113,2,190.39527893066406,116.3955078125,440.0023193359375,632.6607666015625,315.1987991333008,374.52813720703125,0.2239695421991633,0.4578183880200331,False,280.4494094848633,356.1702575683594,True,147.61519690812642,181.80981277681175,0.7727721333503723,0.9681476354598999,16,True,True,96,188.28232963168963,1.0521929637001421,3,REJECTED_SELECTED_CANDIDATE,TARGET_OVERLAP_AMBIGUOUS: multiple pose candidates plus a target-continuity jump.
113,3,19.892913818359375,487.8752746582031,162.47891235351562,720.0,91.1859130859375,603.9376373291016,0.0,0.0,False,95.41304016113281,720.0,True,443.46007701450316,513.2211847313682,0.3315361440181732,0.22565089166164398,8,True,True,96,509.8432621591266,0.9494499434385528,4,REJECTED_NOT_SELECTED,Not selected by current target association.
113,4,386.4642333984375,106.16041564941406,575.8624267578125,430.941650390625,481.163330078125,268.55103302001953,0.31782480823400894,1.0,True,462.81434631347656,320.1349334716797,True,94.39360550967218,40.888836257113276,0.7683065533638,0.8736789226531982,16,True,True,96,52.17361959691412,0.9704393561383917,2,REJECTED_NOT_SELECTED,Not selected by current target association.
114,0,390.642578125,307.6417541503906,631.9622802734375,716.7171630859375,511.30242919921875,512.1794586181641,0.3712807829111188,0.7943352438183817,True,476.24522399902344,569.126953125,True,163.6598300608313,209.84923298587108,0.6246662735939026,0.7374116778373718,14,True,True,96,197.25275882872194,1.218882166467131,1,REJECTED_NOT_SELECTED,Not selected by current target association.
114,1,730.580810546875,123.2117919921875,1200.314453125,531.042236328125,965.4476318359375,327.12701416015625,0.0,0.0,False,962.85400390625,316.4020233154297,True,518.3167038398591,516.547177004268,0.8590350151062012,0.9619296789169312,16,True,True,96,497.91139280673156,0.8980172277358186,5,REJECTED_NOT_SELECTED,Not selected by current target association.
114,2,190.39041137695312,116.48974609375,439.6025085449219,632.605712890625,314.9964599609375,374.5477294921875,0.25594050270674507,0.5062363634387066,True,280.2435607910156,356.2635955810547,True,133.92404286774305,168.07661630181605,0.7716839909553528,0.9682201147079468,16,True,True,96,188.47960857703296,1.0519206715746086,3,REJECTED_SELECTED_CANDIDATE,Temporal/body-scale discontinuity suggests target identity uncertainty.
114,3,20.2017822265625,488.5150146484375,161.35696411132812,720.0,90.77937316894531,604.2575073242188,0.0,0.0,False,95.35074615478516,720.0,True,432.30089165992933,503.2970614183145,0.336071252822876,0.23802915215492249,8,True,True,96,509.88879509960043,0.95277919309102,4,REJECTED_NOT_SELECTED,Not selected by current target association.
114,4,386.45172119140625,106.23017883300781,575.827392578125,430.61505126953125,481.1395568847656,268.42261505126953,0.32179644792542567,1.0,True,462.76513671875,320.4375915527344,True,98.39117555885599,43.22627882828084,0.7661228179931641,0.8702043294906616,16,True,True,96,51.87750569191525,0.9736103210801369,2,REJECTED_NOT_SELECTED,Not selected by current target association.
115,0,390.5162353515625,307.6790771484375,631.8155517578125,716.761962890625,511.1658935546875,512.2205200195312,0.33510466686732776,0.7296901526844748,True,476.2774658203125,569.1533508300781,True,169.3765368275758,212.0607469706049,0.6253842711448669,0.7398999333381653,14,True,True,96,197.2804739403549,1.2192728616636836,1,REJECTED_NOT_SELECTED,Not selected by current target association.
115,1,730.6759033203125,123.2615966796875,1200.109619140625,531.0311279296875,965.3927612304688,327.1463623046875,0.0,0.0,False,963.3915405273438,316.9354705810547,True,532.1855523837702,530.943793320223,0.8580718040466309,0.9632464647293091,16,True,True,96,498.3862986959534,0.9005309492160729,5,REJECTED_NOT_SELECTED,Not selected by current target association.
115,2,190.3722686767578,116.52606201171875,439.52459716796875,632.5955810546875,314.9484329223633,374.5608215332031,0.2909431499909516,0.5553536624187811,True,280.05396270751953,356.20408630371094,True,120.09078496440215,154.33330144651828,0.7713909149169922,0.9683490991592407,16,True,True,96,188.67352837101674,1.051072325388232,3,REJECTED_SELECTED_CANDIDATE,Valid-looking pose segment is too short to establish target identity continuity.
115,3,20.229354858398438,488.536376953125,161.4529571533203,720.0,90.84115600585938,604.2681884765625,0.0,0.0,False,95.60503768920898,720.0,True,420.7204393360944,493.34658175392184,0.33436068892478943,0.23782432079315186,8,True,True,96,509.7029465330338,0.9534828013869207,4,REJECTED_NOT_SELECTED,Not selected by current target association.
115,4,386.45025634765625,106.16957092285156,575.5968627929688,429.679931640625,481.0235595703125,267.9247512817383,0.30673782047875375,0.9569286592277239,True,462.79808044433594,320.51991271972656,True,104.40060219247727,49.73921174541751,0.7655245661735535,0.8690791130065918,16,True,True,96,51.79225710490571,0.9737870459240268,2,REJECTED_NOT_SELECTED,Not selected by current target association.
116,0,144.296875,108.18865966796875,399.589111328125,631.9784545898438,271.9429931640625,370.08355712890625,0.22189016383665938,0.43368931852311166,False,237.68082427978516,352.2727355957031,True,148.66747551723597,182.9061598558724,0.7862286567687988,0.9709165096282959,15,True,True,96,231.22740705673917,1.1017907884740636,3,REJECTED_SELECTED_CANDIDATE,Frame/core landmark confidence below threshold.
116,1,353.40618896484375,314.5368957519531,636.361572265625,716.97705078125,494.8838806152344,515.7569732666016,0.3603814494866459,0.6967619716004934,True,449.77903747558594,586.18896484375,True,171.3860767009126,226.6836689516871,0.629118800163269,0.7636796236038208,14,True,True,96,214.92392825985408,1.2574071215265255,2,REJECTED_NOT_SELECTED,Not selected by current target association.
116,2,609.3078002929688,127.63336181640625,901.2406616210938,537.56494140625,755.2742309570312,332.5991516113281,0.0,0.0,False,815.464599609375,343.58811950683594,True,336.1542691288333,395.50893128015264,0.8436770439147949,0.9569798707962036,16,True,True,96,348.56666895566286,1.0186010948334885,4,REJECTED_NOT_SELECTED,Not selected by current target association.
116,3,315.31292724609375,91.46905517578125,539.1856079101562,417.579833984375,427.249267578125,254.52444458007812,0.3932926897969596,1.0,True,425.0478820800781,321.5007781982422,True,107.12012254554263,40.19642670435435,0.6936934590339661,0.7994983196258545,16,True,True,96,66.36854431172542,1.0973981136695825,1,REJECTED_NOT_SELECTED,Not selected by current target association.
117,0,144.42254638671875,108.14837646484375,398.60601806640625,631.9804077148438,271.5142822265625,370.06439208984375,0.23586911694944482,0.46567688363743814,False,237.76935577392578,352.1539764404297,True,144.85631261953566,178.60641808406612,0.785991370677948,0.970231294631958,15,True,True,96,231.14938868345916,1.1018170645979013,3,REJECTED_SELECTED_CANDIDATE,Frame/core landmark confidence below threshold.
117,1,353.296630859375,314.5479736328125,636.5171508789062,716.927490234375,494.9068908691406,515.7377319335938,0.35116922264572176,0.6971621368292854,True,449.39703369140625,585.9456481933594,True,173.08252489660964,226.7753326826595,0.6300353407859802,0.7657386064529419,14,True,True,96,214.71436346529333,1.255693099550251,2,REJECTED_NOT_SELECTED,Not selected by current target association.
117,2,609.7879638671875,127.68922424316406,900.9190673828125,537.2305908203125,755.353515625,332.4599075317383,0.0,0.0,False,815.0603942871094,343.9091339111328,True,340.480377576425,399.3290247684859,0.8427848815917969,0.9565345644950867,16,True,True,96,348.1377244358514,1.0193102989758795,4,REJECTED_NOT_SELECTED,Not selected by current target association.
117,3,314.9595947265625,91.43086242675781,539.14453125,413.34136962890625,427.05206298828125,252.38611602783203,0.37639693682926695,1.0,True,425.11988830566406,321.9642791748047,True,109.78355680742371,40.66752406395146,0.691957950592041,0.8037540316581726,16,True,True,96,65.96935281277413,1.0992299354424884,1,REJECTED_NOT_SELECTED,Not selected by current target association.
118,0,144.45709228515625,108.27923583984375,399.1109619140625,631.9660034179688,271.7840270996094,370.12261962890625,0.2525324692273028,0.5007002454966809,True,237.90570068359375,352.2016143798828,True,140.35244014548843,174.25135857804239,0.7863075137138367,0.9709317684173584,15,True,True,96,231.0094530733945,1.102895842038978,3,REJECTED_SELECTED_CANDIDATE,Temporal/body-scale discontinuity suggests target identity uncertainty.
118,1,353.4874267578125,314.53668212890625,636.3629150390625,716.9053344726562,494.9251708984375,515.7210083007812,0.3421225950187867,0.697964006237249,True,449.35345458984375,586.0692443847656,True,174.86639403492669,227.35070594332035,0.6309964060783386,0.7648188471794128,14,True,True,96,214.84128247391652,1.2553625668170372,2,REJECTED_NOT_SELECTED,Not selected by current target association.
118,2,609.47802734375,127.65081787109375,900.556884765625,537.7681884765625,755.0174560546875,332.7095031738281,0.0,0.0,False,814.6460571289062,344.3358612060547,True,344.3595740117634,403.1346049150744,0.8426883220672607,0.9568819403648376,16,True,True,96,347.69047719191934,1.0225750199983523,4,REJECTED_NOT_SELECTED,Not selected by current target association.
118,3,315.39300537109375,91.35652160644531,539.1659545898438,411.9678955078125,427.27947998046875,251.6622085571289,0.36266154636418646,1.0,True,425.0735168457031,321.62451171875,True,111.23364637444257,42.307904067180274,0.6877398490905762,0.7928421497344971,16,True,True,96,66.25772836163102,1.0965943702149634,1,REJECTED_NOT_SELECTED,Not selected by current target association.
119,0,103.93197631835938,133.40769958496094,350.629150390625,638.54345703125,227.2805633544922,385.97557830810547,0.15577200559679935,0.35531978862081826,False,208.31666564941406,370.4955139160156,True,181.95975946562768,199.520677547505,0.7769961953163147,0.9527981281280518,14,True,True,96,259.7493496922999,1.1079689563061665,3,REJECTED_NOT_SELECTED,Not selected by current target association.
119,1,325.0867919921875,342.8393249511719,670.511474609375,717.1904296875,497.79913330078125,530.0148773193359,0.3393697423508627,0.6529449271624161,True,427.60951232910156,609.2032775878906,True,190.64381993426443,247.9791586013396,0.5898043513298035,0.7071272134780884,12,True,True,96,240.5844147749075,1.2251506817663165,2,REJECTED_NOT_SELECTED,Not selected by current target association.
119,2,505.56005859375,134.3829345703125,736.563232421875,525.9561767578125,621.0616455078125,330.1695556640625,0.06636016117911925,0.2025182298682167,False,672.85400390625,348.2266845703125,True,215.76898947249057,265.5553001878765,0.7825327515602112,0.8960387110710144,15,True,True,96,206.17293010064301,0.9962279641893175,4,REJECTED_NOT_SELECTED,Not selected by current target association.
119,3,255.37545776367188,81.9779052734375,501.6557312011719,453.74334716796875,378.5155944824219,267.8606262207031,0.42920946343137334,0.9691517928894516,True,380.99937438964844,306.5950927734375,True,98.57364261036156,61.50995991887069,0.7044817805290222,0.861573338508606,14,True,True,96,108.91905477029086,1.1197953373069516,1,REJECTED_SELECTED_CANDIDATE,TARGET_OVERLAP_AMBIGUOUS: multiple pose candidates plus a target-continuity jump.
120,0,103.84038543701172,133.228515625,350.63507080078125,638.5657348632812,227.23772811889648,385.8971252441406,0.17011735427412053,0.3901836550540175,False,208.274658203125,370.4628143310547,True,177.76890990287006,195.32305445696568,0.7776778936386108,0.9527817964553833,14,True,True,96,259.79155336054595,1.1080551793089495,3,REJECTED_NOT_SELECTED,Not selected by current target association.
120,1,325.06103515625,343.2201232910156,670.579833984375,717.2034912109375,497.8204345703125,530.2118072509766,0.33131297445001895,0.6532900558926457,True,427.64219665527344,608.919677734375,True,192.68781793855993,247.87572918771045,0.5919857025146484,0.7172272205352783,12,True,True,96,240.299357453412,1.2217917920310764,2,REJECTED_NOT_SELECTED,Not selected by current target association.
120,2,505.271728515625,134.4328155517578,736.8560791015625,525.3549194335938,621.0639038085938,329.8938674926758,0.06546795198349328,0.20397190904505466,False,672.9772033691406,347.90745544433594,True,220.02884010220328,269.93331367051724,0.7869547009468079,0.8986811637878418,15,True,True,96,206.33240476106283,0.9957345769241046,4,REJECTED_NOT_SELECTED,Not selected by current target association.
120,3,254.1431884765625,81.04258728027344,501.35430908203125,456.62945556640625,377.7487487792969,268.83602142333984,0.44164464314669677,0.9992046072175259,True,381.21209716796875,307.614501953125,True,96.85884339952547,58.95941311483723,0.6916165351867676,0.838565468788147,14,True,True,96,108.13864377536532,1.1317180563247213,1,REJECTED_SELECTED_CANDIDATE,Temporal/body-scale discontinuity suggests target identity uncertainty.
121,0,103.83397674560547,133.1090087890625,350.6546630859375,638.552734375,227.24431991577148,385.83087158203125,0.18432813440564152,0.42519851335258163,False,208.33890533447266,370.43365478515625,True,173.53117046453664,191.0194351940463,0.7781813144683838,0.9528462886810303,14,True,True,96,259.7274865799627,1.1076771702373156,3,REJECTED_SELECTED_CANDIDATE,TARGET_OVERLAP_AMBIGUOUS: multiple pose candidates plus a target-continuity jump.
121,1,325.070068359375,343.0486145019531,670.5560302734375,717.223876953125,497.81304931640625,530.1362457275391,0.3240267329445618,0.6537697617554807,True,427.6300048828125,608.9486999511719,True,194.55385090073145,248.15205717769456,0.5920704007148743,0.7070781588554382,12,True,True,96,240.33001697521004,1.2224100226271024,2,REJECTED_NOT_SELECTED,Not selected by current target association.
121,2,505.2135925292969,134.42254638671875,736.741943359375,525.89013671875,620.9777679443359,330.1563415527344,0.06448407965847655,0.20498939360289944,False,673.0193481445312,347.8401184082031,True,224.12321893846155,274.21718208320783,0.7870637774467468,0.8978931307792664,15,True,True,96,206.38214650911937,0.9964370265073664,4,REJECTED_NOT_SELECTED,Not selected by current target association.
121,3,255.08486938476562,81.83206176757812,501.6040344238281,454.3034973144531,378.3444519042969,268.0677795410156,0.424966676892473,1.0,True,380.7530212402344,306.2843322753906,True,96.63905953300323,59.0971221305402,0.7064313888549805,0.8612644672393799,14,True,True,96,109.30275227587376,1.117768291389771,1,REJECTED_NOT_SELECTED,Not selected by current target association.
122,0,92.55523681640625,183.0054168701172,331.7823791503906,661.2009887695312,212.16880798339844,422.1032028198242,0.155503906928483,0.3958934101928907,False,235.2207794189453,407.6819763183594,True,192.2192632554934,165.96714058922396,0.8044803738594055,0.9428982138633728,15,True,True,96,235.55215360826648,1.0889980779363004,5,REJECTED_NOT_SELECTED,Not selected by current target association.
122,1,446.0660400390625,133.76055908203125,646.732421875,533.501708984375,546.3992309570312,333.6311340332031,0.16437346562783353,0.5320992281323188,True,600.3358154296875,351.6769714355469,True,154.19411314587757,205.67066176292485,0.7450384497642517,0.8854845762252808,15,True,True,96,133.83324876271112,1.0874965901335087,4,REJECTED_NOT_SELECTED,Not selected by current target association.
122,2,356.70361328125,337.0615539550781,559.1431884765625,715.271240234375,457.92340087890625,526.1663970947266,0.32935527766249667,0.9665568423663019,True,447.4689483642578,590.5869750976562,True,175.2363029659998,233.9236750256833,0.6386380195617676,0.7502303719520569,14,True,True,96,219.51096759247375,1.1620930609843485,3,REJECTED_NOT_SELECTED,Not selected by current target association.
122,3,264.63409423828125,83.606689453125,551.1693115234375,523.1871948242188,407.9017028808594,303.3969421386719,0.5670262172563935,1.0,True,371.45436096191406,307.9524230957031,True,60.63436378651997,59.51806390711098,0.7585646510124207,0.860442578792572,16,True,True,96,115.9338382135358,1.107870863025362,2,REJECTED_SELECTED_CANDIDATE,TARGET_OVERLAP_AMBIGUOUS: multiple pose candidates plus a target-continuity jump.
122,4,221.82508850097656,90.537841796875,558.224853515625,630.5307006835938,390.0249710083008,360.5342712402344,0.7309473616316189,0.9386645586724193,True,369.2710723876953,305.4429016113281,True,5.3603628866428235,62.69400162927108,0.8177493810653687,0.9130712151527405,16,True,True,96,119.14377843651852,1.1044743505033991,1,REJECTED_NOT_SELECTED,Not selected by current target association.
123,0,92.46585845947266,184.02149963378906,331.8418273925781,661.2110595703125,212.1538429260254,422.6162796020508,0.12233041093085142,0.31641528945122704,False,235.4962615966797,407.7380676269531,True,207.22691786967883,180.73747351838148,0.8098484873771667,0.9432442784309387,15,True,True,96,235.2883490131391,1.0872890243158335,5,REJECTED_NOT_SELECTED,Not selected by current target association.
123,1,445.9520263671875,133.9119110107422,646.765625,533.3450317382812,546.3588256835938,333.6284713745117,0.19016859648168127,0.5927933693346549,True,600.2722778320312,351.7079772949219,True,138.900573937493,190.04728892885944,0.7454379796981812,0.8861035704612732,15,True,True,96,133.7657343223366,1.0879323919377293,4,REJECTED_NOT_SELECTED,Not selected by current target association.
123,2,356.7755126953125,337.03173828125,557.9364013671875,715.2421875,457.35595703125,526.136962890625,0.34921608997153186,0.9983335726778302,True,447.60804748535156,590.5711669921875,True,169.95575192414566,230.81157983923055,0.6389961242675781,0.744823694229126,14,True,True,96,219.48222298973226,1.1622127264658058,3,REJECTED_NOT_SELECTED,Not selected by current target association.
123,3,272.54766845703125,83.76068115234375,550.7288818359375,527.1612548828125,411.6382751464844,305.4609680175781,0.5674384736191088,1.0,True,371.54791259765625,308.37098693847656,True,57.30398372184767,66.92119287673458,0.7549980282783508,0.8611927628517151,16,True,True,96,115.62486944110289,1.1114999467451567,2,REJECTED_SELECTED_CANDIDATE,Temporal/body-scale discontinuity suggests target identity uncertainty.
123,4,223.10069274902344,90.6220703125,557.816162109375,631.3836669921875,390.4584274291992,361.00286865234375,0.6936422905274204,0.9014120315114809,True,369.55332946777344,305.62457275390625,True,20.16410525645605,70.31541675449573,0.8164100050926208,0.9117689728736877,16,True,True,96,118.80818602435468,1.1066001540147488,1,REJECTED_NOT_SELECTED,Not selected by current target association.
124,0,92.14065551757812,181.89263916015625,331.8634338378906,661.205078125,212.00204467773438,421.5488586425781,0.0905555917082055,0.23668231449113508,False,235.25245666503906,407.659423828125,True,222.02622756963686,196.06603441468735,0.8027925491333008,0.9417101144790649,15,True,True,96,235.51742957528387,1.0903538374869464,5,REJECTED_NOT_SELECTED,Not selected by current target association.
124,1,446.0084228515625,133.92401123046875,646.7410888671875,533.3776245117188,546.374755859375,333.65081787109375,0.21789157266924652,0.6532922869168618,True,600.1639099121094,351.64512634277344,True,123.74000995159435,174.39049117020534,0.7453287243843079,0.8856465220451355,15,True,True,96,133.6682042158703,1.0872618681961186,4,REJECTED_NOT_SELECTED,Not selected by current target association.
124,2,356.76226806640625,337.043701171875,558.4059448242188,715.2349853515625,457.5841064453125,526.1393432617188,0.3581949969796034,0.9989928407919376,True,447.5976257324219,590.4718627929688,True,166.26503509756245,228.60593531495536,0.6391912698745728,0.7443562746047974,14,True,True,96,219.3843229920578,1.1621399863647182,3,REJECTED_NOT_SELECTED,Not selected by current target association.
124,3,272.23974609375,83.76722717285156,551.1727294921875,526.859130859375,411.70623779296875,305.3131790161133,0.5718623842230768,0.9896550572833405,True,371.5491027832031,308.4097595214844,True,59.34337620052883,77.11157769921914,0.7557815313339233,0.8606534004211426,16,True,True,96,115.6025287909406,1.1122920946645225,2,REJECTED_SELECTED_CANDIDATE,Valid-looking pose segment is too short to establish target identity continuity.
124,4,223.3216552734375,90.4468994140625,558.154052734375,630.4324951171875,390.73785400390625,360.439697265625,0.6352560354962976,0.8452848740199943,True,369.41127014160156,305.6721496582031,True,35.48127137685793,80.55970215830132,0.8165565729141235,0.9115833640098572,16,True,True,96,118.89943408581819,1.1081401488750975,1,REJECTED_NOT_SELECTED,Not selected by current target association.
125,0,155.61590576171875,194.4936981201172,396.322265625,667.4028930664062,275.9690856933594,430.9482955932617,0.17675705167576075,0.42446445087859874,False,276.3389434814453,416.08465576171875,True,179.1431841695654,173.69719984708757,0.742566704750061,0.8845381736755371,14,True,True,96,196.71572443292993,0.992838011651098,4,REJECTED_NOT_SELECTED,Not selected by current target association.
125,1,417.1983337402344,306.4690246582031,625.3658447265625,715.65625,521.2820892333984,511.06263732910156,0.31578593535246674,0.8256052454811966,True,496.9793243408203,578.9554748535156,True,168.08607289254414,222.91541896983065,0.5638893842697144,0.7007330060005188,12,True,True,96,208.92244864973327,1.187102360086765,2,REJECTED_NOT_SELECTED,Not selected by current target association.
125,2,308.05023193359375,96.30247497558594,487.1246337890625,525.5400390625,397.5874328613281,310.92125701904297,0.36982586703481196,1.0,True,384.02748107910156,291.4905548095703,True,68.26371121935709,91.88077710527477,0.7140855193138123,0.8854199647903442,15,True,True,96,116.40688514736837,0.9531117727151286,1,REJECTED_SELECTED_CANDIDATE,Valid-looking pose segment is too short to establish target identity continuity.
125,3,439.8001403808594,122.76490783691406,606.2386474609375,509.38525390625,523.0193939208984,316.07508087158203,0.269594795010635,0.898217105624008,True,561.3657531738281,317.47882080078125,True,93.86424481457573,128.0074375271629,0.6964557766914368,0.8365740180015564,15,True,True,96,108.08822889725631,0.9390961255984406,3,REJECTED_NOT_SELECTED,Not selected by current target association.
126,0,155.3280029296875,194.5264892578125,396.25958251953125,667.4334716796875,275.7937927246094,430.97998046875,0.1414753319948345,0.344840344152774,False,276.4102020263672,416.22705078125,True,193.79041442416508,188.53816647268135,0.7426556348800659,0.8839004635810852,14,True,True,96,196.67821484950073,0.9936722608085576,4,REJECTED_NOT_SELECTED,Not selected by current target association.
126,1,417.2500915527344,306.3409423828125,625.2847900390625,715.6719970703125,521.2674407958984,511.0064697265625,0.3538808068395284,0.8847099824091993,True,497.1069793701172,578.5993347167969,True,161.12465451388437,219.12510038186898,0.5629775524139404,0.703920841217041,12,True,True,96,208.58747992837937,1.1894433467804,2,REJECTED_NOT_SELECTED,Not selected by current target association.
126,2,307.98883056640625,96.2874755859375,487.18927001953125,525.6824951171875,397.58905029296875,310.9849853515625,0.3639565073311094,0.9710501651339485,True,383.9724426269531,291.5543518066406,True,79.27706426037959,102.47074286509299,0.7145072221755981,0.8869097828865051,15,True,True,96,116.40250023979095,0.9536850663556552,1,REJECTED_SELECTED_CANDIDATE,Valid-looking pose segment is too short to establish target identity continuity.
126,3,439.421875,122.72998046875,606.173828125,509.08587646484375,522.7978515625,315.9079284667969,0.30552315626076393,0.9716750276149874,True,561.2957153320312,317.27647399902344,True,80.72766165117734,113.63847175552097,0.6966050267219543,0.8359780311584473,15,True,True,96,108.13012345530782,0.9373426605939875,3,REJECTED_NOT_SELECTED,Not selected by current target association.
127,0,155.332763671875,194.5615997314453,396.15216064453125,667.4856567382812,275.7424621582031,431.0236282348633,0.10726731400441875,0.2655509764499668,False,276.45689392089844,416.1421203613281,True,208.48727265329103,203.4446324402054,0.7426338195800781,0.8843004107475281,14,True,True,96,196.61365036754265,0.9934100614282844,4,REJECTED_NOT_SELECTED,Not selected by current target association.
127,1,417.21478271484375,306.4215393066406,625.3318481445312,715.6383056640625,521.2733154296875,511.02992248535156,0.39561960701089344,0.9435104174667621,True,497.1258850097656,578.7519836425781,True,155.50534004934053,216.8701588646144,0.5639655590057373,0.701434850692749,12,True,True,96,208.74127426358945,1.186461828170369,1,REJECTED_NOT_SELECTED,Not selected by current target association.
127,2,307.21728515625,96.319091796875,487.3043212890625,525.6148681640625,397.26080322265625,310.96697998046875,0.3185494961533811,0.8612612544987749,True,383.9628448486328,291.56556701660156,True,91.94590862476237,114.22505729734551,0.7155683040618896,0.8877620100975037,15,True,True,96,116.40167952770831,0.9537331952598028,3,REJECTED_SELECTED_CANDIDATE,Temporal/body-scale discontinuity suggests target identity uncertainty.
127,3,439.59808349609375,122.72291564941406,606.1970825195312,509.3575439453125,522.8975830078125,316.0402297973633,0.3248282570776554,1.0,True,561.1763916015625,317.3176727294922,True,68.75461532233582,99.50375041824402,0.6961545944213867,0.834674596786499,15,True,True,96,108.0063733909768,0.9372959078571278,2,REJECTED_NOT_SELECTED,Not selected by current target association.
128,0,234.49835205078125,222.56561279296875,468.61663818359375,642.5912475585938,351.5574951171875,432.57843017578125,0.20328191814550023,0.5014073208822238,True,346.1051483154297,442.46815490722656,True,153.43471076641384,162.8866958850848,0.7341132164001465,0.9387132525444031,14,True,True,96,140.82927108804708,0.9632184087679032,4,REJECTED_NOT_SELECTED,Not selected by current target association.
128,1,475.9971923828125,368.79510498046875,688.93701171875,717.7324829101562,582.4671020507812,543.2637939453125,0.24076619383883813,0.6994408622877609,True,585.6208801269531,616.02587890625,True,202.96981782795058,270.69194097739273,0.6001573801040649,0.7010842561721802,12,True,True,96,270.8271971949064,1.0723308633265565,3,REJECTED_NOT_SELECTED,Not selected by current target association.
128,2,384.73699951171875,115.6263427734375,599.7035522460938,521.7325439453125,492.22027587890625,318.679443359375,0.45110869852650515,1.0,True,536.0057220458984,321.6564483642578,True,44.83579507132332,63.21986760845275,0.7205836176872253,0.9243839979171753,15,True,True,96,84.58924309049154,0.9750837696380668,1,REJECTED_SELECTED_CANDIDATE,TARGET_OVERLAP_AMBIGUOUS: multiple pose candidates plus a target-continuity jump.
128,3,382.30291748046875,122.34521484375,519.83642578125,515.325439453125,451.0696716308594,318.8353271484375,0.2792864760372573,1.0,True,459.71278381347656,300.6207580566406,True,58.1623539481807,69.02491559866294,0.5986133813858032,0.7120973467826843,13,True,True,96,71.90955526896828,0.8798240960244004,2,REJECTED_NOT_SELECTED,Not selected by current target association.
128,4,841.7864990234375,0.0,1046.5289306640625,74.27657318115234,944.15771484375,37.13828659057617,0.0,0.0,False,,,False,560.4033992970532,,0.19760286808013916,0.03836395964026451,4,False,False,96,582.0906828743854,,5,REJECTED_NOT_SELECTED,Not selected by current target association.
129,0,234.630859375,222.55706787109375,468.57427978515625,642.78955078125,351.6025695800781,432.6733093261719,0.16813885267374304,0.4202750524666318,False,346.1595153808594,442.54193115234375,True,167.443195956677,176.60634585822305,0.7335874438285828,0.9382432699203491,14,True,True,96,140.81911248449694,0.9632608362918651,4,REJECTED_NOT_SELECTED,Not selected by current target association.
129,1,476.01287841796875,368.7466735839844,689.1272583007812,717.8294677734375,582.570068359375,543.2880706787109,0.2717610884101749,0.7558238227875236,True,585.3345642089844,616.1619873046875,True,196.19153434191165,265.4238525247567,0.5983433127403259,0.6926469206809998,12,True,True,96,270.8257168310268,1.0734739021093234,3,REJECTED_NOT_SELECTED,Not selected by current target association.
129,2,384.6466064453125,115.63397216796875,599.7205810546875,521.1825561523438,492.18359375,318.40826416015625,0.46212963591055845,1.0,True,535.7875366210938,321.7835388183594,True,46.616525096415614,52.38309802102253,0.7199573516845703,0.9226652979850769,15,True,True,96,84.33829094014791,0.9766982348019142,1,REJECTED_SELECTED_CANDIDATE,Temporal/body-scale discontinuity suggests target identity uncertainty.
129,3,382.4033203125,122.264892578125,519.895263671875,515.3240966796875,451.1492919921875,318.79449462890625,0.28633094776543117,1.0,True,459.8151550292969,300.6522216796875,True,69.27225020119513,76.85647415136893,0.5977592468261719,0.7092475295066833,12,True,True,96,71.86648608840929,0.8804788256630607,2,REJECTED_NOT_SELECTED,Not selected by current target association.
129,4,841.8070068359375,0.0,1046.6788330078125,74.23660278320312,944.242919921875,37.11830139160156,0.0,0.0,False,,,False,547.9554734771149,,0.19683951139450073,0.037786997854709625,4,False,False,96,582.1718721409429,,5,REJECTED_NOT_SELECTED,Not selected by current target association.
130,0,234.63568115234375,222.5433349609375,468.64752197265625,642.6591796875,351.6416015625,432.60125732421875,0.1339507191837428,0.33916294262089497,False,346.18299865722656,442.5031433105469,True,181.64371423711134,190.58627218557794,0.7340888977050781,0.9381211400032043,14,True,True,96,140.77936732090424,0.9632332121981376,4,REJECTED_NOT_SELECTED,Not selected by current target association.
130,1,475.7638244628906,370.6004638671875,689.1900634765625,718.400390625,582.4769439697266,544.5004272460938,0.3044259908326013,0.8117456103525281,True,581.4722900390625,610.45361328125,True,191.49128097357948,254.47040278998054,0.620718777179718,0.7865888476371765,14,True,True,96,264.0097654043059,1.0388536500406966,2,REJECTED_NOT_SELECTED,Not selected by current target association.
130,2,384.569580078125,115.6275634765625,599.8267822265625,521.0335083007812,492.19818115234375,318.3305358886719,0.45923764518696564,0.9781201404330536,True,535.7489624023438,321.79249572753906,True,52.95486611073635,44.79481132514821,0.720426082611084,0.9225597381591797,15,True,True,96,84.30197840981577,0.9773277164429908,1,REJECTED_SELECTED_CANDIDATE,Valid-looking pose segment is too short to establish target identity continuity.
130,3,382.44403076171875,122.31025695800781,519.8844604492188,515.3504028320312,451.16424560546875,318.83032989501953,0.27503140806029597,0.9502668415274206,True,459.9234313964844,300.7105407714844,True,81.83859401136604,86.74679147036244,0.5983369946479797,0.7099456787109375,12,True,True,96,71.79619898822796,0.8805184389893427,3,REJECTED_NOT_SELECTED,Not selected by current target association.
130,4,841.7890625,0.0,1046.804443359375,74.22322082519531,944.2967529296875,37.111610412597656,0.0,0.0,False,,,False,535.63409958576,,0.19643470644950867,0.03739864379167557,4,False,False,96,582.219754202829,,5,REJECTED_NOT_SELECTED,Not selected by current target association.
131,0,299.077392578125,226.44940185546875,553.87060546875,649.2866821289062,426.4739990234375,437.8680419921875,0.27312538954904153,0.5713085739276662,True,412.15130615234375,447.69122314453125,True,131.64979220916737,149.01735267742214,0.7664284706115723,0.9333845376968384,15,True,True,96,94.06612209306522,0.9835335339224556,2,REJECTED_NOT_SELECTED,Not selected by current target association.
131,1,455.2921142578125,127.30859375,676.0206298828125,536.7167358398438,565.6563720703125,332.0126647949219,0.45835679405255125,0.9374462322109497,True,549.7506103515625,344.0540313720703,True,43.926626074818905,24.43108975827141,0.7810401320457458,0.9317155480384827,15,True,True,96,86.35141911757938,0.957928284392057,1,REJECTED_SELECTED_CANDIDATE,Valid-looking pose segment is too short to establish target identity continuity.
131,2,576.2203369140625,380.25048828125,765.4371337890625,704.9107666015625,670.8287353515625,542.5806274414062,0.1312677002978191,0.4544675424070856,False,673.2786865234375,629.7392578125,True,224.43061139199315,299.68974936305636,0.6249292492866516,0.7154263257980347,14,True,True,96,329.42519911021304,1.0725888043265348,3,REJECTED_NOT_SELECTED,Not selected by current target association.
132,0,299.04071044921875,226.4306640625,553.8423461914062,649.2167358398438,426.4415283203125,437.8236999511719,0.23395760049064762,0.4965101833953761,False,412.1025390625,447.44017028808594,True,144.74111101472428,161.9834797565354,0.7670676112174988,0.9334989190101624,15,True,True,96,93.8934022819777,0.9828322162408337,3,REJECTED_NOT_SELECTED,Not selected by current target association.
132,1,455.1673889160156,127.40020751953125,675.9764404296875,536.4149169921875,565.5719146728516,331.9075622558594,0.5122010731988097,0.9927055450680926,True,549.5602111816406,344.4259338378906,True,35.16730296451851,19.461000926131355,0.7792563438415527,0.9323975443840027,15,True,True,96,86.05124012409505,0.959167753725215,1,REJECTED_SELECTED_CANDIDATE,Valid-looking pose segment is too short to establish target identity continuity.
132,2,576.8306274414062,380.2245788574219,765.3976440429688,704.786865234375,671.1141357421875,542.5057220458984,0.15523380661666059,0.5172438588215399,True,673.0209045410156,629.6805419921875,True,215.36898658152052,292.56637686636793,0.6263878345489502,0.7134992480278015,14,True,True,96,329.21872288366507,1.0729698399451961,2,REJECTED_NOT_SELECTED,Not selected by current target association.
133,0,299.035888671875,226.53369140625,553.838623046875,649.261962890625,426.437255859375,437.8978271484375,0.1494039207153361,0.3244827422113296,False,412.10736083984375,447.5482177734375,True,177.0017240745148,194.1064935502415,0.7657262086868286,0.9339370131492615,15,True,True,96,93.97731520163029,0.9837097413165703,3,REJECTED_NOT_SELECTED,Not selected by current target association.
133,1,455.0943908691406,127.42730712890625,676.0609130859375,536.3142700195312,565.5776519775391,331.87078857421875,0.499465924047742,0.9272960354192143,True,549.6979064941406,344.8193054199219,True,36.29042055036612,40.236258650901796,0.7769158482551575,0.9318711161613464,15,True,True,96,86.05640756521845,0.9605196887157585,1,REJECTED_SELECTED_CANDIDATE,Valid-looking pose segment is too short to establish target identity continuity.
133,2,576.75927734375,380.1827087402344,765.412109375,704.8214111328125,671.085693359375,542.5020599365234,0.2220775683506567,0.6599499286855743,True,672.9472961425781,629.7871704101562,True,199.70997770302628,281.74539432437695,0.6255899667739868,0.7133310437202454,14,True,True,96,329.25636447765976,1.0741286024196672,2,REJECTED_NOT_SELECTED,Not selected by current target association.
134,0,355.8856201171875,229.3338623046875,646.5774536132812,659.0839233398438,501.2315368652344,444.2088928222656,0.2611727171274618,0.4526756915818225,False,484.57347106933594,441.2709655761719,True,147.10333843131176,159.49194791268357,0.7618155479431152,0.9200509786605835,16,True,True,96,71.16892698071527,0.9436351102324909,3,REJECTED_NOT_SELECTED,Not selected by current target association.
134,1,692.3038940429688,375.07086181640625,869.2399291992188,716.8424682617188,780.7719116210938,545.9566650390625,0.06051292786845619,0.19685243439148584,False,794.0669860839844,633.9178161621094,True,245.09387916319574,324.03894316682533,0.6573219895362854,0.7846131324768066,16,True,True,96,418.15968097532027,1.1626331190072465,4,REJECTED_NOT_SELECTED,Not selected by current target association.
134,2,517.0712890625,152.69923400878906,739.564453125,541.8614501953125,628.31787109375,347.2803421020508,0.5383430755657382,0.9487228690835247,True,595.7256164550781,352.4509582519531,True,14.05135490787561,26.81857897925574,0.7237327694892883,0.8497299551963806,15,True,True,96,129.15897580328576,0.9095816176215048,1,REJECTED_NOT_SELECTED,Not selected by current target association.
134,3,512.2147216796875,141.65802001953125,674.3004150390625,540.202392578125,593.257568359375,340.9302062988281,0.42539604891818816,0.9828880321817676,True,606.4357299804688,361.2519989013672,True,33.91915719000444,15.225437368985384,0.7439147233963013,0.8569611310958862,16,True,True,96,138.79453674567335,1.0137706104872595,2,REJECTED_SELECTED_CANDIDATE,Valid-looking pose segment is too short to establish target identity continuity.
135,0,355.80615234375,229.247314453125,646.9553833007812,659.1461181640625,501.3807678222656,444.19671630859375,0.20652320271248034,0.37343225651703726,False,484.66966247558594,441.5443420410156,True,165.51956335839975,178.85559673526785,0.7602394223213196,0.9206511974334717,16,True,True,96,71.45716772953541,0.9439162442841009,3,REJECTED_NOT_SELECTED,Not selected by current target association.
135,1,693.802978515625,375.1458435058594,869.2974853515625,716.7581787109375,781.5502319335938,545.9520111083984,0.0978553935487766,0.3090211825186196,False,793.971923828125,633.4417724609375,True,231.8199095903437,312.3807432312333,0.657640278339386,0.7870014905929565,16,True,True,96,417.78756093087827,1.160250388794071,4,REJECTED_NOT_SELECTED,Not selected by current target association.
135,2,517.41552734375,152.5572509765625,739.6121826171875,541.99072265625,628.5138549804688,347.27398681640625,0.5027121930821967,0.9063201845593424,True,595.6813659667969,353.20643615722656,True,19.526029554022315,48.39608013237055,0.7224734425544739,0.8399969935417175,15,True,True,96,129.00275598479058,0.9130464943580164,1,REJECTED_SELECTED_CANDIDATE,Valid-looking pose segment is too short to establish target identity continuity.
135,3,512.4241943359375,141.44244384765625,674.337890625,540.2280883789062,593.3810424804688,340.83526611328125,0.34312001320835234,0.8406146283061366,True,606.2850952148438,361.64251708984375,True,53.661603332097506,37.42273225760113,0.7426041960716248,0.8517377376556396,16,True,True,96,138.61450747237822,1.014837353602735,2,REJECTED_NOT_SELECTED,Not selected by current target association.
136,0,355.85760498046875,229.29302978515625,647.0919799804688,659.11669921875,501.47479248046875,444.2048645019531,0.15594155042253366,0.29398510675851297,False,484.42552185058594,441.27484130859375,True,184.76359237582446,198.85184484007445,0.7618176341056824,0.9199700355529785,16,True,True,96,71.13851829700994,0.9427524952398812,3,REJECTED_NOT_SELECTED,Not selected by current target association.
136,1,692.54638671875,375.1509704589844,869.3489990234375,716.6981201171875,780.9476928710938,545.9245452880859,0.14416878203787697,0.4340142047583987,False,794.2976989746094,633.64990234375,True,219.06366875356863,302.7023765832185,0.6574214696884155,0.7899572253227234,16,True,True,96,418.17191676851553,1.1624298457274131,4,REJECTED_NOT_SELECTED,Not selected by current target association.
136,2,517.2735595703125,152.62486267089844,738.96240234375,542.000244140625,628.1179809570312,347.3125534057617,0.41929646698736056,0.8006221195840515,True,595.5899047851562,352.9549102783203,True,39.57292317058041,70.45758383255112,0.723743736743927,0.842151403427124,15,True,True,96,128.94927073993375,0.9101045700010444,1,REJECTED_SELECTED_CANDIDATE,Valid-looking pose segment is too short to establish target identity continuity.
136,3,512.3894653320312,141.48960876464844,674.2865600585938,540.3165283203125,593.3380126953125,340.90306854248047,0.26911411440596306,0.6968200948558438,True,606.3790893554688,361.63916015625,True,74.77181821727136,59.38852157396712,0.7453237175941467,0.8543739914894104,16,True,True,96,138.7084885556497,1.0127685542750002,2,REJECTED_NOT_SELECTED,Not selected by current target association.
137,0,432.4866943359375,251.41033935546875,705.9033203125,653.3593139648438,569.1950073242188,452.38482666015625,0.2336405127703248,0.4432333497360007,False,559.2060546875,461.69813537597656,True,150.59251281879318,164.20265605092985,0.6622072458267212,0.8347777128219604,13,True,True,96,127.84836939258584,0.9261361100331545,5,REJECTED_NOT_SELECTED,Not selected by current target association.
137,1,798.303466796875,375.1697998046875,996.400146484375,715.7825927734375,897.351806640625,545.4761962890625,0.0,0.0,False,894.9662780761719,637.8402099609375,True,280.0963549089526,346.8809535970984,0.6663227081298828,0.7523468136787415,15,True,True,96,502.8870459842319,1.2064797733922465,6,REJECTED_NOT_SELECTED,Not selected by current target association.
137,2,574.421875,179.72991943359375,842.540771484375,559.7557983398438,708.4813232421875,369.74285888671875,0.45869194546944597,0.7690414783621908,True,670.7613830566406,376.6583251953125,True,23.01991192161608,24.114954182861823,0.6574493646621704,0.7874617576599121,15,True,True,96,202.7524969191176,0.9733854789834041,1,REJECTED_NOT_SELECTED,Not selected by current target association.
137,3,556.8870849609375,186.14222717285156,745.4996337890625,565.4112548828125,651.193359375,375.77674102783203,0.38630857748450514,0.8524548418471626,True,649.6539916992188,392.3687438964844,True,40.03114224932159,50.29407125412099,0.6689943671226501,0.8178868293762207,15,True,True,96,182.7264711860978,1.0208579687782746,2,REJECTED_SELECTED_CANDIDATE,TARGET_OVERLAP_AMBIGUOUS: multiple pose candidates plus a target-continuity jump.
137,4,628.7413330078125,173.98040771484375,760.9864501953125,553.9759521484375,694.8638916015625,363.9781799316406,0.341159835034624,1.0,True,676.4642639160156,372.44618225097656,True,8.296000626404368,17.136425138730573,0.6154941916465759,0.7344725131988525,13,True,True,96,208.40325245650763,0.9399429762728958,4,REJECTED_NOT_SELECTED,Not selected by current target association.
137,5,632.3653564453125,169.55938720703125,826.0753173828125,552.7294921875,729.2203369140625,361.1444396972656,0.37785986203179883,0.8184666840256996,True,674.4905395507812,374.68580627441406,True,41.43565939369886,20.121636548184338,0.595287561416626,0.6916239261627197,12,True,True,96,206.4460433728319,0.9692161299533578,3,REJECTED_NOT_SELECTED,Not selected by current target association.
138,0,432.44366455078125,250.2939453125,705.9979858398438,653.670166015625,569.2208251953125,451.9820556640625,0.06090800016291803,0.08482300442608644,False,558.9382629394531,461.48875427246094,True,190.49557143509026,203.93718478350638,0.666661262512207,0.8427208662033081,13,True,True,96,127.51063401909296,0.9249219744865552,4,REJECTED_NOT_SELECTED,Not selected by current target association.
138,1,798.3555908203125,375.1492919921875,996.483642578125,715.78125,897.4196166992188,545.4652709960938,0.009334334689965052,0.01646758946528243,False,895.3978881835938,637.9285888671875,True,236.2043615297342,310.4476620697508,0.664961040019989,0.747663140296936,15,True,True,96,503.3001784104862,1.2051341375976223,5,REJECTED_NOT_SELECTED,Not selected by current target association.
138,2,577.4727172851562,179.44293212890625,842.5901489257812,559.6988525390625,710.0314331054688,369.5708923339844,0.456426992315769,0.47716906350902694,True,671.3463439941406,376.3901672363281,True,30.584703369521716,69.67275663646117,0.6558053493499756,0.7830266356468201,15,True,True,96,203.33139827266393,0.9699342127732549,1,REJECTED_NOT_SELECTED,Not selected by current target association.
138,3,557.0748291015625,186.34136962890625,744.8863525390625,565.791748046875,650.9805908203125,376.0665588378906,0.260614203516288,0.35957467198983184,False,648.6325988769531,391.4762725830078,True,89.91860427739242,94.72295366424939,0.6675603985786438,0.8128281831741333,15,True,True,96,181.61379309933028,1.0148871466876674,3,REJECTED_NOT_SELECTED,Not selected by current target association.
138,4,628.7064208984375,173.71128845214844,759.0667724609375,553.843994140625,693.8865966796875,363.7776412963867,0.43639093645877053,0.6268216208257794,True,676.3229675292969,372.5995635986328,True,46.99209972823621,64.39484269054213,0.6196063756942749,0.7386033535003662,13,True,True,96,208.26230898725052,0.9406544000043242,2,REJECTED_SELECTED_CANDIDATE,Valid-looking pose segment is too short to establish target identity continuity.
139,0,432.43115234375,250.68707275390625,706.0694580078125,653.6689453125,569.2503051757812,452.1780090332031,0.06860763503909391,0.12089461923997474,False,558.8754272460938,461.47259521484375,True,208.6724315624673,222.01092177669435,0.6649631261825562,0.8398491144180298,13,True,True,96,127.45452008952904,0.9237286984237085,5,REJECTED_NOT_SELECTED,Not selected by current target association.
139,1,798.2413330078125,375.1783447265625,996.4759521484375,715.7586669921875,897.358642578125,545.468505859375,0.08464140665286937,0.19058125744064086,False,895.3183288574219,637.837890625,True,227.04361024696135,304.60053841835105,0.6645110845565796,0.7437930703163147,15,True,True,96,503.1847140113846,1.2047785953737018,4,REJECTED_NOT_SELECTED,Not selected by current target association.
139,2,577.2710571289062,179.43829345703125,842.6455688476562,559.7288208007812,709.9583129882812,369.58355712890625,0.48490453151945273,0.6416291711243292,True,671.2431335449219,376.4127655029297,True,49.25251332751651,88.47671253718563,0.6559816002845764,0.7840660214424133,15,True,True,96,203.22869594555587,0.9711895865445038,1,REJECTED_SELECTED_CANDIDATE,Temporal/body-scale discontinuity suggests target identity uncertainty.
139,3,556.9920654296875,186.3072509765625,744.5570068359375,565.8502197265625,650.7745361328125,376.0787353515625,0.19407873824150323,0.3848451924902267,False,648.8062744140625,391.77540588378906,True,108.78335028383748,113.33436375836101,0.6672902703285217,0.8131999373435974,15,True,True,96,181.8186919586771,1.0173787417548579,3,REJECTED_NOT_SELECTED,Not selected by current target association.
139,4,628.593017578125,173.65155029296875,759.083251953125,553.8735961914062,693.838134765625,363.7625732421875,0.2891580366242112,0.6644919561406364,True,676.3351135253906,372.5006866455078,True,65.21809636630594,83.00197873495215,0.6186546683311462,0.7374041676521301,13,True,True,96,208.27421467786414,0.9411841079153396,2,REJECTED_NOT_SELECTED,Not selected by current target association.
140,0,526.9259033203125,267.8046875,781.4705810546875,656.5277099609375,654.1982421875,462.16619873046875,0.21089860962460025,0.4481633085441348,False,630.3865356445312,489.32659912109375,True,158.8138980102291,194.51584117777514,0.6544631719589233,0.8203578591346741,13,True,True,96,200.26145222353315,1.0455698129019293,2,REJECTED_NOT_SELECTED,Not selected by current target association.
140,1,897.9539794921875,396.87109375,1138.9259033203125,712.844482421875,1018.43994140625,554.8577880859375,0.0,0.0,False,990.8326416015625,657.0346069335938,True,308.63112289517676,364.08164813054316,0.5446605086326599,0.6054301857948303,12,True,True,96,595.4069168545903,1.169853902079441,4,REJECTED_NOT_SELECTED,Not selected by current target association.
140,2,563.5504760742188,195.57513427734375,721.1923217773438,413.63214111328125,642.3713989257812,304.6036376953125,0.06579328369569981,0.34127566464624204,False,667.1709289550781,375.1017150878906,True,146.79003862566324,111.06425565950525,0.5785821080207825,0.7389847636222839,14,True,True,96,199.13300613391255,0.8786112177340814,3,REJECTED_NOT_SELECTED,Not selected by current target association.
140,3,557.3421020507812,191.5322265625,892.5969848632812,566.7205810546875,724.9695434570312,379.12640380859375,0.4153543468933012,0.6566349637452731,True,683.3236999511719,372.8716125488281,True,55.20796784553418,94.76179001225039,0.6726926565170288,0.751221239566803,16,True,True,96,215.26389129236938,0.8468736118270354,1,REJECTED_SELECTED_CANDIDATE,Temporal/body-scale discontinuity suggests target identity uncertainty.
141,0,526.519287109375,270.177001953125,781.5662841796875,656.3867797851562,654.0427856445312,463.2818908691406,0.1830642416423153,0.4190148887692632,False,630.32275390625,488.24757385253906,True,173.03297353654574,206.99005942794543,0.6527454853057861,0.8206010460853577,13,True,True,96,199.57958100753632,1.0425092182071087,2,REJECTED_NOT_SELECTED,Not selected by current target association.
141,1,897.8397216796875,396.99371337890625,1139.0648193359375,712.1416625976562,1018.4522705078125,554.5676879882812,0.02053083881898458,0.0646374904045746,False,990.7819213867188,657.0631713867188,True,295.9337753887094,354.9389131035309,0.5463784337043762,0.6102151274681091,12,True,True,96,595.3760585435778,1.169562561647723,4,REJECTED_NOT_SELECTED,Not selected by current target association.
141,2,563.4423217773438,195.38775634765625,721.1532592773438,413.25274658203125,642.2977905273438,304.32025146484375,0.05258474425524882,0.2945608271842771,False,668.1407165527344,374.7346496582031,True,162.22519556262398,126.60475663914167,0.5746285319328308,0.7296739816665649,14,True,True,96,200.0974075933047,0.8798703104868387,3,REJECTED_NOT_SELECTED,Not selected by current target association.
141,3,557.454833984375,191.9161376953125,892.762451171875,566.6932373046875,725.108642578125,379.3046875,0.3851858949975168,0.6503420886457224,True,683.4180908203125,372.6471405029297,True,71.18671746908839,111.19444574873246,0.6754739284515381,0.7569467425346375,16,True,True,96,215.35753585079883,0.8461772230436476,1,REJECTED_SELECTED_CANDIDATE,Temporal/body-scale discontinuity suggests target identity uncertainty.
142,0,526.28759765625,271.98748779296875,781.4375,656.48046875,653.862548828125,464.2339782714844,0.15891403499364154,0.3897117147719464,False,629.4996337890625,489.4779052734375,True,187.61458247523777,221.97153091858578,0.6610917448997498,0.8284597992897034,13,True,True,96,199.6322041972499,1.0391512600142712,2,REJECTED_NOT_SELECTED,Not selected by current target association.
142,1,897.816650390625,396.9387512207031,1139.0283203125,712.546875,1018.4224853515625,554.7428131103516,0.053720200318946684,0.17200007778011114,False,990.8298645019531,657.0585632324219,True,283.92467684008125,346.3794418839924,0.5462347865104675,0.6145551800727844,12,True,True,96,595.415945606767,1.1707831657527399,3,REJECTED_NOT_SELECTED,Not selected by current target association.
142,2,563.557861328125,195.39529418945312,721.17041015625,412.7485046386719,642.3641357421875,304.0718994140625,0.04123516708951488,0.24850696479275658,False,668.3185119628906,374.7926788330078,True,177.74067321588117,142.99367505042437,0.5763445496559143,0.7328857779502869,14,True,True,96,200.27597494638974,0.8802481112509586,4,REJECTED_NOT_SELECTED,Not selected by current target association.
142,3,556.99462890625,191.50836181640625,892.5938720703125,566.5620727539062,724.7942504882812,379.03521728515625,0.34703110498049905,0.6275082030910284,True,683.9510498046875,372.5523681640625,True,87.70075700609901,127.22126542173257,0.670583188533783,0.7480655908584595,16,True,True,96,215.89024879954715,0.8452010004382546,1,REJECTED_SELECTED_CANDIDATE,Temporal/body-scale discontinuity suggests target identity uncertainty.
143,0,564.5162353515625,190.33567810058594,859.1336669921875,658.5411376953125,711.824951171875,424.4384078979492,0.31612053415099445,0.5764298230772474,True,687.9294738769531,437.1605529785156,True,131.81372375982775,158.882521915345,0.7579747438430786,0.9266778826713562,15,True,True,96,229.30793884778805,1.2933225284523586,2,REJECTED_SELECTED_CANDIDATE,Temporal/body-scale discontinuity suggests target identity uncertainty.
143,1,716.175537109375,164.9163818359375,939.576904296875,559.0250854492188,827.876220703125,361.9707336425781,0.45594908429064185,1.0,True,780.8852844238281,384.7402038574219,True,1.303770669741054,52.18915308422454,0.7541897296905518,0.9331219792366028,15,True,True,96,313.0814201773345,1.0110407185153334,1,REJECTED_NOT_SELECTED,Not selected by current target association.
143,2,1065.86669921875,414.4197692871094,1241.82861328125,718.2701416015625,1153.84765625,566.3449554443359,0.0,0.0,False,1143.6188354492188,681.3861694335938,True,385.8699069916137,450.3797990495166,0.4304898977279663,0.3646147847175598,11,True,True,96,743.0144038324463,1.1543545074132575,3,REJECTED_NOT_SELECTED,Not selected by current target association.
144,0,564.5645751953125,190.34246826171875,859.1468505859375,658.4822387695312,711.855712890625,424.412353515625,0.2840553818898972,0.5275126536966013,True,688.0716857910156,436.97607421875,True,142.879946197019,169.76911738800823,0.7572689056396484,0.9269152283668518,15,True,True,96,229.39201286532347,1.2920234395028236,2,REJECTED_NOT_SELECTED,Not selected by current target association.
144,1,716.156982421875,165.306396484375,938.963623046875,559.245361328125,827.560302734375,362.27587890625,0.4596781988070001,1.0,True,781.0430297851562,384.6548767089844,True,12.52796237055208,63.45453727749892,0.7537434697151184,0.9336922764778137,15,True,True,96,313.23558897842105,1.0102775996540578,1,REJECTED_SELECTED_CANDIDATE,TARGET_OVERLAP_AMBIGUOUS: multiple pose candidates plus a target-continuity jump.
144,2,1065.78759765625,414.6056213378906,1240.42333984375,718.1844482421875,1153.10546875,566.3950347900391,0.0,0.0,False,1139.8704833984375,681.1151123046875,True,374.2426919681442,438.3594137515692,0.45947811007499695,0.49162977933883667,11,True,True,96,739.4946753937578,1.154467859989269,3,REJECTED_NOT_SELECTED,Not selected by current target association.
145,0,584.175048828125,192.1315155029297,899.435302734375,659.4428100585938,741.80517578125,425.7871627807617,0.3368849010295791,0.5748924831453325,True,703.7422485351562,449.11582946777344,True,128.13539580025014,172.76631317476813,0.7691786289215088,0.9610419273376465,15,True,True,96,247.96274687103974,1.2884548015284056,2,REJECTED_NOT_SELECTED,Not selected by current target association.
145,1,707.7882690429688,183.89056396484375,977.1824340820312,566.2755126953125,842.4853515625,375.0830383300781,0.5137656051261137,0.9613715334751022,True,808.1718444824219,376.17625427246094,True,16.818528903702447,46.912092607905336,0.8153384327888489,0.8989469408988953,16,True,True,96,340.13554656072046,0.9651565298916536,1,REJECTED_SELECTED_CANDIDATE,TARGET_OVERLAP_AMBIGUOUS: multiple pose candidates plus a target-continuity jump.
145,2,1144.733154296875,414.0041809082031,1279.859619140625,719.99169921875,1212.29638671875,566.9979400634766,0.0,0.0,False,1230.197265625,633.1512756347656,True,413.89334672134345,464.77879470005445,0.4819220304489136,0.3696029484272003,14,True,True,96,805.6227830896848,0.9745968168679386,3,REJECTED_NOT_SELECTED,Not selected by current target association.
146,0,700.755126953125,183.1766357421875,973.206787109375,552.7677612304688,836.98095703125,367.9721984863281,0.4481521874416749,0.8829773864313761,True,843.4591674804688,381.18572998046875,True,29.18809253954904,29.095591722543368,0.7910001277923584,0.9504945874214172,16,True,True,96,375.5090608598996,0.9373091744437382,1,REJECTED_SELECTED_CANDIDATE,Valid-looking pose segment is too short to establish target identity continuity.
146,1,594.1118774414062,192.0048828125,919.6443481445312,660.5577392578125,756.8781127929688,426.28131103515625,0.3483708477372048,0.5744625580510982,True,721.2290954589844,440.67906188964844,True,126.15142597631342,164.27661560661076,0.8015379905700684,0.9509692192077637,15,True,True,96,262.3064028147573,1.2447416764695758,2,REJECTED_NOT_SELECTED,Not selected by current target association.
146,2,1174.6005859375,404.75,1280.0,715.8245849609375,1227.30029296875,560.2872924804688,0.0,0.0,False,1234.1456298828125,630.7011108398438,True,412.31101962952255,455.88897323697745,0.31806647777557373,0.3422740399837494,9,True,True,96,808.5719077607546,0.9714128228024445,3,REJECTED_NOT_SELECTED,Not selected by current target association.
147,0,594.117431640625,192.054443359375,919.51123046875,660.5514526367188,756.8143310546875,426.3029479980469,0.3154270429602492,0.5299102780307487,True,721.5952453613281,440.8932189941406,True,137.1558461942333,175.1611425566569,0.8015961647033691,0.9509549140930176,15,True,True,96,262.7158558165445,1.2485037144048672,2,REJECTED_NOT_SELECTED,Not selected by current target association.
147,1,700.65625,183.17987060546875,973.305419921875,552.91259765625,836.9808349609375,368.0462341308594,0.41487683793227687,0.8297245428051018,True,843.4239807128906,381.3072509765625,True,41.74773443281632,39.556052779123135,0.7906275391578674,0.9504952430725098,16,True,True,96,375.4768628565896,0.93822170018173,1,REJECTED_SELECTED_CANDIDATE,Valid-looking pose segment is too short to establish target identity continuity.
147,2,1174.603759765625,404.83038330078125,1280.0,715.7869262695312,1227.3018798828125,560.3086547851562,0.0,0.0,False,1234.2440795898438,630.7674865722656,True,400.9074866156762,445.4337287365946,0.3159106969833374,0.3427732586860657,9,True,True,96,808.6864180629622,0.970409095813465,3,REJECTED_NOT_SELECTED,Not selected by current target association.
148,0,700.6322021484375,183.1988525390625,973.2000732421875,552.87646484375,836.9161376953125,368.03765869140625,0.3821269965432545,0.7765947635867471,True,843.4101867675781,381.3315734863281,True,54.472295767615655,51.05079033884843,0.7907446026802063,0.9501211047172546,16,True,True,96,375.4636739684395,0.9383965836998576,1,REJECTED_SELECTED_CANDIDATE,Valid-looking pose segment is too short to establish target identity continuity.
148,1,594.1217041015625,192.04534912109375,919.4571533203125,660.4873046875,756.7894287109375,426.2663269042969,0.2837963207753177,0.48544313836924674,False,721.2763671875,440.66514587402344,True,148.39827846446337,186.677044486685,0.8010682463645935,0.9507922530174255,15,True,True,96,262.3483876125725,1.245813751042991,2,REJECTED_NOT_SELECTED,Not selected by current target association.
148,2,1174.5992431640625,404.9078369140625,1280.0,715.78125,1227.2996215820312,560.3445434570312,0.0,0.0,False,1234.314697265625,630.7798461914062,True,389.59415218949346,435.04236736855484,0.31815987825393677,0.3462957441806793,9,True,True,96,808.7572784376731,0.9715336027510482,3,REJECTED_NOT_SELECTED,Not selected by current target association.
149,0,610.5185546875,193.2908935546875,963.96630859375,667.8187255859375,787.242431640625,430.5548095703125,0.3449733055631139,0.5318959730842837,True,769.4590148925781,465.57875061035156,True,134.44463090937342,168.64995546119064,0.7698984742164612,0.9376420378684998,15,True,True,96,315.57766914647556,1.4162882601027216,1,REJECTED_NOT_SELECTED,Not selected by current target association.
149,1,844.9199829101562,191.5498504638672,989.4384155273438,521.5670776367188,917.17919921875,356.55846405029297,0.2648333661714118,1.0,True,913.7254638671875,381.8630065917969,True,15.08627274363861,20.49063702922235,0.7066729068756104,0.8489511013031006,14,True,True,96,445.77221814573477,0.8591670376923334,2,REJECTED_SELECTED_CANDIDATE,TARGET_OVERLAP_AMBIGUOUS: multiple pose candidates plus a target-continuity jump.
150,0,610.5120849609375,193.25096130371094,964.010986328125,667.8751220703125,787.2615356445312,430.5630416870117,0.26488729303159914,0.4201704517274621,False,769.3152770996094,465.20555114746094,True,162.03511405730873,194.13757349637248,0.7706519961357117,0.9374013543128967,15,True,True,96,315.32993282648465,1.416676040654829,2,REJECTED_NOT_SELECTED,Not selected by current target association.
150,1,844.8980712890625,191.55206298828125,989.4542236328125,521.6348876953125,917.1761474609375,356.5934753417969,0.28258790789172616,1.0,True,913.6542663574219,381.82093811035156,True,19.332345223066557,27.788411893378143,0.7052142024040222,0.8490913510322571,14,True,True,96,445.7001131119039,0.8596877910524546,1,REJECTED_SELECTED_CANDIDATE,Valid-looking pose segment is too short to establish target identity continuity.
151,0,610.533203125,193.23150634765625,964.0709228515625,667.915771484375,787.3020629882812,430.5736389160156,0.1892718945153907,0.3085311746091267,False,769.1939697265625,464.79632568359375,True,190.6656449709097,221.0567679563834,0.7709518074989319,0.9375140070915222,15,True,True,96,315.09333848319864,1.416624489122042,2,REJECTED_NOT_SELECTED,Not selected by current target association.
151,1,844.792236328125,191.525390625,989.489990234375,521.66015625,917.14111328125,356.5927734375,0.2759824368274112,0.9294993991808721,True,913.4573059082031,381.867431640625,True,49.51388557498304,55.474833791267194,0.7048299908638,0.8481116890907288,14,True,True,96,445.50422283730734,0.8604276580242222,1,REJECTED_SELECTED_CANDIDATE,Temporal/body-scale discontinuity suggests target identity uncertainty.
152,0,617.318115234375,177.32769775390625,928.787841796875,623.5772094726562,773.052978515625,400.45245361328125,0.05672379703602495,0.1100652882042468,False,758.4281921386719,368.618896484375,True,226.95998894188563,238.71707227260492,0.8392052054405212,0.960966944694519,16,True,True,96,290.3869932989785,1.0264508602479727,2,REJECTED_NOT_SELECTED,Not selected by current target association.
152,1,917.9681396484375,208.62225341796875,1057.920654296875,518.8162231445312,987.9443969726562,363.71923828125,0.29733783897358046,1.0,True,978.5232543945312,386.1060028076172,True,9.175326134987072,28.696729987093104,0.7010747790336609,0.8284865021705627,16,True,True,96,510.6555044543549,0.835052801202361,1,REJECTED_SELECTED_CANDIDATE,Temporal/body-scale discontinuity suggests target identity uncertainty.
153,0,617.313232421875,177.374755859375,928.852783203125,623.98388671875,773.0830078125,400.6793212890625,0.0,0.0,False,758.1407165527344,368.78900146484375,True,270.23394533913023,282.25941130369375,0.8381282091140747,0.9588200449943542,16,True,True,96,290.0975792048917,1.0270513437782396,2,REJECTED_NOT_SELECTED,Not selected by current target association.
153,1,918.0452880859375,208.66334533691406,1057.9281005859375,518.379150390625,987.9866943359375,363.52124786376953,0.24790547544130712,0.9190439374422075,True,978.5841369628906,386.0810241699219,True,52.38771751753599,66.89044324679837,0.700782299041748,0.8287754058837891,16,True,True,96,510.7156767911103,0.8346629036580664,1,REJECTED_SELECTED_CANDIDATE,Temporal/body-scale discontinuity suggests target identity uncertainty.
154,0,617.2374267578125,177.43792724609375,928.8223876953125,623.820556640625,773.0299072265625,400.6292419433594,0.0,0.0,False,758.0159301757812,368.7726593017578,True,313.6002143002576,325.6701543602727,0.8410080075263977,0.9621567726135254,16,True,True,96,289.97298459316033,1.0257009497353604,2,REJECTED_NOT_SELECTED,Not selected by current target association.
154,1,918.0323486328125,208.6510009765625,1057.881591796875,518.357421875,987.9569702148438,363.50421142578125,0.15909133472669384,0.6696362929329074,True,978.4812927246094,386.1065979003906,True,95.77401307012957,109.19315005334859,0.7007805109024048,0.8289605379104614,16,True,True,96,510.6135750871565,0.8349380311016167,1,REJECTED_SELECTED_CANDIDATE,Temporal/body-scale discontinuity suggests target identity uncertainty.
155,0,996.718994140625,255.1900634765625,1167.601806640625,539.52490234375,1082.160400390625,397.35748291015625,0.2669964845992212,0.9860823795607507,True,1086.78955078125,455.38111877441406,True,63.68752690048369,111.02728560708081,0.6702868938446045,0.7525854706764221,14,True,True,96,624.3153005162923,0.9136147010348773,1,REJECTED_SELECTED_CANDIDATE,Temporal/body-scale discontinuity suggests target identity uncertainty.
155,1,704.40234375,229.10601806640625,1003.8603515625,699.085205078125,854.13134765625,464.0956115722656,0.00705562343661696,0.015905653459402213,False,832.9691162109375,459.07994079589844,True,294.72590164162744,312.6360438251115,0.7294625639915466,0.8937067985534668,15,True,True,96,375.14382617541213,1.0047988683723188,2,REJECTED_NOT_SELECTED,Not selected by current target association.
155,2,633.663330078125,163.86419677734375,826.533203125,635.6318359375,730.0982666015625,399.7480163574219,0.0,0.0,False,754.413330078125,375.9766540527344,True,399.3972111483664,372.9744397455671,0.7916190028190613,0.8703693747520447,16,True,True,96,286.3789336644076,1.0380460219190197,3,REJECTED_NOT_SELECTED,Not selected by current target association.
