frame_index,source_frame_index,analysis_frame_index,timestamp_ms,frame_status,frame_rejection_reason,human_target_unavailable,human_target_unavailable_reason,human_target_unavailable_note,human_target_unavailable_start_frame,human_target_unavailable_end_frame,human_target_accepted,human_target_accepted_note,human_target_accepted_start_frame,human_target_accepted_end_frame,manual_review_decision,manual_override_applied,automatic_frame_status,automatic_frame_rejection_reason,valid_target_frame,valid_segment_id,backend_pose_count,selected_pose_index,multiple_pose_candidates,competing_pose_count,competing_pose_max_iou,competing_pose_min_center_distance_fraction,competing_pose_proximity_flag,target_overlap_ambiguous_flag,identity_jump_flag,identity_uncertain_flag,pelvis_x,pelvis_y,shoulder_mid_x,shoulder_mid_y,pelvis_jump_px,shoulder_jump_px,body_scale_px,body_scale_relative_change,pose_bbox_x,pose_bbox_y,pose_bbox_width,pose_bbox_height,pose_centroid_x,pose_centroid_y,pose_scale_px,pose_scale_relative_change,roi_center_x,roi_center_y,roi_pose_centroid_distance_px,roi_pose_centroid_distance_fraction,pose_roi_overlap_fraction,pose_centroid_consistent_with_roi
0,0,0,0.0,TARGET_IDENTITY_UNCERTAIN,TARGET_OVERLAP_AMBIGUOUS: another detected person overlaps or is too close to the selected pose for automated identity acceptance.,False,,,,,False,,,,NOT_REVIEWED,False,TARGET_IDENTITY_UNCERTAIN,TARGET_OVERLAP_AMBIGUOUS: another detected person overlaps or is too close to the selected pose for automated identity acceptance.,False,,5,0,True,4,0.54502092125478,0.17092896877388114,True,True,False,False,107.45547485351562,373.0555725097656,117.02172088623047,282.6389503479004,,,90.92127708253955,,37.52685737609863,249.2018337249756,143.51334953308105,216.70203590393066,109.28353214263916,357.5528516769409,259.91508971029896,,129.28571428571428,381.42857142857144,31.147026890911324,0.08338993029378522,1.0,True
1,1,1,16.666666666666668,TARGET_IDENTITY_UNCERTAIN,TARGET_OVERLAP_AMBIGUOUS: another detected person overlaps or is too close to the selected pose for automated identity acceptance.,False,,,,,False,,,,NOT_REVIEWED,False,TARGET_IDENTITY_UNCERTAIN,TARGET_OVERLAP_AMBIGUOUS: another detected person overlaps or is too close to the selected pose for automated identity acceptance.,False,,6,0,True,5,0.6825823547714872,0.08908477648163753,True,True,False,False,122.44314575195312,359.7223320007324,137.4502296447754,277.66576766967773,20.06004938756618,21.025140095821488,83.4175779843956,0.09182064192263698,70.09619140625,244.21403980255127,103.86865234375,211.61175060272217,122.030517578125,350.01991510391235,235.7291452766405,0.295956556140832,133.92857142857144,379.6428571428571,31.923069721923735,0.08955491150772636,1.0,True
2,2,2,33.333333333333336,TARGET_IDENTITY_UNCERTAIN,TARGET_OVERLAP_AMBIGUOUS: another detected person overlaps or is too close to the selected pose for automated identity acceptance.,False,,,,,False,,,,NOT_REVIEWED,False,TARGET_IDENTITY_UNCERTAIN,TARGET_OVERLAP_AMBIGUOUS: another detected person overlaps or is too close to the selected pose for automated identity acceptance.,False,,3,0,True,2,0.63559682681618,0.11479737778634799,True,True,False,False,140.14464569091797,360.08361053466797,163.60106658935547,274.7779655456543,17.705186309899567,26.309801861844733,88.4717850410869,0.06184690114641032,79.10974884033203,243.377366065979,123.49205780029297,214.89080715179443,140.85577774047852,350.8227696418762,247.84742753980845,0.14828798994338907,138.57142857142858,377.85714285714283,27.130712970146284,0.07984838882761315,1.0,True
3,3,3,50.0,TARGET_IDENTITY_UNCERTAIN,TARGET_OVERLAP_AMBIGUOUS: another detected person overlaps or is too close to the selected pose for automated identity acceptance.,False,,,,,False,,,,NOT_REVIEWED,False,TARGET_IDENTITY_UNCERTAIN,TARGET_OVERLAP_AMBIGUOUS: another detected person overlaps or is too close to the selected pose for automated identity acceptance.,False,,4,1,True,3,0.6653433648441389,0.10550218176923348,True,True,False,False,138.393798828125,358.2015914916992,162.16678619384766,274.0475845336914,2.570498086956882,1.6095392743185806,87.44742314887979,0.012534826526667275,95.09606552124023,244.1332540512085,108.4756965637207,217.49485874176025,149.3339138031006,352.8806834220886,243.0452433685602,0.05876296843297048,149.88095238095238,378.57142857142856,25.696568594541787,0.0754479260477973,1.0,True
4,4,4,66.66666666666667,TARGET_IDENTITY_UNCERTAIN,TARGET_OVERLAP_AMBIGUOUS: another detected person overlaps or is too close to the selected pose for automated identity acceptance.,False,,,,,False,,,,NOT_REVIEWED,False,TARGET_IDENTITY_UNCERTAIN,TARGET_OVERLAP_AMBIGUOUS: another detected person overlaps or is too close to the selected pose for automated identity acceptance.,False,,2,0,True,1,0.089669386023308,0.3305246181880855,True,True,False,False,144.01027297973633,354.97751235961914,170.6026382446289,266.05849266052246,6.476068880550331,11.618484788499932,92.81026858397625,0.0656236216220666,130.71316528320312,239.0,89.84976196289062,220.1746826171875,175.63804626464844,349.08734130859375,237.80216691688778,0.06415804247282562,161.1904761904762,379.28571428571433,33.47646951984937,0.09804556708427486,1.0,True
5,5,5,83.33333333333333,VALID_TARGET,HUMAN_ACCEPTED_TARGET: operator reviewed the raw skeleton and confirmed that it belongs to the documented athlete.,False,,,,,True,,5.0,45.0,ACCEPTED,True,TARGET_IDENTITY_UNCERTAIN,TARGET_OVERLAP_AMBIGUOUS: another detected person overlaps or is too close to the selected pose for automated identity acceptance.,True,1,3,0,True,2,0.45419764915992045,0.14034336727606814,True,True,False,False,150.68544578552246,360.8268013000488,168.31233596801758,277.266149520874,8.875365518993556,11.439276935962189,85.39958889401197,0.0906823897541255,106.1088752746582,239.26990389823914,122.23235702514648,228.5167019367218,167.22505378723145,353.52825486660004,259.15368445761953,0.2612724765439181,172.5,380.0,26.99219049938863,0.07884829124097767,1.0,True
6,6,6,100.0,VALID_TARGET,HUMAN_ACCEPTED_TARGET: operator reviewed the raw skeleton and confirmed that it belongs to the documented athlete.,False,,,,,True,,5.0,45.0,ACCEPTED,True,TARGET_IDENTITY_UNCERTAIN,TARGET_OVERLAP_AMBIGUOUS: another detected person overlaps or is too close to the selected pose for automated identity acceptance.,True,1,2,0,True,1,0.09173315473417323,0.2974707417006024,True,True,False,False,168.7314624786377,360.0690612792969,181.8995590209961,273.0144100189209,18.06191818238702,14.236920983269501,88.04493780232087,0.03237038581815625,128.23114013671875,240.07569980621338,98.25320434570312,228.17062282562256,177.3577423095703,354.16101121902466,248.42609622346643,0.1312704607498602,183.8095238095238,380.71428571428567,27.325846207278207,0.07960569434149328,1.0,True
7,7,7,116.66666666666667,VALID_TARGET,HUMAN_ACCEPTED_TARGET: operator reviewed the raw skeleton and confirmed that it belongs to the documented athlete.,False,,,,,True,,5.0,45.0,ACCEPTED,True,TARGET_IDENTITY_UNCERTAIN,TARGET_OVERLAP_AMBIGUOUS: another detected person overlaps or is too close to the selected pose for automated identity acceptance.,True,1,2,0,True,1,0.36922272014334484,0.16891102711984676,True,True,False,False,175.62286376953125,360.63158416748047,209.70691299438477,284.80087661743164,6.914321640758388,30.202147769308464,83.13855073973367,0.06003806971938842,141.45787811279297,256.39805030822754,99.14318084716797,219.9888515472412,191.02946853637695,366.39247608184814,241.29746188795352,0.08723108058536788,195.1190476190476,381.42857142857144,15.582323971384092,0.04526582679551692,1.0,True
8,8,8,133.33333333333334,VALID_TARGET,HUMAN_ACCEPTED_TARGET: operator reviewed the raw skeleton and confirmed that it belongs to the documented athlete.,False,,,,,True,,5.0,45.0,ACCEPTED,True,TARGET_IDENTITY_UNCERTAIN,TARGET_OVERLAP_AMBIGUOUS: another detected person overlaps or is too close to the selected pose for automated identity acceptance.,True,1,2,0,True,1,0.4258844880047852,0.16552411381221796,True,True,False,False,188.41572952270508,357.238826751709,224.93909454345703,278.0171241760254,13.235113035444774,16.67449105460742,87.23551083950366,0.050133341085780145,175.00946807861328,250.98148345947266,82.31375885009766,223.97933197021484,216.1663475036621,362.9711494445801,238.62584949216154,0.03269176468053893,206.42857142857142,382.1428571428571,21.50299186059427,0.062281210521390185,1.0,True
9,9,9,150.0,VALID_TARGET,HUMAN_ACCEPTED_TARGET: operator reviewed the raw skeleton and confirmed that it belongs to the documented athlete.,False,,,,,True,,5.0,45.0,ACCEPTED,True,TARGET_IDENTITY_UNCERTAIN,TARGET_OVERLAP_AMBIGUOUS: another detected person overlaps or is too close to the selected pose for automated identity acceptance.,True,1,3,0,True,2,0.31416223111712915,0.18663628832666387,True,True,False,False,188.72504997253418,359.2634811401367,222.72514724731445,275.17803955078125,2.0481466093183274,3.600272786803063,90.69932801278867,0.04238575030711903,171.87135696411133,240.6965413093567,71.04964828491211,233.27910566329956,207.39618110656738,357.33609414100647,243.85896264127467,0.06403612435954627,219.28571428571428,381.96428571428567,27.347921664875656,0.07894979665241009,1.0,True
10,10,10,166.66666666666666,VALID_TARGET,HUMAN_ACCEPTED_TARGET: operator reviewed the raw skeleton and confirmed that it belongs to the documented athlete.,False,,,,,True,,5.0,45.0,ACCEPTED,True,TARGET_IDENTITY_UNCERTAIN,TARGET_OVERLAP_AMBIGUOUS: another detected person overlaps or is too close to the selected pose for automated identity acceptance.,True,1,2,0,True,1,0.14651284819977792,0.30850148447567677,True,True,False,False,191.6137981414795,356.92626190185547,220.7430191040039,273.28943824768066,3.7158390373342174,2.737817900916156,88.56426923338275,0.02612610994970538,173.04876327514648,238.89414739608765,73.02435684204102,231.99012994766235,209.560941696167,354.8892123699188,243.21179470849478,0.007919210810877845,232.14285714285714,381.7857142857143,35.11929271138375,0.1010501721235862,1.0,True
11,11,11,183.33333333333331,VALID_TARGET,HUMAN_ACCEPTED_TARGET: operator reviewed the raw skeleton and confirmed that it belongs to the documented athlete.,False,,,,,True,,5.0,45.0,ACCEPTED,True,TARGET_IDENTITY_UNCERTAIN,TARGET_OVERLAP_AMBIGUOUS: another detected person overlaps or is too close to the selected pose for automated identity acceptance.,True,1,2,0,True,1,0.2630816001708438,0.18110341167386335,True,True,False,False,200.76158332824707,358.7020378112793,235.0489273071289,282.5953369140625,9.318548916206554,17.066304799376063,83.47365978908907,0.06229234685971109,171.63195419311523,251.85333061218262,100.18331527709961,230.54617500305176,221.72361183166504,367.1264181137085,251.37270231361342,0.09986271639792625,245.0,381.6071428571429,27.41316536371013,0.07861606542936023,1.0,True
12,12,12,200.0,VALID_TARGET,HUMAN_ACCEPTED_TARGET: operator reviewed the raw skeleton and confirmed that it belongs to the documented athlete.,False,,,,,True,,5.0,45.0,ACCEPTED,True,TARGET_IDENTITY_UNCERTAIN,TARGET_OVERLAP_AMBIGUOUS: another detected person overlaps or is too close to the selected pose for automated identity acceptance.,True,1,5,0,True,4,0.614070051335438,0.09822531137961825,True,True,False,False,216.54032707214355,366.111328125,244.1325454711914,285.78763580322266,17.431762305875672,9.628234061769549,84.93071331611614,0.017829551587477788,206.45100021362305,247.87545776367188,103.39247512817383,228.9829559326172,258.14723777770996,362.36693572998047,251.24330442972794,0.0015834052787023366,257.85714285714283,381.42857142857144,19.063843016788002,0.054490368412634,1.0,True
13,13,13,216.66666666666669,VALID_TARGET,HUMAN_ACCEPTED_TARGET: operator reviewed the raw skeleton and confirmed that it belongs to the documented athlete.,False,,,,,True,,5.0,45.0,ACCEPTED,True,TARGET_IDENTITY_UNCERTAIN,TARGET_OVERLAP_AMBIGUOUS: another detected person overlaps or is too close to the selected pose for automated identity acceptance.,True,1,4,0,True,3,0.15585208731228958,0.24921004284264947,True,True,False,False,230.6661148071289,369.56236267089844,265.6272506713867,290.5558605194092,14.541235111600631,22.017227767985585,86.39622910250407,0.017933101860012263,211.81027603149414,261.56308364868164,109.86924362182617,208.03786849975586,266.7448978424072,365.58201789855957,235.26794389366756,0.1954859650128374,263.57142857142856,381.25,15.9861368174085,0.04568521435770313,1.0,True
14,14,14,233.33333333333334,VALID_TARGET,HUMAN_ACCEPTED_TARGET: operator reviewed the raw skeleton and confirmed that it belongs to the documented athlete.,False,,,,,True,,5.0,45.0,ACCEPTED,True,TARGET_IDENTITY_UNCERTAIN,TARGET_OVERLAP_AMBIGUOUS: another detected person overlaps or is too close to the selected pose for automated identity acceptance.,True,1,4,0,True,3,0.2476959139056411,0.24805993054483735,True,True,False,False,244.45024299621582,370.59791564941406,269.75461196899414,284.0767478942871,13.822972180558459,7.68205777705452,90.14556871428194,0.045879607569094795,210.11878395080566,247.91584014892578,125.6232967376709,206.1607437133789,272.9304323196411,350.99621200561523,241.41968629690166,0.07527713052184874,269.2857142857143,381.07142857142856,30.295257401570357,0.08656202442565186,1.0,True
15,15,15,250.0,VALID_TARGET,HUMAN_ACCEPTED_TARGET: operator reviewed the raw skeleton and confirmed that it belongs to the documented athlete.,False,,,,,True,,5.0,45.0,ACCEPTED,True,TARGET_IDENTITY_UNCERTAIN,TARGET_OVERLAP_AMBIGUOUS: another detected person overlaps or is too close to the selected pose for automated identity acceptance.,True,1,3,0,True,2,0.1157477273167061,0.2479329286357424,True,True,False,False,242.35567474365234,367.9028778076172,273.0276679992676,286.4423942565918,3.413274839998088,4.038462391652882,87.04356122447763,0.03795838762152821,212.30290603637695,251.80832290649414,122.73110580444336,209.89104843139648,273.66845893859863,356.7538471221924,243.14024048604603,0.021053934605266247,275.0,380.8928571428571,24.17570694676683,0.06906377700362178,1.0,True
16,16,16,266.6666666666667,VALID_TARGET,HUMAN_ACCEPTED_TARGET: operator reviewed the raw skeleton and confirmed that it belongs to the documented athlete.,False,,,,,True,,5.0,45.0,ACCEPTED,True,TARGET_IDENTITY_UNCERTAIN,TARGET_OVERLAP_AMBIGUOUS: another detected person overlaps or is too close to the selected pose for automated identity acceptance.,True,1,5,0,True,4,0.21027653316045966,0.24303762376833338,True,True,False,False,242.4593334197998,370.74369049072266,272.23591232299805,286.52539825439453,2.842703259510837,0.7960946643184208,89.32729369225264,0.02794538779180759,211.00845527648926,248.57751655578613,122.56417655944824,213.53962516784668,272.2905435562134,355.3473291397095,246.21362450628123,0.037608130326357916,280.7142857142857,380.71428571428567,26.72904633169915,0.0763432708830588,1.0,True
17,17,17,283.3333333333333,VALID_TARGET,HUMAN_ACCEPTED_TARGET: operator reviewed the raw skeleton and confirmed that it belongs to the documented athlete.,False,,,,,True,,5.0,45.0,ACCEPTED,True,TARGET_IDENTITY_UNCERTAIN,TARGET_OVERLAP_AMBIGUOUS: another detected person overlaps or is too close to the selected pose for automated identity acceptance.,True,1,3,0,True,2,0.28034982492720384,0.18814539706317995,True,True,False,False,247.86201858520508,364.7596969604492,283.2652931213379,287.50470542907715,8.06208320267439,11.072772161350224,84.98073643122399,0.05318759089898324,222.2408790588379,251.9089756011963,131.95042037963867,224.98209190368652,288.2160892486572,364.40002155303955,260.82150048591126,0.17875244356582387,290.17857142857144,380.17857142857144,15.900124920299476,0.04503649838121341,1.0,True
18,18,18,300.0,VALID_TARGET,HUMAN_ACCEPTED_TARGET: operator reviewed the raw skeleton and confirmed that it belongs to the documented athlete.,False,,,,,True,,5.0,45.0,ACCEPTED,True,TARGET_IDENTITY_UNCERTAIN,TARGET_OVERLAP_AMBIGUOUS: another detected person overlaps or is too close to the selected pose for automated identity acceptance.,True,1,6,0,True,5,0.1669415062081229,0.21600015775433098,True,True,False,False,267.6856575012207,361.27332305908203,296.7697696685791,285.635347366333,20.127877753322714,13.633245629039859,81.03696037895534,0.048258871255645305,226.53343963623047,254.27986335754395,143.41411590576172,229.5264720916748,298.2404975891113,369.04309940338135,270.6473905876087,0.12023663593097836,299.64285714285717,379.6428571428571,10.692122167912157,0.03002828292846422,1.0,True
19,19,19,316.66666666666663,VALID_TARGET,HUMAN_ACCEPTED_TARGET: operator reviewed the raw skeleton and confirmed that it belongs to the documented athlete.,False,,,,,True,,5.0,45.0,ACCEPTED,True,TARGET_IDENTITY_UNCERTAIN,TARGET_OVERLAP_AMBIGUOUS: another detected person overlaps or is too close to the selected pose for automated identity acceptance.,True,1,5,0,True,4,0.1273291469062273,0.21472695041569612,True,True,False,False,279.289888381958,360.5648651123047,305.83538246154785,284.8666076660156,11.625837044953332,9.098147945537198,80.21776259865516,0.010024291361492375,234.99704456329346,251.8332805633545,136.99456310272217,231.919038772583,303.49432611465454,367.792799949646,269.3584059666685,0.01577293995602934,309.10714285714283,379.1071428571428,12.630046207879825,0.03516450448199565,1.0,True
20,20,20,333.3333333333333,VALID_TARGET,HUMAN_ACCEPTED_TARGET: operator reviewed the raw skeleton and confirmed that it belongs to the documented athlete.,False,,,,,True,,5.0,45.0,ACCEPTED,True,TARGET_IDENTITY_UNCERTAIN,TARGET_OVERLAP_AMBIGUOUS: another detected person overlaps or is too close to the selected pose for automated identity acceptance.,True,1,4,0,True,3,0.07610040790317261,0.25879193468670125,True,True,False,False,283.3638725280762,359.51461029052734,315.77729415893555,287.4825897216797,4.207182193997392,10.280319562844856,78.98887193175223,0.01503758725022368,243.99598693847656,257.80310821533203,130.2955322265625,220.5293197631836,309.1437530517578,368.0677680969238,256.1446985463796,0.16169239752816733,318.57142857142856,378.57142857142856,14.114104614458258,0.03895121140967019,1.0,True
21,21,21,350.0,VALID_TARGET,HUMAN_ACCEPTED_TARGET: operator reviewed the raw skeleton and confirmed that it belongs to the documented athlete.,False,,,,,True,,5.0,45.0,ACCEPTED,True,TARGET_IDENTITY_UNCERTAIN,TARGET_OVERLAP_AMBIGUOUS: another detected person overlaps or is too close to the selected pose for automated identity acceptance.,True,1,5,0,True,4,0.09158321088317037,0.2506317574660251,True,True,False,False,284.7950439453125,361.0661087036133,315.739465713501,288.3211898803711,2.110781597257855,0.8394529274719625,79.05302304888556,0.0007849990622217365,241.8822374343872,259.0764350891113,134.87212657928467,215.2308464050293,309.31830072402954,366.691858291626,253.99765308412574,0.026272787594853745,323.3333333333333,380.1190476190476,19.409032749580106,0.05310105523604131,1.0,True
22,22,22,366.66666666666663,VALID_TARGET,HUMAN_ACCEPTED_TARGET: operator reviewed the raw skeleton and confirmed that it belongs to the documented athlete.,False,,,,,True,,5.0,45.0,ACCEPTED,True,TARGET_IDENTITY_UNCERTAIN,TARGET_OVERLAP_AMBIGUOUS: another detected person overlaps or is too close to the selected pose for automated identity acceptance.,True,1,6,0,True,5,0.11300612589985118,0.24857114014099063,True,True,False,False,300.9598865509033,365.5736389160156,321.6952877044678,286.5267639160156,16.78153643380856,6.220271708666491,81.72126594874108,0.032650533112508866,255.49036979675293,255.09621810913086,123.83981513977051,218.53706741333008,317.4102773666382,364.3647518157959,251.18668286250946,0.03439704694955953,328.0952380952381,381.66666666666674,20.33530534018378,0.05515756715624051,1.0,True
23,23,23,383.33333333333337,VALID_TARGET,HUMAN_ACCEPTED_TARGET: operator reviewed the raw skeleton and confirmed that it belongs to the documented athlete.,False,,,,,True,,5.0,45.0,ACCEPTED,True,TARGET_IDENTITY_UNCERTAIN,TARGET_OVERLAP_AMBIGUOUS: another detected person overlaps or is too close to the selected pose for automated identity acceptance.,True,1,4,1,True,3,0.07857420495840144,0.2645204319240077,True,True,False,False,296.16913414001465,362.32928466796875,323.544340133667,285.0171184539795,5.7859435833108,2.387053478029728,82.01568720613393,0.0036027495900213826,257.4752025604248,256.2207221984863,119.69645881652832,224.8081169128418,317.32343196868896,368.6247806549072,254.6879103591586,0.04284352984503751,332.8571428571429,383.21428571428567,21.31079144104463,0.05731028295651839,1.0,True
24,24,24,400.0,VALID_TARGET,HUMAN_ACCEPTED_TARGET: operator reviewed the raw skeleton and confirmed that it belongs to the documented athlete.,False,,,,,True,,5.0,45.0,ACCEPTED,True,TARGET_IDENTITY_UNCERTAIN,TARGET_OVERLAP_AMBIGUOUS: another detected person overlaps or is too close to the selected pose for automated identity acceptance.,True,1,5,1,True,4,0.03061414404672937,0.2937851586931048,True,True,False,False,310.3450393676758,360.71634674072266,333.7069606781006,283.80346488952637,14.267370387733655,10.234833232869676,80.38265212078139,0.01998298810467342,261.535044670105,253.5286636352539,107.3501558303833,222.17134857177734,315.21012258529663,364.6143379211426,246.74716631201616,0.09716863725683338,337.61904761904765,384.7619047619048,30.134438285311624,0.08035223449990496,1.0,True
25,25,25,416.6666666666667,VALID_TARGET,HUMAN_ACCEPTED_TARGET: operator reviewed the raw skeleton and confirmed that it belongs to the documented athlete.,False,,,,,True,,5.0,45.0,ACCEPTED,True,TARGET_IDENTITY_UNCERTAIN,TARGET_OVERLAP_AMBIGUOUS: another detected person overlaps or is too close to the selected pose for automated identity acceptance.,True,1,6,1,True,5,0.10265516925327037,0.25070810782420394,True,True,False,False,318.7025203704834,364.66968536376953,342.6341953277588,285.15429306030273,9.245343421461659,9.028856806762473,83.03868182621223,0.03250108370931025,277.6806468963623,252.40382766723633,109.42350959777832,228.7577018737793,332.39240169525146,366.782678604126,253.58152657334477,0.08363013203460899,342.3809523809524,386.30952380952385,21.933281297525614,0.05799139419351463,1.0,True
26,26,26,433.33333333333337,VALID_TARGET,HUMAN_ACCEPTED_TARGET: operator reviewed the raw skeleton and confirmed that it belongs to the documented athlete.,False,,,,,True,,5.0,45.0,ACCEPTED,True,TARGET_IDENTITY_UNCERTAIN,TARGET_OVERLAP_AMBIGUOUS: another detected person overlaps or is too close to the selected pose for automated identity acceptance.,True,1,5,1,True,4,0.044446890188922394,0.2527041516137328,True,True,False,False,329.25639724731445,360.39005279541016,354.3096389770508,286.63756561279297,11.38857199351488,11.76928552940932,77.8915546563985,0.06298393826941225,303.04397201538086,253.1983299255371,80.9921760559082,224.80026626586914,343.54006004333496,365.5984630584717,238.945375128871,0.17909844242567363,347.14285714285717,387.8571428571429,22.548369637738766,0.05911847837741139,1.0,True
27,27,27,450.0,VALID_TARGET,HUMAN_ACCEPTED_TARGET: operator reviewed the raw skeleton and confirmed that it belongs to the documented athlete.,False,,,,,True,,5.0,45.0,ACCEPTED,True,TARGET_IDENTITY_UNCERTAIN,TARGET_OVERLAP_AMBIGUOUS: another detected person overlaps or is too close to the selected pose for automated identity acceptance.,True,1,6,1,True,5,0.05631094667350774,0.2761551265843664,True,True,False,False,330.86522483825684,359.9011001586914,354.22715759277344,284.789005279541,1.6814877038895315,1.850399547239698,78.66134183422659,0.00941966780483962,306.4798698425293,254.3191795349121,77.54541397094727,221.83127212524414,345.25257682800293,365.2348155975342,234.99447763858134,0.048346014276967116,356.42857142857144,386.90476190476187,24.382153889065414,0.06339490539879704,1.0,True
28,28,28,466.6666666666667,VALID_TARGET,HUMAN_ACCEPTED_TARGET: operator reviewed the raw skeleton and confirmed that it belongs to the documented athlete.,False,,,,,True,,5.0,45.0,ACCEPTED,True,TARGET_IDENTITY_UNCERTAIN,TARGET_OVERLAP_AMBIGUOUS: another detected person overlaps or is too close to the selected pose for automated identity acceptance.,True,1,4,1,True,3,0.1461527380740675,0.2296541154911939,True,True,False,False,346.7788143157959,363.1964874267578,360.40032958984375,286.3979797363281,16.2512124872631,6.379408382288004,77.99715675483374,0.00812744481723344,314.6116409301758,254.32610321044922,89.19932556152344,234.77747344970703,359.2113037109375,371.71483993530273,251.15131239963398,0.197706613737321,365.71428571428567,385.95238095238096,15.652359219902126,0.04036110901404283,1.0,True
29,29,29,483.3333333333333,VALID_TARGET,HUMAN_ACCEPTED_TARGET: operator reviewed the raw skeleton and confirmed that it belongs to the documented athlete.,False,,,,,True,,5.0,45.0,ACCEPTED,True,TARGET_IDENTITY_UNCERTAIN,TARGET_OVERLAP_AMBIGUOUS: another detected person overlaps or is too close to the selected pose for automated identity acceptance.,True,1,4,1,True,3,0.11738626664075658,0.25159842347538125,True,True,False,False,348.6966800689697,361.7638702392578,359.433141708374,284.2992134094238,2.3938673841960054,2.310902960534962,78.20514475594521,0.002545090298061859,312.9548568725586,254.30316925048828,83.65155029296875,235.58443450927734,354.78063201904297,372.09538650512695,249.99521525315853,0.014146833545145976,375.00000000000006,385.0,23.98649392890533,0.06134476709532664,1.0,True
30,30,30,500.0,VALID_TARGET,HUMAN_ACCEPTED_TARGET: operator reviewed the raw skeleton and confirmed that it belongs to the documented athlete.,False,,,,,True,,5.0,45.0,ACCEPTED,True,TARGET_IDENTITY_UNCERTAIN,TARGET_OVERLAP_AMBIGUOUS: another detected person overlaps or is too close to the selected pose for automated identity acceptance.,True,1,4,1,True,3,0.08500833070107268,0.24737132051701197,True,True,False,False,363.473388671875,366.55601501464844,366.8383979797363,286.3110237121582,15.53434159156668,7.6736693399402425,80.31551479495556,0.025824000821696263,334.90979385375977,254.7740364074707,63.71927261352539,236.64847946166992,366.76943016052246,373.09827613830566,245.0768216986608,0.06018498976242908,384.28571428571433,384.04761904761904,20.65691941457341,0.05239983371772957,1.0,True
31,31,31,516.6666666666667,VALID_TARGET,HUMAN_ACCEPTED_TARGET: operator reviewed the raw skeleton and confirmed that it belongs to the documented athlete.,False,,,,,True,,5.0,45.0,ACCEPTED,True,TARGET_IDENTITY_UNCERTAIN,TARGET_OVERLAP_AMBIGUOUS: another detected person overlaps or is too close to the selected pose for automated identity acceptance.,True,1,4,1,True,3,0.0905176317902941,0.2421514783853367,True,True,False,False,370.2522735595703,368.4274139404297,378.2795352935791,286.49092864990234,7.032454355347008,11.442551674378848,82.32875896496367,0.024635499054443143,352.6556739807129,252.9790382385254,58.865169525146484,240.9897117614746,382.08825874328613,373.4738941192627,248.07488659294566,0.03668647150137592,393.57142857142856,383.0952380952381,14.981103070401664,0.03769533106594447,1.0,True
32,32,32,533.3333333333334,VALID_TARGET,HUMAN_ACCEPTED_TARGET: operator reviewed the raw skeleton and confirmed that it belongs to the documented athlete.,False,,,,,True,,5.0,45.0,ACCEPTED,True,TARGET_IDENTITY_UNCERTAIN,TARGET_OVERLAP_AMBIGUOUS: another detected person overlaps or is too close to the selected pose for automated identity acceptance.,True,1,5,2,True,4,0.24063139455195676,0.18151303711025094,True,True,False,False,375.84158515930176,363.3252944946289,390.437105178833,284.8587455749512,7.567828420234629,12.266642862046231,79.81245832578217,0.030791258676289002,363.503849029541,251.6866569519043,67.13999557495117,242.24287796020508,397.0738468170166,372.80809593200684,251.37500060317709,0.04038256103743414,402.8571428571429,382.1428571428571,10.981087375635223,0.027409052563763612,1.0,True
33,33,33,550.0,VALID_TARGET,HUMAN_ACCEPTED_TARGET: operator reviewed the raw skeleton and confirmed that it belongs to the documented athlete.,False,,,,,True,,5.0,45.0,ACCEPTED,True,TARGET_IDENTITY_UNCERTAIN,TARGET_OVERLAP_AMBIGUOUS: another detected person overlaps or is too close to the selected pose for automated identity acceptance.,True,1,5,1,True,4,0.17159061512587953,0.20066471735357122,True,True,False,False,380.2501926422119,367.4929504394531,389.3515396118164,285.84740829467773,6.066726960462295,1.4683005733395322,82.15125725620652,0.028619220508543475,366.91515731811523,252.05364227294922,56.05894088745117,244.00293731689453,394.9446277618408,374.0551109313965,250.3598176079682,0.012422506962210289,408.9795918367347,383.36734693877554,16.84333565659394,0.04177426082196406,1.0,True
34,34,34,566.6666666666666,VALID_TARGET,HUMAN_ACCEPTED_TARGET: operator reviewed the raw skeleton and confirmed that it belongs to the documented athlete.,False,,,,,True,,5.0,45.0,ACCEPTED,True,TARGET_IDENTITY_UNCERTAIN,TARGET_OVERLAP_AMBIGUOUS: another detected person overlaps or is too close to the selected pose for automated identity acceptance.,True,1,6,0,True,5,0.30644878086324073,0.1503362670368623,True,True,False,False,392.1280212402344,367.8676452636719,398.4046039581299,283.31382751464844,11.883737140112808,9.40090451113222,84.78645874518911,0.0322462147201133,369.77663803100586,250.06891250610352,66.6392936706543,237.59316635131836,403.096284866333,368.8654956817627,246.7616423955898,0.04402985160111605,415.10204081632656,384.59183673469386,19.785246494393586,0.04876086391224761,1.0,True
35,35,35,583.3333333333334,VALID_TARGET,HUMAN_ACCEPTED_TARGET: operator reviewed the raw skeleton and confirmed that it belongs to the documented athlete.,False,,,,,True,,5.0,45.0,ACCEPTED,True,TARGET_IDENTITY_UNCERTAIN,TARGET_OVERLAP_AMBIGUOUS: another detected person overlaps or is too close to the selected pose for automated identity acceptance.,True,1,6,0,True,5,0.3306876264690944,0.14655946038546291,True,True,False,False,392.27671241760254,366.94910430908203,399.33457946777344,285.1175956726074,0.9304980126179487,2.029392523935066,82.13531087796105,0.032441346037039735,370.71030044555664,251.54883575439453,73.64580154418945,232.24214935302734,407.53320121765137,367.6699104309082,243.63932363475317,0.038206930895993224,421.22448979591843,385.8163265306122,22.73199947644249,0.05567162145473385,1.0,True
36,36,36,600.0,VALID_TARGET,HUMAN_ACCEPTED_TARGET: operator reviewed the raw skeleton and confirmed that it belongs to the documented athlete.,False,,,,,True,,5.0,45.0,ACCEPTED,True,TARGET_IDENTITY_UNCERTAIN,TARGET_OVERLAP_AMBIGUOUS: another detected person overlaps or is too close to the selected pose for automated identity acceptance.,True,1,6,0,True,5,0.2883850476641653,0.14775374568420757,True,True,False,False,400.6989231109619,366.04337310791016,409.7876777648926,278.48493576049805,8.47077221816956,12.379799736624895,88.0288896435712,0.07211805516212698,374.2528190612793,244.68317794799805,75.3079948425293,242.1974983215332,411.90681648254395,365.78192710876465,253.63541211828348,0.12231930535437704,427.3469387755101,387.0408163265306,26.274279194584896,0.06394553050757212,1.0,True
37,37,37,616.6666666666667,VALID_TARGET,HUMAN_ACCEPTED_TARGET: operator reviewed the raw skeleton and confirmed that it belongs to the documented athlete.,False,,,,,True,,5.0,45.0,ACCEPTED,True,TARGET_IDENTITY_UNCERTAIN,TARGET_OVERLAP_AMBIGUOUS: another detected person overlaps or is too close to the selected pose for automated identity acceptance.,True,1,5,0,True,4,0.058984993323395886,0.24672336675719644,True,True,False,False,409.9964942932129,362.66060638427734,417.4554958343506,278.14965057373047,9.89383346309919,7.675144956466458,84.8394858306137,0.03902783169019962,379.72521209716797,245.53480529785156,79.53369903564453,242.9352569580078,419.49206161499023,367.00243377685547,255.62305912328364,0.024322273791584303,433.46938775510205,388.2653061224489,25.445537652249673,0.06154472115574878,1.0,True
38,38,38,633.3333333333333,VALID_TARGET,HUMAN_ACCEPTED_TARGET: operator reviewed the raw skeleton and confirmed that it belongs to the documented athlete.,False,,,,,True,,5.0,45.0,ACCEPTED,True,TARGET_IDENTITY_UNCERTAIN,TARGET_OVERLAP_AMBIGUOUS: another detected person overlaps or is too close to the selected pose for automated identity acceptance.,True,1,4,0,True,3,0.03951033381634391,0.277140338402709,True,True,False,False,427.2695255279541,358.32262420654297,430.90224838256836,276.2805938720703,17.809427206136824,13.576027660807926,82.12241726070275,0.03324799901674561,382.11401557922363,242.73948669433594,93.88348960876465,243.1424102783203,429.05576038360596,364.3106918334961,260.6383342815674,0.06137050252537116,439.59183673469386,389.48979591836735,27.294618286261745,0.06561036226639823,1.0,True
39,39,39,650.0,VALID_TARGET,HUMAN_ACCEPTED_TARGET: operator reviewed the raw skeleton and confirmed that it belongs to the documented athlete.,False,,,,,True,,5.0,45.0,ACCEPTED,True,TARGET_IDENTITY_UNCERTAIN,TARGET_OVERLAP_AMBIGUOUS: another detected person overlaps or is too close to the selected pose for automated identity acceptance.,True,1,6,0,True,5,0.05707239903930606,0.351444922357593,True,True,False,False,427.60693740844727,359.94232177734375,429.9303379058838,276.2517623901367,1.6544687963077107,0.9723380220066044,83.72280406445496,0.019583480323910343,385.9412956237793,246.9296112060547,89.25216293334961,235.62318420410156,430.5673770904541,364.74120330810547,251.9607777467778,0.10618480311149966,445.7142857142857,390.71428571428567,30.06708915969306,0.07183221785517258,1.0,True
40,40,40,666.6666666666666,VALID_TARGET,HUMAN_ACCEPTED_TARGET: operator reviewed the raw skeleton and confirmed that it belongs to the documented athlete.,False,,,,,True,,5.0,45.0,ACCEPTED,True,TARGET_IDENTITY_UNCERTAIN,TARGET_OVERLAP_AMBIGUOUS: another detected person overlaps or is too close to the selected pose for automated identity acceptance.,True,1,4,0,True,3,0.0880443826415046,0.2253596958486318,True,True,False,False,443.15295600891113,351.9552307128906,444.26737785339355,273.0326347351074,17.477766390412576,14.693995280925648,78.93046364946719,0.05864251317391154,418.7134666442871,239.3671760559082,68.50903701782227,205.37705612182617,452.96798515319824,342.0557041168213,216.5022478737278,0.4338959934283328,461.42857142857144,384.6428571428571,43.41943255025364,0.11039799563212598,1.0,True
41,41,41,683.3333333333334,VALID_TARGET,HUMAN_ACCEPTED_TARGET: operator reviewed the raw skeleton and confirmed that it belongs to the documented athlete.,False,,,,,True,,5.0,45.0,ACCEPTED,True,TARGET_IDENTITY_UNCERTAIN,TARGET_OVERLAP_AMBIGUOUS: another detected person overlaps or is too close to the selected pose for automated identity acceptance.,True,1,4,0,True,3,0.1043808996780566,0.2041409091208824,True,True,False,False,440.56525325775146,349.69283294677734,443.7194232940674,271.98855209350586,3.4372444167492193,1.1791364473970076,77.76827149642769,0.014221416415262986,416.0,238.49316024780273,73.16446685791016,206.54753494262695,452.5822334289551,341.7669277191162,219.1230782037299,0.03207035891546253,477.14285714285717,378.57142857142856,44.246983176299715,0.11987270031804231,0.9941423556136375,True
42,42,42,700.0,VALID_TARGET,HUMAN_ACCEPTED_TARGET: operator reviewed the raw skeleton and confirmed that it belongs to the documented athlete.,False,,,,,True,,5.0,45.0,ACCEPTED,True,TARGET_IDENTITY_UNCERTAIN,TARGET_OVERLAP_AMBIGUOUS: another detected person overlaps or is too close to the selected pose for automated identity acceptance.,True,1,3,0,True,2,0.08368727119651423,0.325181234812127,True,True,False,False,457.0108947753906,352.9507751464844,452.00471019744873,269.00270652770996,16.765241194308203,8.806886669767332,84.09720630824118,0.07744538387086738,438.08517265319824,238.02880477905273,68.66951942443848,225.68884658813477,472.4199323654175,350.8732280731201,235.90455352168587,0.20535016342602908,491.07142857142856,369.6428571428571,26.460863291630556,0.07544833355817832,1.0,True
43,43,43,716.6666666666666,VALID_TARGET,HUMAN_ACCEPTED_TARGET: operator reviewed the raw skeleton and confirmed that it belongs to the documented athlete.,False,,,,,True,,5.0,45.0,ACCEPTED,True,TARGET_IDENTITY_UNCERTAIN,TARGET_OVERLAP_AMBIGUOUS: another detected person overlaps or is too close to the selected pose for automated identity acceptance.,True,1,3,0,True,2,0.11663136911344825,0.2946877844920371,True,True,False,False,476.5931158065796,353.0830841064453,470.8526117801666,272.23189544677734,19.582668004519338,19.122527425705194,81.05472283684946,0.037230009056640034,451.18251848220825,241.09254837036133,72.74453687667847,224.80967330932617,487.5547869205475,353.4973850250244,236.28617576753913,0.004669803403347105,505.0,360.71428571428567,18.879065520998665,0.05679359429067633,1.0,True
44,44,44,733.3333333333333,VALID_TARGET,HUMAN_ACCEPTED_TARGET: operator reviewed the raw skeleton and confirmed that it belongs to the documented athlete.,False,,,,,True,,5.0,45.0,ACCEPTED,True,TARGET_IDENTITY_UNCERTAIN,TARGET_OVERLAP_AMBIGUOUS: another detected person overlaps or is too close to the selected pose for automated identity acceptance.,True,1,2,0,True,1,0.04491280860709463,0.3023981698955649,True,True,False,False,486.3046922683716,356.2296905517578,480.0942585468292,264.9104995727539,10.208616433920634,11.790287210408941,91.53012688765081,0.12818455427956715,466.6017327308655,231.75520133972168,68.56045293807983,253.13542366027832,500.8819591999054,358.32291316986084,262.2557500203632,0.31778232937694906,515.5357142857142,364.82142857142856,16.03007300480197,0.047814296012442074,1.0,True
45,45,45,750.0,VALID_TARGET,HUMAN_ACCEPTED_TARGET: operator reviewed the raw skeleton and confirmed that it belongs to the documented athlete.,False,,,,,True,,5.0,45.0,ACCEPTED,True,TARGET_IDENTITY_UNCERTAIN,TARGET_OVERLAP_AMBIGUOUS: another detected person overlaps or is too close to the selected pose for automated identity acceptance.,True,1,2,0,True,1,0.05214176043521945,0.31632188753797386,True,True,False,False,490.43860000371933,351.257080078125,489.88298416137695,262.22065353393555,6.466532926294483,10.151572334838068,89.03816013779208,0.030493491760416394,474.0,227.2175235748291,62.772735595703125,259.2875728607178,505.38636779785156,356.861310005188,266.7779259499745,0.0553365868371122,526.0714285714286,368.92857142857144,23.947662463523496,0.07077087731976274,0.9954484334161495,True
46,46,46,766.6666666666667,TARGET_IDENTITY_UNCERTAIN,TARGET_OVERLAP_AMBIGUOUS: another detected person overlaps or is too close to the selected pose for automated identity acceptance.,False,,,,,False,,,,NOT_REVIEWED,False,TARGET_IDENTITY_UNCERTAIN,TARGET_OVERLAP_AMBIGUOUS: another detected person overlaps or is too close to the selected pose for automated identity acceptance.,False,,3,0,True,2,0.08061800411078898,0.22273929047723043,True,True,False,False,512.841962814331,368.09944915771484,499.37527656555176,302.54779052734375,28.028129824107502,41.42923597137011,66.9206364861824,0.27064587650272925,489.0,271.9447822570801,59.17534255981445,220.1335563659668,518.5876712799072,382.0115604400635,227.9484674337594,0.475145093084712,536.6071428571429,373.0357142857143,20.13124859787264,0.05890017272801654,1.0,True
47,47,47,783.3333333333334,TARGET_IDENTITY_UNCERTAIN,TARGET_OVERLAP_AMBIGUOUS: another detected person overlaps or is too close to the selected pose for automated identity acceptance.,False,,,,,False,,,,NOT_REVIEWED,False,TARGET_IDENTITY_UNCERTAIN,TARGET_OVERLAP_AMBIGUOUS: another detected person overlaps or is too close to the selected pose for automated identity acceptance.,False,,3,0,True,2,0.10636587720315056,0.19926082741592596,True,True,False,False,521.7625284194946,360.45062255859375,514.1483879089355,268.0158061981201,11.750788869665293,37.55932321645002,92.74788629024933,0.3160407453828093,504.0,238.00188064575195,58.742305755615234,252.57743453979492,533.3711528778076,364.2905979156494,259.3183736725776,0.3838646633116855,547.1428571428571,377.14285714285717,18.837208009875805,0.054528309198566174,1.0,True
48,48,48,800.0,TARGET_IDENTITY_UNCERTAIN,TARGET_OVERLAP_AMBIGUOUS: another detected person overlaps or is too close to the selected pose for automated identity acceptance.,False,,,,,False,,,,NOT_REVIEWED,False,TARGET_IDENTITY_UNCERTAIN,TARGET_OVERLAP_AMBIGUOUS: another detected person overlaps or is too close to the selected pose for automated identity acceptance.,False,,3,0,True,2,0.1097210522400505,0.20230519580579534,True,True,False,False,520.5167589187622,359.2994918823242,514.1662244796753,267.76368141174316,1.6961849789465346,0.2527549231199626,91.75583843095852,0.012139408852440683,506.0,237.32481384277344,56.48139190673828,253.99769592285156,534.2406959533691,364.3236618041992,260.2018008504936,0.010810248319820947,548.4375,377.8571428571429,19.613881679790456,0.05708997734922443,1.0,True
49,49,49,816.6666666666666,TARGET_IDENTITY_UNCERTAIN,TARGET_OVERLAP_AMBIGUOUS: another detected person overlaps or is too close to the selected pose for automated identity acceptance.,False,,,,,False,,,,NOT_REVIEWED,False,TARGET_IDENTITY_UNCERTAIN,TARGET_OVERLAP_AMBIGUOUS: another detected person overlaps or is too close to the selected pose for automated identity acceptance.,False,,3,0,True,2,0.10617452212967889,0.1300777962406991,True,True,False,False,531.0865445137024,351.62013244628906,520.8125333786011,264.1746463775635,13.06495039679934,7.5534491761386215,88.04696666325232,0.045384414015717224,508.0,234.2700958251953,63.00336837768555,260.47508239746094,539.5016841888428,364.5076370239258,267.98636714746965,0.09525753433456155,549.7321428571428,378.57142857142856,17.391162044423748,0.050900151797118716,0.996598821304266,True
50,50,50,833.3333333333334,TARGET_IDENTITY_UNCERTAIN,TARGET_OVERLAP_AMBIGUOUS: another detected person overlaps or is too close to the selected pose for automated identity acceptance.,False,,,,,False,,,,NOT_REVIEWED,False,TARGET_IDENTITY_UNCERTAIN,TARGET_OVERLAP_AMBIGUOUS: another detected person overlaps or is too close to the selected pose for automated identity acceptance.,False,,3,0,True,2,0.07582606011593065,0.30383866167498097,True,True,False,False,540.3313302993774,370.0871124267578,527.0199366807938,277.9373245239258,20.651765392383602,15.097786775432724,93.10626515227533,0.06190920356271042,513.574187040329,237.2401351928711,59.32373547554016,258.5506362915039,543.2360547780991,366.51545333862305,265.26917860451374,0.033249467092938106,551.0267857142857,379.28571428571433,14.95911271355557,0.04402441738582856,1.0,True
51,51,51,850.0,TARGET_IDENTITY_UNCERTAIN,TARGET_OVERLAP_AMBIGUOUS: another detected person overlaps or is too close to the selected pose for automated identity acceptance.,False,,,,,False,,,,NOT_REVIEWED,False,TARGET_IDENTITY_UNCERTAIN,TARGET_OVERLAP_AMBIGUOUS: another detected person overlaps or is too close to the selected pose for automated identity acceptance.,False,,3,0,True,2,0.06780495009574486,0.31515896244985736,True,True,False,False,547.9642448425293,366.34110260009766,528.8430671691895,272.29296112060547,8.502586315027537,5.9314958489793765,95.9722478186377,0.03507021866450322,513.417594909668,237.86215591430664,68.00384521484375,260.99001693725586,547.4195175170898,368.35716438293457,269.7041191841784,0.054269112552006296,552.3214285714287,380.0,12.632670073688164,0.03738377923570492,1.0,True
52,52,52,866.6666666666667,TARGET_IDENTITY_UNCERTAIN,TARGET_OVERLAP_AMBIGUOUS: another detected person overlaps or is too close to the selected pose for automated identity acceptance.,False,,,,,False,,,,NOT_REVIEWED,False,TARGET_IDENTITY_UNCERTAIN,TARGET_OVERLAP_AMBIGUOUS: another detected person overlaps or is too close to the selected pose for automated identity acceptance.,False,,2,0,True,1,0.07650599009061478,0.25002105188173995,True,True,False,False,555.0349225997925,372.8122100830078,532.2086272239685,283.70577239990234,9.584869117647468,11.898708155895344,91.9836778844895,0.04880700130918183,518.6330327987671,233.70271110534668,53.96406650543213,185.13873481750488,545.6150660514832,326.2720785140991,192.8431269286751,0.9405262065288326,553.6160714285714,380.7142857142858,55.026993483855286,0.16374455318335668,1.0,True
53,53,53,883.3333333333333,TARGET_IDENTITY_UNCERTAIN,TARGET_OVERLAP_AMBIGUOUS: another detected person overlaps or is too close to the selected pose for automated identity acceptance.,False,,,,,False,,,,NOT_REVIEWED,False,TARGET_IDENTITY_UNCERTAIN,TARGET_OVERLAP_AMBIGUOUS: another detected person overlaps or is too close to the selected pose for automated identity acceptance.,False,,2,0,True,1,0.09396035875181574,0.6037290323915017,True,True,False,False,557.4922466278076,379.56397247314453,538.4077939987183,287.0238342285156,7.185035612404801,7.031301657563968,94.48753102122515,0.030638942112156904,534.6580219268799,247.2917251586914,35.84541130065918,177.30626678466797,552.5807275772095,335.9448585510254,180.89335463866348,0.146225981099057,554.9107142857142,381.42857142857144,45.54335270035417,0.13627671601131738,1.0,True
54,54,54,900.0,TARGET_IDENTITY_UNCERTAIN,Temporal/body-scale discontinuity suggests target identity uncertainty.,False,,,,,False,,,,NOT_REVIEWED,False,TARGET_IDENTITY_UNCERTAIN,Temporal/body-scale discontinuity suggests target identity uncertainty.,False,,1,0,False,0,0.0,,False,False,False,True,560.4893436431885,378.7322540283203,541.8545780181885,285.3150444030762,3.110361086926351,3.8471135601123927,95.25770070742568,0.00942434845152318,534.3892612457275,246.5797004699707,43.25349998474121,184.40056991577148,556.0160112380981,338.77998542785645,189.40547892337045,0.10416045549326321,556.2053571428571,382.14285714285717,43.36328510668049,0.13047483675069121,1.0,True
55,55,55,916.6666666666666,TARGET_IDENTITY_UNCERTAIN,TARGET_OVERLAP_AMBIGUOUS: multiple pose candidates plus a target-continuity jump.,False,,,,,False,,,,NOT_REVIEWED,False,TARGET_IDENTITY_UNCERTAIN,TARGET_OVERLAP_AMBIGUOUS: multiple pose candidates plus a target-continuity jump.,False,,2,1,True,1,0.0,0.8988297648809632,False,True,True,True,550.9235668182373,277.4734859466553,547.070478439331,232.64023160934448,101.70959738235719,52.93242409013548,44.99852202605836,0.6150073435339577,532.1733675003052,221.0,33.6178617477417,147.30030822753906,548.982298374176,294.65015411376953,151.0878599769627,0.4688818571464878,557.5,382.8571428571429,88.61729009713713,0.268122398765051,0.9970904919770471,True
56,56,56,933.3333333333334,TARGET_IDENTITY_UNCERTAIN,TARGET_OVERLAP_AMBIGUOUS: another detected person overlaps or is too close to the selected pose for automated identity acceptance.,False,,,,,False,,,,NOT_REVIEWED,False,TARGET_IDENTITY_UNCERTAIN,TARGET_OVERLAP_AMBIGUOUS: another detected person overlaps or is too close to the selected pose for automated identity acceptance.,False,,2,0,True,1,0.3924899549940781,0.26846014256078243,True,True,True,True,576.1598720550537,385.1532669067383,579.3336277008057,284.0830879211426,110.59749694101228,60.722963249371276,101.11999705834299,0.6867426046420563,545.7725200653076,256.614803314209,41.288705825805664,238.90301895141602,566.4168729782104,376.066312789917,242.44465284445965,1.1179072155441114,558.7946428571429,383.57142857142856,10.696969426543365,0.03254522810609484,1.0,True
57,57,57,950.0,TARGET_IDENTITY_UNCERTAIN,TARGET_OVERLAP_AMBIGUOUS: another detected person overlaps or is too close to the selected pose for automated identity acceptance.,False,,,,,False,,,,NOT_REVIEWED,False,TARGET_IDENTITY_UNCERTAIN,TARGET_OVERLAP_AMBIGUOUS: another detected person overlaps or is too close to the selected pose for automated identity acceptance.,False,,2,0,True,1,0.41026481398984904,0.2580913494595386,True,True,False,True,575.5349922180176,381.7989273071289,572.1741886138916,282.7661361694336,3.4120476198672676,7.279555615253051,99.08980129855892,0.024842930860340392,540.8050708770752,253.92405700683594,42.16781044006348,244.84532165527344,561.8889760971069,376.34671783447266,248.44990596452928,0.0734845826279339,560.0892857142857,384.2857142857142,8.140426900774033,0.02490504504006317,1.0,True
58,58,58,966.6666666666666,TARGET_IDENTITY_UNCERTAIN,TARGET_OVERLAP_AMBIGUOUS: another detected person overlaps or is too close to the selected pose for automated identity acceptance.,False,,,,,False,,,,NOT_REVIEWED,False,TARGET_IDENTITY_UNCERTAIN,TARGET_OVERLAP_AMBIGUOUS: another detected person overlaps or is too close to the selected pose for automated identity acceptance.,False,,4,0,True,3,0.5387443710895541,0.24323746210318511,True,True,False,False,580.082160949707,401.48358154296875,575.2686195373535,313.9629592895508,20.203028383364256,31.349916674976278,87.65289214027067,0.13995022012338815,561.1804428100586,276.7715759277344,30.419010162353516,205.6199951171875,576.3899478912354,379.5815734863281,207.85788070518177,0.49671312342136853,561.3839285714284,385.0,15.954308562594639,0.04908322917836254,1.0,True
59,59,59,983.3333333333333,TARGET_NOT_FOUND,No observed landmarks returned by pose backend.,False,,,,,False,,,,NOT_REVIEWED,False,TARGET_NOT_FOUND,No observed landmarks returned by pose backend.,False,,1,0,False,0,,,False,False,False,False,,,,,,,,,,,,,,,,,,,,,,True
60,60,60,1000.0,TARGET_NOT_FOUND,No observed landmarks returned by pose backend.,False,,,,,False,,,,NOT_REVIEWED,False,TARGET_NOT_FOUND,No observed landmarks returned by pose backend.,False,,1,0,False,0,,,False,False,False,False,,,,,,,,,,,,,,,,,,,,,,True
61,61,61,1016.6666666666666,INVALID_TRACK_SEGMENT,Valid-looking pose segment is too short to establish target identity continuity.,False,,,,,False,,,,NOT_REVIEWED,False,INVALID_TRACK_SEGMENT,Valid-looking pose segment is too short to establish target identity continuity.,False,,1,0,False,0,0.0,,False,False,False,False,572.2884426116943,291.6133327484131,575.548773765564,246.17354106903076,,,45.55660684355844,,552.2698936462402,230.0,36.304298400878906,131.6965789794922,570.4220428466797,295.8482894897461,136.60889794329535,,565.2678571428571,387.14285714285717,91.43994593851181,0.2860499555025936,1.0,True
62,62,62,1033.3333333333335,LOW_POSE_CONFIDENCE,Frame/core landmark confidence below threshold.,False,,,,,False,,,,NOT_REVIEWED,False,LOW_POSE_CONFIDENCE,Frame/core landmark confidence below threshold.,False,,1,0,False,0,0.0,,False,False,False,False,588.965295791626,358.00310134887695,576.2516965866089,293.77004623413086,68.45231045631793,47.6016953944263,65.47916442747128,0.24378669802312017,548.3376388549805,258.27131843566895,46.66236114501953,132.15759086608887,571.6688194274902,324.3501138687134,140.1535043127954,0.0433743448336126,566.5625,387.8571428571429,63.7119865412529,0.20042182939116635,0.9942596744724372,True
63,63,63,1050.0,LOW_POSE_CONFIDENCE,Frame/core landmark confidence below threshold.,False,,,,,False,,,,NOT_REVIEWED,False,LOW_POSE_CONFIDENCE,Frame/core landmark confidence below threshold.,False,,1,0,False,0,0.0,,False,False,False,False,590.6573333740234,347.22303009033203,575.8672199249268,293.30225372314453,10.912054230049984,0.6055180729863711,55.912409891520475,0.11706566736192583,566.5201358795166,257.8735294342041,28.4798641204834,120.5221004486084,580.7600679397583,318.1345796585083,123.84134752523347,0.19960724541141572,567.8571428571429,388.57142857142856,71.60890419821504,0.22652121620661214,1.0,True
64,64,64,1066.6666666666667,LOW_POSE_CONFIDENCE,Frame/core landmark confidence below threshold.,False,,,,,False,,,,NOT_REVIEWED,False,LOW_POSE_CONFIDENCE,Frame/core landmark confidence below threshold.,False,,1,0,False,0,0.0,,False,False,False,False,596.7621402740479,370.7505111694336,582.9537734985352,298.4283638000488,24.30660472410879,8.746213241864261,73.6285541969017,0.21678744326468852,568.0839366912842,259.1797504425049,32.91606330871582,141.18124198913574,584.5419683456421,329.77037143707275,144.96761815432538,0.2585161938428997,571.6165413533835,389.812030075188,61.41715912469547,0.19528468910705588,0.9890356798668718,True
65,65,65,1083.3333333333333,TARGET_NOT_FOUND,No observed landmarks returned by pose backend.,False,,,,,False,,,,NOT_REVIEWED,False,TARGET_NOT_FOUND,No observed landmarks returned by pose backend.,False,,1,0,False,0,,,False,False,False,False,,,,,,,,,,,,,,,,,,,,,,True
66,66,66,1100.0,LOW_POSE_CONFIDENCE,Frame/core landmark confidence below threshold.,False,,,,,False,,,,NOT_REVIEWED,False,LOW_POSE_CONFIDENCE,Frame/core landmark confidence below threshold.,False,,1,0,False,0,0.0,,False,False,False,False,603.9334526062012,380.08331298828125,593.3355855941772,301.1386890411377,,,79.65279929393854,,575.1192607879639,261.0053062438965,36.88073921203613,151.64995193481445,593.5596303939819,336.8302822113037,156.0701664209331,,579.1353383458647,392.2932330827068,57.30793243917505,0.18402369281703973,0.9977574536550983,True
67,67,67,1116.6666666666667,INVALID_TRACK_SEGMENT,Valid-looking pose segment is too short to establish target identity continuity.,False,,,,,False,,,,NOT_REVIEWED,False,INVALID_TRACK_SEGMENT,Valid-looking pose segment is too short to establish target identity continuity.,False,,1,0,False,0,0.0,,False,False,False,False,609.7104930877686,369.97557830810547,599.8303527832031,305.26200103759766,11.642186095854013,7.693094478803555,65.46345740628037,0.17363096034951672,583.2515869140625,261.70594024658203,34.7484130859375,188.36397552490234,600.6257934570312,355.8879280090332,191.54226553828,0.4340620364299843,582.8947368421053,393.5338345864661,41.61255400379213,0.13425268880388747,0.9872336897383142,True
68,68,68,1133.3333333333333,TARGET_IDENTITY_UNCERTAIN,TARGET_OVERLAP_AMBIGUOUS: another detected person overlaps or is too close to the selected pose for automated identity acceptance.,False,,,,,False,,,,NOT_REVIEWED,False,TARGET_IDENTITY_UNCERTAIN,TARGET_OVERLAP_AMBIGUOUS: another detected person overlaps or is too close to the selected pose for automated identity acceptance.,False,,2,0,True,1,0.0,0.39380948412171246,True,True,False,False,619.1513862609863,365.7036781311035,607.4895915985107,300.70887756347656,10.36241260664616,8.91038004803989,66.03273094136986,0.006966039114550246,598.5304679870605,258.23779487609863,24.469532012939453,187.03974723815918,610.7652339935303,351.7576684951782,188.63357348003228,0.03559284140400076,586.6541353383459,394.77443609022555,49.31315618256803,0.1598199934610229,1.0,True
69,69,69,1150.0,TARGET_IDENTITY_UNCERTAIN,TARGET_OVERLAP_AMBIGUOUS: another detected person overlaps or is too close to the selected pose for automated identity acceptance.,False,,,,,False,,,,NOT_REVIEWED,False,TARGET_IDENTITY_UNCERTAIN,TARGET_OVERLAP_AMBIGUOUS: another detected person overlaps or is too close to the selected pose for automated identity acceptance.,False,,2,0,True,1,0.0,0.39986378318985794,True,True,False,False,623.3563499450684,363.05931091308594,607.889627456665,302.83652687072754,4.967333043814835,2.164929620670105,62.177192139447875,0.04717913699893415,595.2071380615234,266.9364471435547,33.79286193847656,179.7004852294922,612.1035690307617,356.7866897583008,182.85027183383644,0.07076862526607654,590.4135338345865,396.01503759398497,44.82544925294948,0.14591187026326313,0.9951050747304054,True
70,70,70,1166.6666666666667,INVALID_TRACK_SEGMENT,Valid-looking pose segment is too short to establish target identity continuity.,False,,,,,False,,,,NOT_REVIEWED,False,INVALID_TRACK_SEGMENT,Valid-looking pose segment is too short to establish target identity continuity.,False,,1,0,False,0,0.0,,False,False,False,False,624.2911415100098,370.82668685913086,615.816328048706,305.54314041137695,7.8234240813778495,8.376057493492398,65.83132916780532,0.044714640503115445,600.7559776306152,266.42905044555664,32.7520866394043,177.61944198608398,617.1320209503174,355.23877143859863,180.613857028421,0.027366374950899816,594.172932330827,397.2556390977444,47.880444005081856,0.15651202942273423,1.0,True
71,71,71,1183.3333333333333,TARGET_IDENTITY_UNCERTAIN,TARGET_OVERLAP_AMBIGUOUS: another detected person overlaps or is too close to the selected pose for automated identity acceptance.,False,,,,,False,,,,NOT_REVIEWED,False,TARGET_IDENTITY_UNCERTAIN,TARGET_OVERLAP_AMBIGUOUS: another detected person overlaps or is too close to the selected pose for automated identity acceptance.,False,,2,0,True,1,0.00868204918715451,0.41265002416023044,True,True,False,False,629.1121444702148,381.57161712646484,621.2488040924072,309.0885982513428,11.77690944145263,6.487069235052315,72.90829957658156,0.08659888373749862,605.5777435302734,270.1540355682373,31.704345703125,183.0652027130127,621.4299163818359,361.68663692474365,185.79029571218106,0.0633426149688741,597.9323308270676,398.4962406015038,43.670166587085646,0.14332497639987363,1.0,True
72,72,72,1200.0,TARGET_IDENTITY_UNCERTAIN,TARGET_OVERLAP_AMBIGUOUS: another detected person overlaps or is too close to the selected pose for automated identity acceptance.,False,,,,,False,,,,NOT_REVIEWED,False,TARGET_IDENTITY_UNCERTAIN,TARGET_OVERLAP_AMBIGUOUS: another detected person overlaps or is too close to the selected pose for automated identity acceptance.,False,,2,0,True,1,0.005666049847228914,0.42976333808219885,True,True,False,False,632.0232601165771,382.3739891052246,623.7241668701172,309.5065231323242,3.019668044470167,2.510394807080219,73.33854747692536,0.005264821773731087,606.1202278137207,270.6112823486328,37.07313919067383,184.04043579101562,624.6567974090576,362.6315002441406,187.73731556512152,0.023825130831449767,601.6917293233082,399.7368421052631,43.63714870169539,0.14376818658173485,1.0,True
73,73,73,1216.6666666666665,INVALID_TRACK_SEGMENT,Valid-looking pose segment is too short to establish target identity continuity.,False,,,,,False,,,,NOT_REVIEWED,False,INVALID_TRACK_SEGMENT,Valid-looking pose segment is too short to establish target identity continuity.,False,,1,0,False,0,0.0,,False,False,False,False,639.3221893310547,376.155029296875,630.4046993255615,308.3931312561035,9.589047334111012,6.772677119003931,68.34615171380156,0.061090533842870595,605.7649040222168,272.79123878479004,45.06827926635742,176.6969051361084,628.2990436553955,361.13969135284424,182.35390338764145,0.06587529102714543,605.4511278195489,400.97744360902254,45.924653105565966,0.15185941196654923,1.0,True
74,74,74,1233.3333333333335,INVALID_TRACK_SEGMENT,Valid-looking pose segment is too short to establish target identity continuity.,False,,,,,False,,,,NOT_REVIEWED,False,INVALID_TRACK_SEGMENT,Valid-looking pose segment is too short to establish target identity continuity.,False,,1,0,False,0,0.0,,False,False,False,False,646.8533782958984,385.26557540893555,631.5129489898682,314.9540100097656,11.820357764643413,6.6538220098444665,71.96558205263862,0.04428994456727234,618.414737701416,279.95303535461426,38.0364875793457,189.66425895690918,637.4329814910889,374.78516483306885,193.4407028343498,0.13566602668224004,609.2105263157895,402.21804511278197,39.358225272017236,0.1305987066333121,1.0,True
75,75,75,1250.0,TARGET_IDENTITY_UNCERTAIN,TARGET_OVERLAP_AMBIGUOUS: another detected person overlaps or is too close to the selected pose for automated identity acceptance.,False,,,,,False,,,,NOT_REVIEWED,False,TARGET_IDENTITY_UNCERTAIN,TARGET_OVERLAP_AMBIGUOUS: another detected person overlaps or is too close to the selected pose for automated identity acceptance.,False,,2,0,True,1,0.06563208990948846,0.3914832186468229,True,True,False,False,649.68017578125,380.4666290283203,631.0599536895752,312.6545925140381,5.569620309070446,2.343613782547249,70.32200912202126,0.0201119367344148,618.7782783508301,278.94120025634766,42.821651458740234,193.0429458618164,640.1891040802002,375.46267318725586,197.73536047116613,0.05255250988781946,612.9699248120301,403.45864661654133,39.04687245204206,0.12999106613214728,1.0,True
76,76,76,1266.6666666666665,TARGET_IDENTITY_UNCERTAIN,TARGET_OVERLAP_AMBIGUOUS: another detected person overlaps or is too close to the selected pose for automated identity acceptance.,False,,,,,False,,,,NOT_REVIEWED,False,TARGET_IDENTITY_UNCERTAIN,TARGET_OVERLAP_AMBIGUOUS: another detected person overlaps or is too close to the selected pose for automated identity acceptance.,False,,2,0,True,1,0.16661752059488624,0.16199489925238877,True,True,False,False,655.6114921569824,392.85965728759766,637.4791584014893,318.4989128112793,13.739274485367792,8.681144444726472,76.53954433162578,0.07608221847058039,619.0999565124512,279.21871185302734,48.06399154663086,195.3741683959961,643.1319522857666,376.9057960510254,201.19943578405392,0.042388909088371146,616.7293233082706,404.6992481203007,38.33503351831603,0.12801521863862866,1.0,True
77,77,77,1283.3333333333335,TARGET_IDENTITY_UNCERTAIN,TARGET_OVERLAP_AMBIGUOUS: another detected person overlaps or is too close to the selected pose for automated identity acceptance.,False,,,,,False,,,,NOT_REVIEWED,False,TARGET_IDENTITY_UNCERTAIN,TARGET_OVERLAP_AMBIGUOUS: another detected person overlaps or is too close to the selected pose for automated identity acceptance.,False,,2,0,True,1,0.0643231437870838,0.20209729324067763,True,True,False,False,652.7823219299316,397.8085021972656,637.0743026733398,325.52108573913574,5.700462271919457,7.033834003538565,73.97440400000912,0.03138889616841743,618.1476135253906,295.3561782836914,50.258506774902344,178.8315200805664,643.2768669128418,384.7719383239746,185.75960292154193,0.18893286445411267,620.4887218045112,405.9398496240601,31.102733421463437,0.10416355456401316,1.0,True
78,78,78,1300.0,TARGET_IDENTITY_UNCERTAIN,TARGET_OVERLAP_AMBIGUOUS: another detected person overlaps or is too close to the selected pose for automated identity acceptance.,False,,,,,False,,,,NOT_REVIEWED,False,TARGET_IDENTITY_UNCERTAIN,TARGET_OVERLAP_AMBIGUOUS: another detected person overlaps or is too close to the selected pose for automated identity acceptance.,False,,3,0,True,2,0.27923439407298567,0.22709599334934827,True,True,False,False,631.2736911773682,407.0018997192383,630.0083103179932,334.6576747894287,23.391018679124095,11.550130191463259,72.3552905419787,0.01981263309168493,618.6068153381348,300.73692321777344,38.476314544677734,164.47752380371094,637.8449726104736,382.9756851196289,168.91797600474993,0.20608622151492065,624.2481203007518,407.1804511278195,27.762296199047476,0.0932256697170227,1.0,True
79,79,79,1316.6666666666667,INVALID_TRACK_SEGMENT,Valid-looking pose segment is too short to establish target identity continuity.,False,,,,,False,,,,NOT_REVIEWED,False,INVALID_TRACK_SEGMENT,Valid-looking pose segment is too short to establish target identity continuity.,False,,1,0,False,0,0.0,,False,False,False,False,640.5742645263672,401.92320251464844,634.3084583282471,335.03555488586426,10.596878309956173,4.316719388305518,67.18048624879697,0.06332261539398552,616.7745552062988,306.5031051635742,60.23183059692383,164.80150604248047,646.8904705047607,388.90385818481445,175.4634144513501,0.08009467756784067,628.0075187969924,408.4210526315789,27.156707169145626,0.09141765586972543,1.0,True
80,80,80,1333.3333333333333,INVALID_TRACK_SEGMENT,Valid-looking pose segment is too short to establish target identity continuity.,False,,,,,False,,,,NOT_REVIEWED,False,INVALID_TRACK_SEGMENT,Valid-looking pose segment is too short to establish target identity continuity.,False,,1,0,False,0,0.0,,False,False,False,False,615.5051498413086,396.7969093322754,625.5057010650635,340.24781799316406,25.58787589629637,10.23016237086441,57.426568381352034,0.11935593207235666,602.2404670715332,317.0711975097656,63.626834869384766,147.4480743408203,634.0538845062256,390.7952346801758,160.59050016209562,0.1819956423409224,631.7669172932331,409.6616541353383,19.004525831796975,0.06411969243612001,1.0,True
81,81,81,1350.0,TARGET_IDENTITY_UNCERTAIN,TARGET_OVERLAP_AMBIGUOUS: another detected person overlaps or is too close to the selected pose for automated identity acceptance.,False,,,,,False,,,,NOT_REVIEWED,False,TARGET_IDENTITY_UNCERTAIN,TARGET_OVERLAP_AMBIGUOUS: another detected person overlaps or is too close to the selected pose for automated identity acceptance.,False,,2,0,True,1,0.6290876888878291,0.082191776107946,True,True,False,False,628.2210063934326,400.9349250793457,627.0866012573242,341.9510612487793,13.372216801158936,2.3238509000555165,58.99477152592108,0.019189657996153513,608.0116844177246,317.01813888549805,57.99680709838867,152.88489151000977,637.010087966919,393.46058464050293,163.51580867192982,0.03579617221873519,635.5263157894736,410.90225563909775,17.504669865432604,0.05918028424875865,1.0,True
82,82,82,1366.6666666666667,TARGET_IDENTITY_UNCERTAIN,TARGET_OVERLAP_AMBIGUOUS: another detected person overlaps or is too close to the selected pose for automated identity acceptance.,False,,,,,False,,,,NOT_REVIEWED,False,TARGET_IDENTITY_UNCERTAIN,TARGET_OVERLAP_AMBIGUOUS: another detected person overlaps or is too close to the selected pose for automated identity acceptance.,False,,2,1,True,1,0.14037381133573412,0.3091305978571991,True,True,False,False,618.913724899292,411.65572357177734,623.225076675415,349.8920669555664,14.197218358766518,8.830115725850613,61.91394861210757,0.03572114372307343,601.8575706481934,324.95771408081055,51.84000015258789,149.3839454650879,627.7775707244873,399.6496868133545,158.1232075899571,0.06598773305047885,639.2857142857142,412.1428571428571,16.985778554654864,0.057531203611697355,1.0,True
83,83,83,1383.3333333333333,TARGET_IDENTITY_UNCERTAIN,TARGET_OVERLAP_AMBIGUOUS: another detected person overlaps or is too close to the selected pose for automated identity acceptance.,False,,,,,False,,,,NOT_REVIEWED,False,TARGET_IDENTITY_UNCERTAIN,TARGET_OVERLAP_AMBIGUOUS: another detected person overlaps or is too close to the selected pose for automated identity acceptance.,False,,4,0,True,3,0.1476558852821776,0.33772586628369305,True,True,False,False,622.4472827911377,418.1689147949219,616.33864402771,359.3467903137207,7.409972421289569,11.696783677174116,59.13846291563536,0.03396283285935766,598.3048896789551,332.93367767333984,65.7429084777832,132.90930938720703,631.1763439178467,399.38833236694336,148.28018929345382,0.12044622880263789,632.8571428571429,417.1428571428571,17.833906893691985,0.06038178373737721,1.0,True
84,84,84,1400.0,TARGET_IDENTITY_UNCERTAIN,TARGET_OVERLAP_AMBIGUOUS: another detected person overlaps or is too close to the selected pose for automated identity acceptance.,False,,,,,False,,,,NOT_REVIEWED,False,TARGET_IDENTITY_UNCERTAIN,TARGET_OVERLAP_AMBIGUOUS: another detected person overlaps or is too close to the selected pose for automated identity acceptance.,False,,2,0,True,1,0.17855048486021272,0.3243363714711912,True,True,False,False,616.6865005493164,421.69010162353516,610.9526052474976,367.4765167236328,6.7516937667287,9.752018521412596,54.51596411172731,0.05656420945323427,592.6956996917725,338.0128860473633,79.1605396270752,145.55513763427734,632.2759695053101,410.79045486450195,165.6885304593627,0.21302094337143673,626.4285714285713,422.1428571428571,12.769851281728036,0.04321980256988703,1.0,True
85,85,85,1416.6666666666667,TARGET_IDENTITY_UNCERTAIN,TARGET_OVERLAP_AMBIGUOUS: another detected person overlaps or is too close to the selected pose for automated identity acceptance.,False,,,,,False,,,,NOT_REVIEWED,False,TARGET_IDENTITY_UNCERTAIN,TARGET_OVERLAP_AMBIGUOUS: another detected person overlaps or is too close to the selected pose for automated identity acceptance.,False,,2,0,True,1,0.1907545138823259,0.32559246969284955,True,True,False,False,619.5839538574219,419.2976264953613,611.0089225769043,363.0596923828125,3.7575487903128684,4.417183367175772,56.88792837420992,0.02902505528940786,593.0508193969727,337.5286293029785,77.01536560058594,142.0477409362793,631.5585021972656,408.55249977111816,161.5825709774796,0.05024346397740009,620.0,427.1428571428571,21.890645496493768,0.07406091382676852,1.0,True
86,86,86,1433.3333333333333,TARGET_IDENTITY_UNCERTAIN,TARGET_OVERLAP_AMBIGUOUS: another detected person overlaps or is too close to the selected pose for automated identity acceptance.,False,,,,,False,,,,NOT_REVIEWED,False,TARGET_IDENTITY_UNCERTAIN,TARGET_OVERLAP_AMBIGUOUS: another detected person overlaps or is too close to the selected pose for automated identity acceptance.,False,,2,0,True,1,0.13945009804638483,0.31206378928598405,True,True,False,False,618.7187919616699,425.58527755737305,605.1558246612549,371.0722007751465,6.346893805908384,9.92265317077051,56.174991074828455,0.008724011933792717,588.5908012390137,347.340087890625,75.29430770874023,132.66387939453125,626.2379550933838,413.6720275878906,152.54159324376153,0.1106318854554817,613.5714285714286,432.1428571428571,22.396705976103245,0.07574330984573883,1.0,True
87,87,87,1450.0,TARGET_IDENTITY_UNCERTAIN,TARGET_OVERLAP_AMBIGUOUS: another detected person overlaps or is too close to the selected pose for automated identity acceptance.,False,,,,,False,,,,NOT_REVIEWED,False,TARGET_IDENTITY_UNCERTAIN,TARGET_OVERLAP_AMBIGUOUS: another detected person overlaps or is too close to the selected pose for automated identity acceptance.,False,,2,0,True,1,0.14473395587857846,0.31892242446709185,True,True,False,False,613.432788848877,410.20627212524414,605.2185955047607,370.6028060913086,16.26209202378056,0.4735731707030186,40.446353286737846,0.1924668885814404,590.2891120910645,349.6724739074707,58.094608306884766,129.02701950073242,619.3364162445068,414.1859836578369,141.50249211788727,0.13508235583132583,607.1428571428571,437.1428571428571,25.994247897807085,0.08787454730897493,1.0,True
