frame_index,source_frame_index,analysis_frame_index,timestamp_ms,frame_status,frame_rejection_reason,human_target_unavailable,human_target_unavailable_reason,human_target_unavailable_note,human_target_unavailable_start_frame,human_target_unavailable_end_frame,valid_target_frame,valid_segment_id,backend_pose_count,selected_pose_index,multiple_pose_candidates,target_overlap_ambiguous_flag,identity_jump_flag,identity_uncertain_flag,pelvis_x,pelvis_y,shoulder_mid_x,shoulder_mid_y,pelvis_jump_px,shoulder_jump_px,body_scale_px,body_scale_relative_change,pose_bbox_x,pose_bbox_y,pose_bbox_width,pose_bbox_height,pose_centroid_x,pose_centroid_y,pose_scale_px,pose_scale_relative_change,roi_center_x,roi_center_y,roi_pose_centroid_distance_px,roi_pose_centroid_distance_fraction,pose_roi_overlap_fraction,pose_centroid_consistent_with_roi
0,0,0,0.0,VALID_TARGET,,False,,,,,True,1,1,0,False,False,False,False,904.1113128662109,465.76190185546875,882.2307167053223,390.27529525756836,,,78.5938182303295,,839.5390930175781,360.6904754638672,133.20541381835938,244.3246307373047,906.1417999267578,482.85279083251953,278.27721332412517,,920.0,486.42857142857144,14.312089859315135,0.02544123286477707,1.0,True
1,1,1,33.333333333333336,VALID_TARGET,,False,,,,,True,1,1,0,False,False,False,False,908.0700454711914,472.2603530883789,887.7183532714844,393.802791595459,7.609299065238991,6.523602187144096,81.05418145171122,0.022232617980747525,847.5606231689453,362.3659973144531,135.9193878173828,246.9267578125,915.5203170776367,485.8293762207031,281.8632713009007,0.03240475079516451,928.3116883116884,486.8831168831169,12.834700909290744,0.0228031380444287,1.0,True
2,2,2,66.66666666666667,VALID_TARGET,,False,,,,,True,1,1,0,False,False,False,False,908.9037170410156,471.84727478027344,885.8926010131836,392.7446975708008,0.9303988257518675,2.1101976859308222,82.38160706144868,0.01199503643310849,852.150276184082,363.2932434082031,133.05529022216797,246.38253784179688,918.677921295166,486.48451232910156,280.0144017893898,0.01670696797466699,936.6233766233764,487.3376623376623,17.9657238060119,0.03190149673457827,1.0,True
3,3,3,100.0,VALID_TARGET,,False,,,,,True,1,1,0,False,False,False,False,914.5750312805176,474.1239318847656,898.301872253418,395.71875762939453,6.111216963470727,12.760683600255538,80.07613286576955,0.02083299189792796,856.1422424316406,363.8517303466797,138.12152099609375,239.6852264404297,925.2030029296875,483.69434356689453,276.63434771567034,0.030543234560737872,944.9350649350648,487.7922077922078,20.15308319322772,0.03576424671041343,1.0,True
4,4,4,133.33333333333334,VALID_TARGET,,False,,,,,True,1,1,0,False,False,False,False,926.3431167602539,475.4170684814453,911.0775833129883,399.01356506347656,11.838920479336506,13.193731432210882,77.91361784674838,0.019541167693332043,863.8438262939453,368.828125,140.94468688964844,215.68246459960938,934.3161697387695,476.6693572998047,257.651567622211,0.171534387428133,953.2467532467532,488.2467532467533,22.190157477250263,0.03935437662079888,1.0,True
5,5,5,166.66666666666666,VALID_TARGET,,False,,,,,True,1,1,0,False,False,False,False,938.5449371337891,475.32173919677734,924.8229217529297,403.09444427490234,12.202192757883024,14.338336861950829,73.51922087348349,0.03970915688923559,876.1816177368164,369.60738372802734,133.79833221435547,217.95777130126953,943.0807838439941,478.5862693786621,255.74906407249966,0.017191622058142616,961.5584415584415,488.7012987012987,21.065081362531526,0.03733401947758027,1.0,True
6,6,6,200.0,VALID_TARGET,,False,,,,,True,1,1,0,False,False,False,False,949.4771118164062,478.5939178466797,938.6343002319336,402.7835922241211,11.4113801272297,13.81487620240468,76.58179962663935,0.02767442744353423,883.3997039794922,372.2267532348633,132.73098754882812,188.34703826904297,949.7651977539062,466.40027236938477,230.4172777384706,0.2289060100720034,969.8701298701299,489.1558441558442,30.364853741236228,0.05377813165913555,1.0,True
7,7,7,233.33333333333334,VALID_TARGET,,False,,,,,True,1,1,0,False,False,False,False,962.9033050537109,492.9088897705078,952.3841552734375,410.5634536743164,19.62603082707845,15.798251733866172,83.01459725838444,0.0581287880793994,891.4483184814453,374.6701126098633,124.87109375,221.4815902709961,953.8838653564453,485.4109077453613,254.25751686683853,0.2154279191399285,978.1818181818182,489.6103896103896,24.658186458836536,0.04363877762084856,1.0,True
8,8,8,266.6666666666667,VALID_TARGET,,False,,,,,True,1,1,0,False,False,False,False,961.8786506652832,490.3623809814453,952.7940979003906,407.2765655517578,2.7449268894629553,3.31235361753693,83.58098961219719,0.005118099929352466,885.8341102600098,374.71912384033203,131.29862594604492,226.24120330810547,951.4834232330322,487.83972549438477,261.5806018221132,0.06617370510023635,986.4935064935065,489.8051948051948,35.065210672646444,0.062054624279775324,1.0,True
9,9,9,300.0,VALID_TARGET,,False,,,,,True,1,1,0,False,False,False,False,973.1134376525879,500.62188720703125,965.8661613464355,411.6583251953125,15.214398004618761,13.78690176621667,89.25826785049463,0.051301676575865214,896.0401229858398,379.2845153808594,117.9631118774414,204.39443969726562,955.0216789245605,481.4817352294922,235.99233619541315,0.23122363784515954,994.8051948051949,489.4415584415584,40.57199676367968,0.07191165383149821,1.0,True
10,10,10,333.3333333333333,VALID_TARGET,,False,,,,,True,1,1,0,False,False,False,False,987.537956237793,506.18418884277344,979.8564109802246,433.75325775146484,15.459816813336014,26.15173281977039,72.83711908290968,0.14838667891877835,915.9316940307617,408.28411865234375,105.54999542236328,163.96157836914062,968.7066917419434,490.26490783691406,194.99795054041147,0.37043819697127883,1003.1168831168831,489.07792207792204,34.43065793231411,0.061120363372177286,1.0,True
11,11,11,366.66666666666663,VALID_TARGET,,False,,,,,True,1,1,0,False,False,False,False,1004.3081512451172,499.7238006591797,989.9629669189453,416.1317672729492,17.971534605213876,20.3140197801151,84.81398681229716,0.10822675388712591,933.4250946044922,380.1771469116211,109.79248046875,238.57147979736328,988.3213348388672,499.46288681030273,262.6228088726959,0.6110795464010857,1011.4285714285714,488.7142857142857,25.48483486966053,0.04530880205641962,1.0,True
12,12,12,400.0,VALID_TARGET,,False,,,,,True,1,1,0,False,False,False,False,1013.8892059326172,498.7845458984375,998.2828636169434,411.6719512939453,9.626983350481218,9.439843199541896,88.49950315793075,0.03330348798185025,946.1472473144531,376.48946380615234,121.31814575195312,253.67200469970703,1006.8063201904297,503.32546615600586,281.18957743319777,0.16777517602087022,1015.9821428571429,488.5357142857143,17.404955673478778,0.030865145807229488,1.0,True
13,13,13,433.33333333333337,VALID_TARGET,,False,,,,,True,1,1,0,False,False,False,False,1026.3165130615234,500.21888732910156,1006.236946105957,409.4771041870117,12.509808064710008,8.251350317666114,92.9368614540492,0.040097368951036085,958.0687484741211,374.7525329589844,115.40824127197266,257.2689208984375,1015.7728691101074,503.3869934082031,281.9687213393293,0.007040590050489297,1020.5357142857142,488.3571428571429,15.766454952017801,0.027888432851869715,1.0,True
14,14,14,466.6666666666667,VALID_TARGET,,False,,,,,True,1,1,0,False,False,False,False,1021.4371032714844,500.1030502319336,1007.6216278076172,413.83216857910156,4.880784581623056,4.569893792437779,87.37008860845722,0.05030311499785006,953.757942199707,376.57515716552734,128.13597869873047,257.89270782470703,1017.8259315490723,505.52151107788086,287.97131417250785,0.0542413218480341,1025.0892857142858,488.17857142857144,18.802496361092935,0.03317418270609836,1.0,True
15,15,15,500.0,VALID_TARGET,,False,,,,,True,1,1,0,False,False,False,False,1027.4811630249023,499.88549041748047,1013.1881828308105,405.3857727050781,6.047974088548309,10.115737149953995,95.5745046053205,0.07413769033295749,960.624382019043,369.6066436767578,136.66829681396484,260.98399353027344,1028.9585304260254,500.09864044189453,294.60289922714577,0.059925093923246193,1029.6428571428573,488.0,12.117978527692475,0.021326009893107085,1.0,True
16,16,16,533.3333333333334,VALID_TARGET,,False,,,,,True,1,1,0,False,False,False,False,1036.557716369629,490.49754333496094,1017.8816223144531,404.68737030029297,13.058230011906435,4.745117501772195,87.81903145330988,0.07008090120602779,971.7746810913086,371.01013946533203,126.46703338623047,252.64318084716797,1035.0081977844238,497.331729888916,282.528737232319,0.10910593555283744,1034.1964285714287,487.82142857142856,9.54488346731224,0.016755015766651244,1.0,True
17,17,17,566.6666666666666,VALID_TARGET,,False,,,,,True,1,1,0,False,False,False,False,1038.6471557617188,483.48595428466797,1022.0852241516113,401.01744079589844,7.316292639267857,5.580201696407157,84.11511930506452,0.03346971825564165,979.8905410766602,368.12259674072266,127.64876556396484,231.7024154663086,1043.7149238586426,483.97380447387695,264.5377415094601,0.16257231108135167,1038.75,487.6428571428571,6.1735254441744,0.010809418626724175,1.0,True
18,18,18,600.0,VALID_TARGET,,False,,,,,True,1,1,0,False,False,False,False,1045.4932403564453,482.3561325073242,1026.918041229248,399.4801559448242,6.938686585133569,5.071426389019109,84.93212297948921,0.007382702856430374,981.4903564453125,365.49305725097656,128.09288024902344,233.3261260986328,1045.5367965698242,482.15612030029297,266.1745049599713,0.014790310716654804,1043.3035714285716,487.46428571428567,5.758811908183078,0.010057661149338698,1.0,True
19,19,19,633.3333333333333,VALID_TARGET,,False,,,,,True,1,1,0,False,False,False,False,1054.2605514526367,482.65283203125,1034.7227821350098,405.1343002319336,8.772330047649755,9.637599712870514,79.94277454673708,0.04508532590400388,985.9848098754883,370.0735855102539,125.90264129638672,229.95171356201172,1048.9361305236816,485.04944229125977,262.16267021739026,0.03625220392605454,1047.8571428571431,487.28571428571433,2.4829673412520075,0.004325439871155238,1.0,True
20,20,20,666.6666666666666,VALID_TARGET,,False,,,,,True,1,1,0,False,False,False,False,1053.7650680541992,479.53993225097656,1036.137149810791,404.8201217651367,3.1520864265044493,1.448842307255586,76.77104649955024,0.02866073488626067,989.296142578125,372.1901092529297,123.19866943359375,226.0139923095703,1050.8954772949219,485.19710540771484,257.4106386106029,0.04294085622317541,1052.4107142857142,487.1071428571429,2.438070178744459,0.004236437668605696,1.0,True
21,21,21,700.0,VALID_TARGET,,False,,,,,True,1,1,0,False,False,False,False,1064.9094009399414,479.745849609375,1043.408058166504,397.7103805541992,11.146235123427308,10.16929340729623,84.80640261303127,0.0726100119111526,995.8638229370117,365.00682830810547,123.82086944580078,240.75666046142578,1057.774257659912,485.38515853881836,270.7311900517787,0.12036870365760147,1056.9642857142858,486.92857142857144,1.7430369763598454,0.00302104205817236,1.0,True
22,22,22,733.3333333333333,VALID_TARGET,,False,,,,,True,1,1,0,False,False,False,False,1071.5377731323242,482.38460540771484,1048.1490859985352,397.8385238647461,7.13430796111479,4.742759282541424,87.72155145751009,0.026342204294501636,998.5928268432617,362.67262268066406,102.0683822631836,255.5460968017578,1049.6270179748535,490.44567108154297,275.1758751206885,0.040163575980586064,1061.517857142857,486.75,12.451909125201702,0.021526920046519682,1.0,True
23,23,23,766.6666666666667,VALID_TARGET,,False,,,,,True,1,1,0,False,False,False,False,1074.5951309204102,488.4104766845703,1051.9195175170898,401.19054412841797,6.757111904475276,5.045016717928442,90.11936572300431,0.021667405889599332,1000.286376953125,365.3287124633789,108.41802978515625,264.4415512084961,1054.4953918457031,497.54948806762695,285.8037844186999,0.09603714008699339,1066.0714285714287,486.57142857142856,15.953758697479989,0.027510913699489995,1.0,True
24,24,24,800.0,VALID_TARGET,,False,,,,,True,1,1,0,False,False,False,False,1080.1057434082031,498.06529998779297,1057.4919357299805,404.4812698364258,11.11676495240729,6.471531536251574,96.27748956573205,0.05564674909935093,999.3299560546875,365.02162170410156,131.27732849121094,273.3540496826172,1064.968620300293,501.69864654541016,303.24276323380917,0.15758411221613783,1070.625,486.3928571428571,16.317531079871213,0.028066791275813064,1.0,True
25,25,25,833.3333333333334,VALID_TARGET,,False,,,,,True,1,1,0,False,False,False,False,1084.054328918457,494.2332229614258,1058.2601852416992,400.0485534667969,5.502376020211477,4.498797808952094,97.65290479975343,0.01242868581238376,997.6635360717773,364.6995086669922,145.42464447021484,267.8610382080078,1070.3758583068848,498.6300277709961,304.79150744264547,0.013994941090696142,1075.1785714285713,486.21428571428567,13.31227644499574,0.02283953562512032,1.0,True
26,26,26,866.6666666666667,VALID_TARGET,,False,,,,,True,1,1,0,False,False,False,False,1084.4113388061523,493.86778259277344,1058.8153533935547,400.81002044677734,0.5108842559259197,0.9423606732218787,96.51373770019839,0.010293873164963092,998.8808441162109,365.9520263671875,146.36666870117188,268.65283203125,1072.0641784667969,500.2784423828125,305.93715999382886,0.010352477751161042,1079.732142857143,486.03571428571433,16.1756910683743,0.027681826332136287,1.0,True
27,27,27,900.0,VALID_TARGET,,False,,,,,True,1,1,0,False,False,False,False,1090.1251373291016,493.28177642822266,1060.5281944274902,398.2728500366211,5.743770258788925,3.061218400850522,99.51218580257397,0.027094922658523625,1011.1159210205078,361.00370025634766,139.61044311523438,278.9326705932617,1080.921142578125,500.4700355529785,311.9206799029541,0.05406897289135643,1084.2857142857142,485.8571428571429,14.995231765982014,0.025596606013635996,1.0,True
28,28,28,933.3333333333334,VALID_TARGET,,False,,,,,True,1,1,0,False,False,False,False,1089.2779006958008,493.2848663330078,1063.9181098937988,394.1898498535156,0.8472422677832026,5.306827429261055,102.28851978884107,0.025087829458358725,1013.1427230834961,357.8308334350586,150.0163345336914,281.48755645751953,1088.1508903503418,498.57461166381836,318.96731034284636,0.0636755749151748,1084.3478260869565,484.8571428571429,14.234895442311927,0.024206753253052448,1.0,True
29,29,29,966.6666666666666,VALID_TARGET,,False,,,,,True,1,1,0,False,False,False,False,1091.7092590332031,488.25394439697266,1066.0094375610352,393.07594299316406,5.587636252596943,2.369480935835192,98.58667645744376,0.033451023774170446,1015.6221237182617,356.3971481323242,148.62665557861328,278.37198638916016,1089.9354515075684,495.5831413269043,315.5643287108518,0.030750415207860243,1084.4099378881988,483.8571428571429,12.96265176847259,0.021960146384174286,1.0,True
30,30,30,1000.0,VALID_TARGET,,False,,,,,True,1,1,0,False,False,False,False,1092.729232788086,483.55316162109375,1066.8347244262695,387.4005432128906,4.810166854346067,5.735090328482731,99.5783690871351,0.008961247346994843,1016.8389129638672,352.7128219604492,152.41368103027344,271.36551666259766,1093.045753479004,488.39558029174805,311.2381303740859,0.03909289250237023,1084.472049689441,482.8571428571429,10.206992009803868,0.01722678673377298,1.0,True
31,31,31,1033.3333333333335,VALID_TARGET,,False,,,,,True,1,1,0,False,False,False,False,1088.220329284668,478.7417297363281,1072.9296875,383.23189544677734,6.593943250049558,7.384185741709048,96.7260676974128,0.025774294873436816,1010.5516204833984,345.60535430908203,162.19114685058594,262.4815902709961,1091.6471939086914,476.8461494445801,308.54911010712607,0.024298835155011078,1084.5341614906833,481.8571428571429,8.700878413147807,0.014629877733890096,1.0,True
32,32,32,1066.6666666666667,VALID_TARGET,,False,,,,,True,1,1,0,False,False,False,False,1088.3265380859375,479.46087646484375,1072.6138305664062,384.5592575073242,0.7269472653513711,1.364425022593214,96.19358844721702,0.004811650430065072,1009.7952728271484,346.6466064453125,162.34339904785156,262.26361083984375,1090.9669723510742,477.7784118652344,308.4438049064415,0.0009515710029556307,1084.5962732919254,480.8571428571429,7.07561947978957,0.011852748965279802,1.0,True
33,33,33,1100.0,VALID_TARGET,,False,,,,,True,1,1,0,False,False,False,False,1083.0718002319336,479.57456970214844,1070.9731216430664,382.06842041015625,5.255967662239789,2.9826490265794168,98.25389139036164,0.01861754714160458,1011.4037017822266,346.3440399169922,158.1636199951172,279.79444885253906,1090.4855117797852,486.2412643432617,321.4042070332246,0.11711428087427599,1084.6583850931677,479.8571428571429,8.643634222444495,0.01442560057554353,1.0,True
34,34,34,1133.3333333333333,VALID_TARGET,,False,,,,,True,1,1,0,False,False,False,False,1091.2905197143555,477.65579986572266,1077.3718490600586,383.92948150634766,8.439729119818853,6.663877321854348,94.75416690566014,0.031624614134225626,1006.8213577270508,346.76255798339844,154.51976776123047,282.4135284423828,1084.081241607666,487.96932220458984,321.92197762231325,0.0046787383297045805,1084.72049689441,478.8571428571429,9.134574964478034,0.015188490554582212,1.0,True
35,35,35,1166.6666666666667,VALID_TARGET,,False,,,,,True,1,1,0,False,False,False,False,1090.9159317016602,486.7918243408203,1080.2674255371094,384.23680114746094,9.14370053035632,2.9118393664939366,103.10636966612176,0.07547313813559854,1001.0774459838867,345.7885437011719,146.1128158569336,288.6123046875,1074.1338539123535,490.0946960449219,323.4903667416891,0.01417245869764806,1084.7826086956522,477.8571428571429,16.222012404709446,0.026873581593571914,1.0,True
36,36,36,1200.0,VALID_TARGET,,False,,,,,True,1,1,0,False,False,False,False,1088.6677780151367,485.71959686279297,1078.8799438476562,387.3900451660156,2.4907562632393,3.445004104368907,98.81549693534565,0.03877367918618871,1006.5712890625,346.01438903808594,137.69937133789062,267.6614227294922,1075.4209747314453,479.84510040283203,301.00457485630716,0.20318870670711026,1084.8447204968945,476.8571428571429,9.886095009995739,0.01631721043966042,1.0,True
37,37,37,1233.3333333333335,VALID_TARGET,,False,,,,,True,1,1,0,False,False,False,False,1087.8085708618164,486.0303726196289,1079.4212265014648,390.83101654052734,0.9136840281813756,3.483284500514298,95.56811677172828,0.029344351268353303,1005.6746139526367,351.86781311035156,126.94324493408203,275.79591369628906,1069.1462364196777,489.7657699584961,303.6082565510452,0.02352768890361957,1084.9068322981366,475.85714285714283,21.02014011105997,0.03456708643568957,1.0,True
38,38,38,1266.6666666666665,VALID_TARGET,,False,,,,,True,1,1,0,False,False,False,False,1087.6945419311523,485.24068450927734,1079.8520278930664,390.7739944458008,0.7978783796162239,0.4345588087852413,94.79166924359184,0.007016224728582503,1005.9561996459961,352.19444274902344,126.56385040283203,273.04298400878906,1069.238124847412,488.71593475341797,300.94996153050806,0.02402119213866936,1084.9689440993789,474.8571428571429,20.964846461691714,0.034350302958199214,1.0,True
39,39,39,1300.0,VALID_TARGET,,False,,,,,True,1,1,0,False,False,False,False,1087.5713958740234,486.51568603515625,1078.7888793945312,392.05474853515625,1.2809347533656565,1.6645166767978965,94.86833670456892,0.0006927913556194329,1011.6316680908203,353.59261322021484,111.64045715332031,264.4841079711914,1067.4518966674805,485.83466720581055,287.0808858888365,0.12532534131859227,1085.0310559006211,473.8571428571429,21.271763652011593,0.034726398438139794,1.0,True
40,40,40,1333.3333333333333,VALID_TARGET,,False,,,,,True,1,1,0,False,False,False,False,1089.0548553466797,485.8677062988281,1074.6250381469727,391.6138381958008,1.618805036347931,4.187120234985002,95.3520386609528,0.004370883420531605,1017.5843734741211,356.278564453125,111.1520767211914,268.04730224609375,1073.1604118347168,490.3022155761719,290.17949686503067,0.028000025974208708,1085.0931677018634,472.85714285714283,21.135780675365023,0.03437933737089524,1.0,True
41,41,41,1366.6666666666667,VALID_TARGET,,False,,,,,True,1,1,0,False,False,False,False,1088.8537139892578,487.98497009277344,1067.156753540039,391.5466079711914,2.1267966096496425,7.468587207314533,98.84895437701074,0.03159923321497521,1027.9104919433594,350.82250213623047,112.46492004394531,281.92581939697266,1084.142951965332,491.7854118347168,303.5301070456528,0.12064032390671187,1085.1552795031055,471.8571428571429,19.953964806179975,0.032339770883228404,1.0,True
42,42,42,1400.0,VALID_TARGET,,False,,,,,True,1,1,0,False,False,False,False,1078.068130493164,477.8156280517578,1055.3324279785156,380.87294006347656,14.823775797629217,15.929276869622122,99.57307328403519,0.006543366805601136,1025.1364440917969,343.8670196533203,128.73204040527344,287.52134704589844,1089.5024642944336,487.62769317626953,315.0245438596696,0.10386735599403148,1085.2173913043478,470.8571428571429,17.30933876659423,0.027952603909635013,1.0,True
43,43,43,1433.3333333333333,VALID_TARGET,,False,,,,,True,1,1,0,False,False,False,False,1073.744285583496,471.0901107788086,1048.8430290222168,376.41722106933594,7.995512328275149,7.871831462166721,97.89294471141743,0.015182171635849733,1021.9708480834961,340.2827453613281,129.70833587646484,274.0028381347656,1086.8250160217285,477.28416442871094,303.15310933874383,0.1072740261655268,1085.27950310559,469.85714285714283,7.5861228304377475,0.012206782565191332,1.0,True
44,44,44,1466.6666666666665,VALID_TARGET,,False,,,,,True,1,1,0,False,False,False,False,1076.6297607421875,468.17818450927734,1051.4434509277344,373.3842315673828,4.0994245316399445,3.995149484769442,98.08284109068076,0.0017159635696870064,1023.6551055908203,338.8013381958008,124.21121215820312,276.38545989990234,1085.7607116699219,476.99406814575195,303.0137747197158,0.0012590715587935024,1085.3416149068323,468.8571428571429,8.147711043553143,0.013063572344896912,1.0,True
45,45,45,1500.0,VALID_TARGET,,False,,,,,True,1,1,0,False,False,False,False,1071.3897094726562,466.6189270019531,1044.44820022583,376.5600891113281,5.4671218462243,7.682421722473124,94.00233615558017,0.03687272944183377,1018.3413162231445,340.59136962890625,133.1823501586914,274.319091796875,1084.9324913024902,477.75091552734375,304.9401621926089,0.017407444720165383,1085.4037267080746,467.8571428571429,9.904988665167151,0.015824526798718846,1.0,True
46,46,46,1533.3333333333335,VALID_TARGET,,False,,,,,True,1,1,0,False,False,False,False,1068.48291015625,459.2276840209961,1040.172752380371,370.5763702392578,7.9422890320994,7.354205995157485,93.06191739118304,0.008497920530215926,1012.3658447265625,331.7362289428711,132.76028442382812,273.1659622192383,1078.7459869384766,468.31921005249023,303.7185144759174,0.011039194032904527,1085.4658385093167,466.85714285714283,6.877066643404953,0.010948024834394237,1.0,True
47,47,47,1566.6666666666667,VALID_TARGET,,False,,,,,True,1,1,0,False,False,False,False,1066.606346130371,456.1460189819336,1038.9436264038086,368.93868255615234,3.6080676207913465,2.0476258480630873,91.48959279147407,0.014208020939050648,1009.5430374145508,335.7112731933594,130.24488067626953,258.8665466308594,1074.6654777526855,465.14454650878906,289.7854687643302,0.12590339504426876,1085.527950310559,465.8571428571429,10.88582121965264,0.017268510238721616,1.0,True
48,48,48,1600.0,VALID_TARGET,,False,,,,,True,1,1,0,False,False,False,False,1061.1949310302734,456.5730895996094,1035.1896057128906,364.7216262817383,5.428241215904734,5.645904264988491,95.46186808614804,0.03589473227910295,1002.9795837402344,334.09293365478516,129.51878356933594,260.25508880615234,1067.7389755249023,464.2204780578613,290.7022988329792,0.00828476563638791,1085.5900621118012,464.8571428571429,17.862436407153563,0.028235846416271027,1.0,True
49,49,49,1633.3333333333333,VALID_TARGET,,False,,,,,True,1,1,0,False,False,False,False,1058.8288345336914,460.856201171875,1033.3290100097656,365.4705276489258,4.89320522475948,2.005659399863925,98.7353420218802,0.029580142822243884,996.9455108642578,328.4673843383789,121.58090209960938,278.53694915771484,1057.7359619140625,467.7358589172363,303.91569193024935,0.11940038706808381,1085.6521739130435,463.85714285714283,28.184380969729986,0.044395640623385614,1.0,True
50,50,50,1666.6666666666667,VALID_TARGET,,False,,,,,True,1,1,0,False,False,False,False,1058.2293701171875,459.10803985595703,1033.3615951538086,364.65977478027344,1.8480870036679584,0.8114074227170377,97.66719514471504,0.009652112038158767,996.8895645141602,330.0918731689453,122.52750396728516,276.26780700683594,1058.1533164978027,468.2257766723633,302.2199371597106,0.015323374888219209,1085.7142857142858,462.85714285714283,28.078982410227308,0.04407477849018374,1.0,True
51,51,51,1700.0,VALID_TARGET,,False,,,,,True,1,1,0,False,False,False,False,1055.3124465942383,465.5415344238281,1029.5489959716797,367.79761505126953,7.0638725352006,4.937808632364649,101.08228906336782,0.03085986564989458,988.8704452514648,325.71202850341797,110.14165496826172,289.8185806274414,1043.9412727355957,470.6213188171387,310.0419227073209,0.0706819281883455,1069.047619047619,460.38095238095235,27.114456105306978,0.04157358535724125,1.0,True
52,52,52,1733.3333333333335,VALID_TARGET,,False,,,,,True,1,1,0,False,False,False,False,1051.9584045410156,467.7575378417969,1021.9303665161133,366.4184341430664,4.0199837366879025,7.742457927478591,105.69435654795873,0.04167609627522902,956.0203552246094,324.8846435546875,160.262939453125,299.300537109375,1036.1518249511719,474.534912109375,339.50702684350495,0.2662559732358682,1052.3809523809525,457.90476190476187,23.236748330178486,0.0348091139405806,1.0,True
53,53,53,1766.6666666666665,VALID_TARGET,,False,,,,,True,1,1,0,False,False,False,False,1049.9898147583008,465.9956970214844,1014.1777954101562,364.6533203125,2.6418608609706715,7.950973876688103,107.48385016744412,0.016170428689248915,952.8890380859375,322.95701599121094,170.17034912109375,299.99876403808594,1037.9742126464844,472.9563980102539,344.90173404083384,0.048748275536669126,1035.7142857142858,455.42857142857144,17.672916409478397,0.025871900606620625,1.0,True
54,54,54,1800.0,VALID_TARGET,,False,,,,,True,1,1,0,False,False,False,False,1043.1092224121094,467.78269958496094,1006.9083099365234,360.5961380004883,7.108862721725576,8.325031373169667,113.13472079059984,0.051063049037408194,944.8120574951172,318.9270782470703,180.11476135253906,310.5517120361328,1034.8694381713867,474.2029342651367,359.00375082393674,0.1274302709340391,1030.873015873016,454.30158730158735,20.298645327964408,0.029295182870790328,1.0,True
55,55,55,1833.3333333333333,VALID_TARGET,,False,,,,,True,1,1,0,False,False,False,False,1036.5541534423828,464.99468994140625,1001.9368057250977,355.9198303222656,7.123336786255862,6.825225829643181,114.43638304278348,0.011762230609391947,941.1309967041016,313.76695251464844,173.6316680908203,300.28724670410156,1027.9468307495117,463.9105758666992,346.87229162493037,0.10962369115933446,1026.031746031746,453.17460317460313,10.905441720611437,0.015516990867129274,1.0,True
56,56,56,1866.6666666666667,VALID_TARGET,,False,,,,,True,1,1,0,False,False,False,False,1037.942283630371,463.27528381347656,1002.6488494873047,356.5106658935547,2.20981059178531,0.9252529338502073,112.44692140382443,0.017977402776118825,941.4036560058594,312.62237548828125,169.2884521484375,310.9521179199219,1026.0478820800781,468.0984344482422,354.0477364278704,0.06483958212321039,1021.1904761904761,452.04761904761904,16.76970682514221,0.023526291498647788,1.0,True
57,57,57,1900.0,VALID_TARGET,,False,,,,,True,1,1,0,False,False,False,False,1022.7989501953125,451.76197814941406,998.7486572265625,340.1287078857422,19.023058503813132,16.83983514885123,114.19458665648172,0.015792454375389092,934.4927673339844,305.98077392578125,175.82278442382812,301.7359313964844,1022.4041595458984,456.84873962402344,349.225176380873,0.04357817345111213,1016.3492063492064,450.92063492063494,8.473776229548912,0.011721948176419824,1.0,True
58,58,58,1933.3333333333333,VALID_TARGET,,False,,,,,True,1,1,0,False,False,False,False,1017.0866088867188,449.5493469238281,994.7239837646484,341.1677932739258,6.125894234012246,4.15664467076174,110.66457506319225,0.03189829799891924,928.4877471923828,305.49224853515625,174.3672637939453,291.5650634765625,1015.6713790893555,451.2747802734375,339.72655021808237,0.08583258154081083,1011.5079365079365,449.7936507936508,4.419049520503913,0.0060280887121458866,1.0,True
59,59,59,1966.6666666666665,VALID_TARGET,,False,,,,,True,1,1,0,False,False,False,False,1000.9230651855469,447.2296600341797,984.6244354248047,336.9961242675781,16.329148546256164,10.927199960070388,111.43194218752707,0.006934171336189918,911.3410034179688,300.94635009765625,186.40341186523438,282.204345703125,1004.5427093505859,442.04852294921875,338.2092912513331,0.013710430513855459,1006.6666666666665,448.6666666666667,6.950612990616569,0.009350544026976245,1.0,True
60,60,60,2000.0,VALID_TARGET,,False,,,,,True,1,1,0,False,False,False,False,991.2368087768555,445.5406188964844,982.4865417480469,340.8171615600586,9.832416955140909,4.378460387356212,105.0883898895099,0.05732233909898308,892.0891876220703,296.3361358642578,190.35401916503906,295.75743103027344,987.2661972045898,444.21485137939453,351.7202163963724,0.12208898048290692,1001.8253968253969,447.53968253968253,14.934014726219115,0.01981481712622563,1.0,True
61,61,61,2033.3333333333333,VALID_TARGET,,False,,,,,True,1,1,0,False,False,False,False,978.5278549194336,449.9680480957031,965.9098892211914,334.72753143310547,13.458069603928088,17.65981325153805,115.92924453745252,0.09796138142447319,863.7596893310547,292.4042739868164,188.47850036621094,275.2037887573242,957.9989395141602,430.0061683654785,333.5584962891542,0.1641150304589104,996.984126984127,446.4126984126984,42.296797399552446,0.05535525958909553,1.0,True
62,62,62,2066.666666666667,VALID_TARGET,,False,,,,,True,1,1,0,False,False,False,False,979.0055999755859,448.14654541015625,967.1852188110352,333.6138153076172,1.8831124162228032,1.6931713353655786,115.14107727312752,0.0071221279607763715,862.6158142089844,291.9607925415039,190.81228637695312,272.83177947998047,958.0219573974609,428.37668228149414,332.9361928757717,0.00562332989601366,992.1428571428571,445.2857142857143,38.0808503418072,0.04916266805684975,1.0,True
63,63,63,2100.0,VALID_TARGET,,False,,,,,True,1,1,0,False,False,False,False,969.230224609375,440.5591125488281,960.2461929321289,333.6404724121094,12.3744535627027,6.939077081957698,107.29542596897096,0.0708957794278476,867.545166015625,292.3027877807617,160.23089599609375,279.4423294067383,947.6606140136719,432.02395248413086,322.12102616248916,0.09772925714581052,985.3571428571429,443.2,39.31834590777703,0.05121920587360194,1.0,True
64,64,64,2133.3333333333335,VALID_TARGET,,False,,,,,True,1,1,0,False,False,False,False,963.3613891601562,449.69398498535156,954.7936553955078,337.79984283447266,10.857675808457456,6.85788071481945,112.2216784295396,0.044515170801095294,866.6187286376953,293.85015869140625,148.86170959472656,315.345703125,941.0495834350586,451.52301025390625,348.715817052891,0.24031891755076587,978.5714285714286,441.11428571428576,38.93880338402078,0.05117246013061092,1.0,True
65,65,65,2166.6666666666665,VALID_TARGET,,False,,,,,True,1,1,0,False,False,False,False,955.9486541748047,444.93841552734375,944.5014724731445,337.45379638671875,8.807047225545674,10.297998710982123,108.09246653081811,0.037312860925581615,872.9784240722656,293.6322784423828,127.9400634765625,308.9816436767578,936.9484558105469,448.1231002807617,334.4223616500215,0.12916017067528215,971.7857142857144,439.0285714285714,36.004791807604676,0.04772337661513026,1.0,True
66,66,66,2200.0,VALID_TARGET,,False,,,,,True,1,1,0,False,False,False,False,950.0936813354492,441.99114990234375,935.1398620605469,338.42786407470703,6.554928040329419,9.41214945578531,104.63733025227287,0.031221701041839904,882.5609130859375,290.4972381591797,103.26589965820312,313.9834747314453,934.1938629150391,447.48897552490234,330.52907351192306,0.03518097942250526,965.0,436.9428571428572,32.56130671557142,0.0435195697221142,1.0,True
67,67,67,2233.3333333333335,VALID_TARGET,,False,,,,,True,1,1,0,False,False,False,False,939.4948806762695,444.35960388183594,924.563720703125,335.22772216796875,10.860209466948607,11.049691137558186,110.14856850886957,0.0498012869380255,886.4408569335938,288.5959930419922,88.92936706542969,320.80592346191406,930.9055404663086,448.9989547729492,332.9036990706312,0.021457865422174854,958.2142857142858,434.85714285714283,30.75318538429735,0.04143555073582848,1.0,True
68,68,68,2266.6666666666665,VALID_TARGET,,False,,,,,True,1,1,0,False,False,False,False,941.7711715698242,440.22669982910156,924.9084167480469,334.614013671875,4.718304371401682,0.703884565509456,106.95041831392811,0.028899493745990875,887.060302734375,288.8967590332031,85.65911865234375,316.0834045410156,929.8898620605469,446.93846130371094,327.4846610675615,0.048968136370426664,951.4285714285716,432.77142857142854,25.78024083824267,0.03500677418764626,1.0,True
69,69,69,2300.0,VALID_TARGET,,False,,,,,True,1,1,0,False,False,False,False,929.8964538574219,440.7789764404297,913.3941268920898,326.94058990478516,11.887553583671538,13.836918124941489,115.02827932430155,0.0729940995640274,878.3835601806641,284.45472717285156,106.11048889160156,321.8120574951172,931.4388046264648,445.36075592041016,338.85459448272985,0.10274230401802785,944.6428571428572,430.68571428571425,19.740918160908983,0.027007847210739143,1.0,True
70,70,70,2333.3333333333335,VALID_TARGET,,False,,,,,True,1,1,0,False,False,False,False,922.2650375366211,432.8784484863281,906.3114929199219,322.61376190185547,10.984391517736645,8.299707497896797,111.41282104591463,0.03267042119235001,871.5994567871094,280.7126922607422,118.69869995117188,326.3834686279297,930.9488067626953,443.90442657470703,347.2974948998295,0.07629271076384213,937.8571428571429,428.59999999999997,16.791384111336594,0.023138516594253266,1.0,True
71,71,71,2366.6666666666665,VALID_TARGET,,False,,,,,True,1,1,0,False,False,False,False,919.5976486206055,423.2633819580078,899.7420806884766,317.35831451416016,9.978199635871626,8.412901063931322,107.75029878470549,0.03309570618346243,865.3837585449219,271.7345733642578,119.26901245117188,322.2174835205078,925.0182647705078,432.8433151245117,343.5828924981081,0.03356631875738237,931.0714285714286,426.5142857142857,8.757705480106273,0.01215145273020935,1.0,True
72,72,72,2400.0,VALID_TARGET,,False,,,,,True,1,1,0,False,False,False,False,904.8774719238281,412.322021484375,886.1034317016602,314.4512710571289,18.341127855132605,13.945022332239429,99.65514726021868,0.07315034210237806,839.9725646972656,277.0640869140625,126.8179931640625,284.5262756347656,903.3815612792969,419.3272247314453,311.509237289604,0.28982766337094973,924.2857142857142,424.4285714285714,21.51760560657218,0.030052232284010657,1.0,True
73,73,73,2433.333333333333,VALID_TARGET,,False,,,,,True,1,1,0,False,False,False,False,899.2207717895508,409.7054138183594,881.4615020751953,309.9976806640625,6.232567054351285,6.43288256120578,101.27696535518675,0.014655259770725765,842.5575332641602,277.1840515136719,121.5481185913086,280.5566711425781,903.3315925598145,417.46238708496094,305.7547887698434,0.051999011575968916,922.2678571428572,423.5678571428571,19.89620267756807,0.02769019975870317,1.0,True
74,74,74,2466.666666666667,VALID_TARGET,,False,,,,,True,1,1,0,False,False,False,False,898.5930099487305,409.73497009277344,880.6133728027344,308.5376205444336,0.6284572397127324,1.6885197113850625,102.78215267015261,0.013601347261364954,842.3773040771484,276.37388610839844,121.84481811523438,280.52207946777344,903.2997131347656,416.63492584228516,305.84112995223245,0.0007802061530507461,920.25,422.70714285714286,18.005111615573625,0.024970648365169473,1.0,True
75,75,75,2500.0,VALID_TARGET,,False,,,,,True,1,1,0,False,False,False,False,890.3186264038086,410.3333740234375,874.4267272949219,309.5889434814453,8.295993630223453,6.275337644878046,101.9901600279033,0.007156695282090627,830.2282180786133,271.0810546875,123.3676986694336,291.7892150878906,891.9120674133301,416.9756622314453,316.7973092003773,0.09900349088123817,918.2321428571429,421.8464285714286,26.76697099237626,0.03699272446051032,1.0,True
76,76,76,2533.333333333333,VALID_TARGET,,False,,,,,True,1,1,0,False,False,False,False,887.0034637451172,414.47900390625,870.5794448852539,310.967041015625,5.30815886902887,4.086653246050209,104.80684546812422,0.025452457921719976,821.4720001220703,272.4412841796875,106.61526489257812,304.743408203125,874.7796325683594,424.81298828125,322.85501320464437,0.054739323770122146,916.2142857142858,420.98571428571427,41.61103828985925,0.05730779253540181,1.0,True
77,77,77,2566.666666666667,VALID_TARGET,,False,,,,,True,1,1,0,False,False,False,False,885.8905715942383,418.11866760253906,866.5061187744141,312.30724334716797,3.806005880391206,4.2881380452036355,107.57236872949356,0.024990140338858713,800.4214935302734,263.11944580078125,105.69761657714844,320.017822265625,853.2703018188477,423.12835693359375,337.02135350408145,0.12801151851301779,914.1964285714287,420.125,61.00010716336598,0.08371989662373243,1.0,True
78,78,78,2600.0,VALID_TARGET,,False,,,,,True,1,1,0,False,False,False,False,879.1716842651367,418.9715881347656,861.6441955566406,312.7549514770508,6.772807421996817,4.882493209937683,107.65308524749057,0.0007293799117821854,783.1499633789062,264.462646484375,164.6505889892578,319.1381530761719,865.4752578735352,424.03172302246094,359.1085869251522,0.19958720673222136,912.1785714285714,419.2642857142857,46.946011071308476,0.064208811420383,1.0,True
79,79,79,2633.3333333333335,VALID_TARGET,,False,,,,,True,1,1,0,False,False,False,False,877.7000274658203,416.4131317138672,856.7761688232422,304.3415985107422,2.9515204543778197,9.720195081004057,114.0080541672111,0.05742550329309707,772.4019470214844,256.18968200683594,182.1427764892578,332.1316680908203,863.4733352661133,422.2555160522461,378.7973547637398,0.17791391533690704,910.1607142857144,418.4035714285714,46.846011965841356,0.06385152413947313,1.0,True
80,80,80,2666.6666666666665,VALID_TARGET,,False,,,,,True,1,1,0,False,False,False,False,876.1226272583008,417.37677001953125,855.5108489990234,303.937744140625,1.8484561663252297,1.328206538842404,115.29639194426156,0.01164182645001605,779.1449813842773,255.35333251953125,174.17667388916016,325.1905212402344,866.2333183288574,417.94859313964844,368.8988870023684,0.08944567632161556,908.1428571428572,417.54285714285714,41.91150278027797,0.05692976853946405,1.0,True
81,81,81,2700.0,VALID_TARGET,,False,,,,,True,1,1,0,False,False,False,False,871.8950881958008,416.37388610839844,850.9000778198242,299.7551727294922,4.344866242379899,6.225199954713076,118.49352206276447,0.028890276013595773,780.8868408203125,252.74807739257812,182.75454711914062,323.8052062988281,872.2641143798828,414.6506805419922,371.8185526825535,0.02638301984639544,906.125,416.6821428571429,33.92176902988015,0.04591948645177649,1.0,True
82,82,82,2733.3333333333335,VALID_TARGET,,False,,,,,True,1,1,0,False,False,False,False,866.9065780639648,417.8552551269531,844.5632972717285,295.4946594238281,5.203814706978283,7.635886414979246,124.38383165582385,0.053226695080118194,770.2796936035156,247.72555541992188,188.53424072265625,336.0492248535156,864.5468139648438,415.7501678466797,385.32355423658856,0.1220354530464999,904.107142857143,415.82142857142856,39.560393073853284,0.05336988255817102,1.0,True
83,83,83,2766.6666666666665,VALID_TARGET,,False,,,,,True,1,1,0,False,False,False,False,857.760612487793,408.5813446044922,838.9845161437988,291.02381896972656,13.025133500242239,7.149210672471158,119.04752675838137,0.04822053393685671,777.1244812011719,247.06695556640625,188.27923583984375,331.7550964355469,871.2640991210938,412.9445037841797,381.4584048876031,0.034926708450092415,902.0892857142857,414.9607142857143,30.891054259956828,0.04153270763254695,1.0,True
84,84,84,2800.0,VALID_TARGET,,False,,,,,True,1,1,0,False,False,False,False,846.9287109375,406.71067810058594,838.7478904724121,291.58238220214844,10.992246556736072,0.6066173365250856,115.41858749768247,0.03279223959995043,763.5589218139648,245.6197052001953,199.71692657470703,316.1719207763672,863.4173851013184,403.7056655883789,373.9672903448433,0.06769207344339546,900.0714285714287,414.1,38.09935813854805,0.05105070658066655,1.0,True
85,85,85,2833.3333333333335,VALID_TARGET,,False,,,,,True,1,1,0,False,False,False,False,840.3935623168945,401.27264404296875,833.6789665222168,288.8199462890625,8.5017869830528,5.77278461288576,112.65298499736834,0.024990856366953043,759.428581237793,243.74139404296875,204.58515167236328,305.5641784667969,861.7211570739746,396.5234832763672,367.72891026800215,0.05637196974080365,898.0535714285713,413.2392857142857,39.99327923511185,0.053407517015841136,1.0,True
86,86,86,2866.6666666666665,VALID_TARGET,,False,,,,,True,1,1,0,False,False,False,False,843.1168441772461,403.17803955078125,832.4664993286133,289.1006622314453,3.323672085527079,1.2445393267682043,114.57346054585652,0.017354022706828672,757.2472305297852,243.81588745117188,205.43560028076172,309.2853698730469,859.965030670166,398.4585723876953,371.29668175224015,0.032239508281676474,896.0357142857142,412.3785714285714,38.66342703112294,0.051457852127069034,1.0,True
87,87,87,2900.0,VALID_TARGET,,False,,,,,True,1,1,0,False,False,False,False,838.2024612426758,399.6601104736328,829.7076148986816,290.25624084472656,6.0437558371795905,2.9911210656194194,109.7331723053097,0.04373837099887566,749.6556243896484,241.5862579345703,208.9337615966797,312.1969451904297,854.1225051879883,397.68473052978516,375.65975206451697,0.03942607930121627,894.0178571428573,411.51785714285717,42.225519529025995,0.05601016878692668,1.0,True
88,88,88,2933.333333333333,VALID_TARGET,,False,,,,,True,1,1,0,False,False,False,False,835.8477172851562,398.51988220214844,827.4150199890137,290.4650573730469,2.6162835504904645,2.302085090159621,108.38337304465198,0.012197211798689411,753.3822555541992,235.7627410888672,196.59894561767578,314.24378967285156,851.6817283630371,392.88463592529297,370.67547095260727,0.04503953599481628,892.0,410.65714285714284,44.06160494619525,0.05825019332562668,1.0,True
89,89,89,2966.666666666667,VALID_TARGET,,False,,,,,True,1,1,0,False,False,False,False,834.891975402832,404.7831268310547,825.7321319580078,285.8174133300781,6.335745877728338,4.94294520251294,119.31782650019287,0.09880716976771513,750.8932723999023,234.72145080566406,194.01590728759766,292.66371154785156,847.9012260437012,381.05330657958984,351.1327673937506,0.1765940324417031,889.9821428571429,409.7964285714286,50.96048097984875,0.06714602949042424,1.0,True
90,90,90,3000.0,VALID_TARGET,,False,,,,,True,1,1,0,False,False,False,False,838.7868499755859,411.5451965332031,832.2033424377441,288.74182891845703,7.8035655052161115,7.101321821083933,122.97971242860868,0.033089956079664924,751.5346755981445,238.5917205810547,165.85640716552734,329.9707794189453,834.4628791809082,403.57711029052734,369.30889925400317,0.16424525960429096,887.9642857142858,408.9357142857143,53.769090915013344,0.07061123801646928,1.0,True
91,91,91,3033.333333333333,VALID_TARGET,,False,,,,,True,1,1,0,False,False,False,False,838.9818801879883,410.7614440917969,833.8740005493164,292.4508743286133,0.8076538077418819,4.067937607727453,118.42078091320074,0.04119594290046901,732.7069244384766,240.07339477539062,174.68893432617188,324.6891174316406,820.0513916015625,402.41795349121094,368.6993989072281,0.005507637348510347,885.9464285714286,408.07500000000005,66.13741809643477,0.08656597198560316,1.0,True
92,92,92,3066.666666666667,VALID_TARGET,,False,,,,,True,1,1,0,False,False,False,False,838.9634094238281,411.2038116455078,833.336799621582,291.8870849609375,0.442753003044428,0.7787446872132936,119.4493198163438,0.009294201893927996,731.2273635864258,238.8881378173828,176.40026092529297,327.1319122314453,819.4274940490723,402.45409393310547,371.6615934620007,0.026767324169284845,883.9285714285716,407.21428571428567,64.67649038800552,0.08437421787890295,1.0,True
93,93,93,3100.0,VALID_TARGET,,False,,,,,True,1,1,0,False,False,False,False,838.5173263549805,412.28334045410156,832.4102783203125,292.2312240600586,1.1680635911183879,0.9883690814923661,120.20734872039472,0.006849788232757083,732.0426330566406,239.1026611328125,174.26527404785156,326.544189453125,819.1752700805664,402.374755859375,370.1344261272804,0.013799965651594298,881.9107142857143,406.35357142857146,62.86149006308162,0.08173645586634648,1.0,True
94,94,94,3133.3333333333335,VALID_TARGET,,False,,,,,True,1,1,0,False,False,False,False,841.3059844970703,411.5176696777344,832.8131103515625,290.6025848388672,2.891862024929044,1.6777184979024196,121.21298054598725,0.009087206317091893,732.7651977539062,239.72967529296875,165.54815673828125,326.11767578125,815.5392761230469,402.78851318359375,365.7306804964645,0.0397936343071053,879.8928571428571,405.49285714285713,64.41037856062704,0.08347554209924277,1.0,True
95,95,95,3166.6666666666665,VALID_TARGET,,False,,,,,True,1,1,0,False,False,False,False,845.1662902832031,410.59930419921875,829.699592590332,292.19205474853516,3.9680418236933575,3.4957699356847685,119.41312934513974,0.01626402306085532,735.6898422241211,241.80726623535156,153.00409698486328,327.34913635253906,812.1918907165527,405.4818344116211,361.34154309310554,0.039661629756881686,877.875,404.6321428571428,65.68860495458118,0.0848535708581254,1.0,True
96,96,96,3200.0,VALID_TARGET,,False,,,,,True,1,1,0,False,False,False,False,842.8391571044922,410.9106750488281,828.4655914306641,287.5872039794922,2.3478715121240636,4.7673272876127895,124.1582776409579,0.042878656454502895,743.6782455444336,234.24215698242188,147.4682388305664,332.2904968261719,817.4123649597168,400.3874053955078,363.5434716024661,0.019897320421672682,875.8571428571429,403.77142857142854,58.542665435856556,0.07537609979302698,1.0,True
97,97,97,3233.3333333333335,VALID_TARGET,,False,,,,,True,1,1,0,False,False,False,False,841.3900604248047,401.7365417480469,824.1827850341797,280.92615509033203,9.287873976728195,7.919091042130355,122.02966791217361,0.019234788798211246,747.8685760498047,229.9165802001953,155.7297821044922,342.7761688232422,825.7334671020508,401.3046646118164,376.4933823421767,0.11701947739207273,873.8392857142858,402.9107142857143,48.13262074631177,0.061771213960735746,1.0,True
98,98,98,3266.6666666666665,VALID_TARGET,,False,,,,,True,1,1,0,False,False,False,False,841.853645324707,401.0391845703125,824.065315246582,281.7780303955078,0.8373876000724627,0.8599364433297201,120.58046102945062,0.013095490421351698,748.0309524536133,229.06556701660156,156.93721771240234,344.3578338623047,826.4995613098145,401.2444839477539,378.43309586457764,0.017527863106087248,871.8214285714286,402.04999999999995,45.32902500815337,0.05798461921841114,1.0,True
99,99,99,3300.0,VALID_TARGET,,False,,,,,True,1,1,0,False,False,False,False,836.9983291625977,392.10296630859375,816.7069549560547,271.41456604003906,10.170058596444575,12.710108560208326,122.38231010474034,0.01628207648437472,747.1527328491211,206.23468780517578,164.0008316040039,362.78231048583984,829.153148651123,387.6258430480957,398.12972454747603,0.17798494840513437,869.8035714285716,401.18928571428575,42.853516179472706,0.0546407963057207,1.0,True
100,100,100,3333.3333333333335,VALID_TARGET,,False,,,,,True,1,1,0,False,False,False,False,840.6956100463867,384.11753845214844,814.9397735595703,275.59739685058594,8.799826361021267,4.540815309802931,111.53467732664491,0.09802263074611872,747.8842010498047,233.49989318847656,171.60121154785156,328.91258239746094,833.6848068237305,397.95618438720703,370.98579846681065,0.2452810763079831,867.7857142857143,400.3285714285714,34.18333087931632,0.043445355956327085,1.0,True
101,101,101,3366.6666666666665,VALID_TARGET,,False,,,,,True,1,1,0,False,False,False,False,839.7977523803711,384.4593963623047,815.2014083862305,271.99292755126953,0.9607368105570975,3.613952367178626,115.12465741404681,0.0324401922236807,749.847038269043,229.42819213867188,165.64783477783203,329.32073974609375,832.670955657959,394.08856201171875,368.6344460213917,0.021247562230969456,865.7678571428572,399.46785714285716,33.5312049292737,0.042479640883684444,1.0,True
102,102,102,3400.0,VALID_TARGET,,False,,,,,True,1,1,0,False,False,False,False,839.8549346923828,382.4471893310547,815.0747756958008,275.06372833251953,2.0130193624053754,3.07341069113958,110.2055532898402,0.04445057617939327,755.2072067260742,226.09803771972656,161.03638458251953,323.5851593017578,835.725399017334,387.89061737060547,361.4416584730558,0.0649962966399016,863.75,398.6071428571429,30.00370275051483,0.03788902893344531,1.0,True
103,103,103,3433.333333333333,VALID_TARGET,,False,,,,,True,1,1,0,False,False,False,False,840.9668045043945,377.6359405517578,814.5688858032227,270.0425796508789,4.9380531887727415,5.046568999484114,110.78439159782599,0.005230565496277916,750.7298049926758,225.6535186767578,152.78173065185547,307.94651794433594,827.1206703186035,379.6267776489258,343.7634581147585,0.15974579352247606,861.7321428571429,397.74642857142857,39.06757966446631,0.049177482752570584,1.0,True
104,104,104,3466.666666666667,VALID_TARGET,,False,,,,,True,1,1,0,False,False,False,False,844.4113235473633,377.07286071777344,816.3371353149414,266.0093688964844,3.4902392950647703,4.403804642017775,114.5567949117249,0.0340886260282007,751.0493011474609,224.27474975585938,156.5634307861328,310.02032470703125,829.3310165405273,379.284912109375,347.31068165401604,0.03205383057073108,859.7142857142857,396.88571428571424,35.113121236023446,0.04405899555586135,1.0,True
105,105,105,3500.0,VALID_TARGET,,False,,,,,True,1,1,0,False,False,False,False,841.529541015625,377.75901794433594,814.8994522094727,265.75030517578125,2.962344054932823,1.4608376785717212,115.13085323184288,0.005187372018463748,747.4639282226562,222.52163696289062,156.38906860351562,316.5948486328125,825.6584625244141,380.8190612792969,353.11448421086976,0.052444990219676066,857.6964285714287,396.02500000000003,35.46338732844679,0.04435728081406303,1.0,True
106,106,106,3533.333333333333,VALID_TARGET,,False,,,,,True,1,1,0,False,False,False,False,842.0601272583008,379.53753662109375,813.0297546386719,270.26358795166016,1.8559769514983648,4.8852318697584405,113.06439931403919,0.01867312928842575,744.1757736206055,224.5172119140625,152.57416534423828,317.8027648925781,820.4628562927246,383.41859436035156,352.5301026917535,0.005280655700187536,855.6785714285714,395.1642857142857,37.122875129911414,0.046286037257942295,1.0,True
107,107,107,3566.666666666667,VALID_TARGET,,False,,,,,True,1,1,0,False,False,False,False,841.7380981445312,379.4174346923828,813.4155654907227,270.31190490722656,0.343696411670644,0.38882456423862405,112.72170370263959,0.003096705618793709,740.8007888793945,223.4184112548828,156.53087615966797,316.1318817138672,819.0662269592285,381.4843521118164,352.7623588582884,0.002098739966265499,853.6607142857142,394.30357142857144,36.89323701267545,0.04585460780524314,1.0,True
108,108,108,3600.0,VALID_TARGET,,False,,,,,True,1,1,0,False,False,False,False,838.3861541748047,381.74497985839844,810.0800704956055,269.1428680419922,4.080808115561055,3.534426976856195,116.10542605222327,0.030576382258292574,737.7310409545898,221.95220947265625,162.69254302978516,323.2749328613281,819.0773124694824,383.5896759033203,361.9054376131902,0.08261974303593432,851.6428571428572,393.4428571428572,34.023519518308674,0.04215483454626785,1.0,True
109,109,109,3633.3333333333335,VALID_TARGET,,False,,,,,True,1,2,0,True,False,False,False,836.8892822265625,383.6289978027344,809.275032043457,267.5958557128906,2.4062728947511696,1.7439421022011576,119.27378956173486,0.0286303318627698,739.7169570922852,220.33595275878906,151.38472747802734,327.3086700439453,815.4093208312988,383.9902877807617,360.6221030379764,0.011596615940385604,849.6249999999999,392.58214285714286,35.2779346706836,0.04357198223263736,1.0,True
110,110,110,3666.6666666666665,VALID_TARGET,,False,,,,,True,1,2,0,True,False,False,False,837.0542297363281,383.52325439453125,809.7883911132812,266.62281799316406,0.19593200186874446,1.1001545066859726,120.03806890586057,0.006906269180442689,739.0116577148438,219.2985076904297,152.23379516601562,326.78675842285156,815.1285552978516,382.69188690185547,360.50619116897775,0.0010474162028133083,847.6071428571429,391.72142857142853,33.71040303243362,0.04150574223596018,1.0,True
111,111,111,3700.0,VALID_TARGET,,False,,,,,True,1,3,0,True,False,False,False,833.2209014892578,382.6630401611328,805.9346923828125,260.58089447021484,3.9286605830904273,7.166298470087857,125.09431443474631,0.045689829161667105,726.4090118408203,213.97451782226562,190.61009216308594,325.2744140625,821.7140579223633,376.6117248535156,377.0088217510604,0.14912297429108845,845.5892857142857,390.8607142857143,27.80396018474874,0.034126756077344944,1.0,True
112,112,112,3733.3333333333335,VALID_TARGET,,False,,,,,True,1,2,0,True,False,False,False,834.1300430297852,373.1934814453125,806.9039459228516,253.69110870361328,9.513100473193841,6.957628930500946,122.56458483008946,0.02285943449574818,717.8024978637695,208.6238250732422,184.38158416748047,323.2291717529297,809.9932899475098,370.23841094970703,372.120499371097,0.044172422630927875,843.5714285714284,390.0,38.96167084763894,0.047673171927061074,1.0,True
113,113,113,3766.6666666666665,VALID_TARGET,,False,,,,,True,1,1,0,False,False,False,False,834.1127319335938,373.4253692626953,807.8207473754883,254.40228271484375,0.23253308130653738,1.160298831252722,121.89242627571666,0.00607383667256645,717.7776947021484,208.96229553222656,184.28977966308594,323.84458923339844,809.9225845336914,370.8845901489258,372.60977022082676,0.004421205697038542,844.2857142857142,390.3809523809524,39.50864242968556,0.04896189992164099,1.0,True
114,114,114,3800.0,VALID_TARGET,,False,,,,,True,1,1,0,False,False,False,False,831.0219573974609,366.5779571533203,804.0263290405273,252.50161743164062,7.512651983741986,4.243835413804516,117.22702433603675,0.042158043231231394,704.4783020019531,206.7661895751953,202.1339111328125,311.76918029785156,805.5452575683594,362.6507797241211,371.56175773812083,0.00947017130014268,845.0000000000001,390.76190476190476,48.44493834485724,0.06079925400274651,1.0,True
115,115,115,3833.3333333333335,VALID_TARGET,,False,,,,,True,1,1,0,False,False,False,False,825.1380386352539,361.1852264404297,802.7768783569336,248.7498550415039,7.981356059092073,3.954345463256501,114.63740327924,0.02340063254494951,729.07568359375,201.07501220703125,168.63482666015625,307.77874755859375,813.3930969238281,354.9643859863281,350.9493727183987,0.18626001146213175,845.7142857142858,384.28571428571433,43.63942641773368,0.05627451556684261,1.0,True
116,116,116,3866.6666666666665,VALID_TARGET,,False,,,,,True,1,1,0,False,False,False,False,824.544921875,363.68870544433594,800.2009620666504,248.98725128173828,2.5727795502711692,2.5868323697958853,117.25635149604916,0.02366564201158025,733.2158126831055,199.08804321289062,163.92029571533203,316.9332580566406,815.1759605407715,357.55467224121094,356.81445235556123,0.05299870924199018,840.7142857142858,384.2857142857143,36.96964513561307,0.04919361106883765,1.0,True
117,117,117,3900.0,VALID_TARGET,,False,,,,,True,1,1,0,False,False,False,False,818.5798377990723,362.98028564453125,801.1601791381836,247.2767562866211,6.007003133480284,1.9610942146265389,117.00748358006274,0.0022488489730730318,726.1014862060547,196.9552459716797,158.80690002441406,283.99363708496094,805.5049362182617,338.95206451416016,325.3798048436761,0.28405338830366605,835.7142857142857,384.2857142857142,54.47700981682866,0.07463304371092201,1.0,True
118,118,118,3933.333333333333,VALID_TARGET,,False,,,,,True,1,1,0,False,False,False,False,819.0960960388184,363.0701599121094,801.3978805541992,245.7350616455078,0.5240228564465863,1.5599116416044987,118.66234498177195,0.01495384951113981,723.2431221008301,196.35667419433594,162.05999374389648,291.89588928222656,804.2731189727783,342.3046188354492,333.86621834521327,0.07668590871732198,839.7619047619048,385.4761904761904,55.88594201333782,0.07573235800813438,1.0,True
119,119,119,3966.666666666667,VALID_TARGET,,False,,,,,True,1,1,0,False,False,False,False,808.7033233642578,363.7451934814453,797.9595489501953,246.41400146484375,10.414672063239571,3.504723027198011,117.82205781897076,0.007593099800196805,744.2476425170898,191.9417266845703,130.5414047241211,310.68348693847656,809.5183448791504,347.2834701538086,336.99449165171427,0.028268064145320924,843.8095238095239,386.6666666666667,52.21993029491026,0.07000328895510124,1.0,True
120,120,120,4000.0,VALID_TARGET,,False,,,,,True,1,1,0,False,False,False,False,803.4633522033691,361.64759826660156,797.8275947570801,245.09760284423828,5.644218586507823,1.3229955545702614,116.68617396652571,0.010264204708656131,748.8611068725586,192.5548858642578,113.38665008544922,281.20521545410156,805.5544319152832,333.1574935913086,303.2043957731942,0.3053379625704527,847.8571428571428,385.4285714285714,67.24421857155983,0.08969913929194184,1.0,True
121,121,121,4033.333333333333,VALID_TARGET,,False,,,,,True,1,1,0,False,False,False,False,804.2210464477539,365.2185516357422,797.5287208557129,245.88806915283203,3.6504531955019752,0.8450814126108046,119.5179955966214,0.02558923330685224,746.7123413085938,192.47654724121094,113.19944763183594,278.75904846191406,803.3120651245117,331.85607147216797,300.86661836027025,0.02112489395625511,847.3809523809524,385.95238095238096,69.77447615998176,0.09363793191317152,1.0,True
122,122,122,4066.6666666666665,VALID_TARGET,,False,,,,,True,1,1,0,False,False,False,False,804.3992118835449,366.79884338378906,797.8327980041504,246.00926971435547,1.5903034086159944,0.3273415468825764,120.96792508131662,0.013102020080656092,746.9088859558105,192.14633178710938,112.87892532348633,279.3908996582031,803.3483486175537,331.84178161621094,301.33192096756915,0.004204621099689721,846.9047619047619,386.4761904761905,69.87188111054046,0.09433222467022001,1.0,True
123,123,123,4100.0,VALID_TARGET,,False,,,,,True,1,1,0,False,False,False,False,803.2673721313477,364.54209899902344,793.6911430358887,246.37598419189453,2.524669571018185,4.15785826888841,118.55351050179951,0.021817411562267536,745.149543762207,188.82952880859375,109.01053619384766,296.78839111328125,799.6548118591309,337.2237243652344,316.17502447359783,0.13412696427517928,846.4285714285713,387.0,68.30418874657678,0.09276556743518305,1.0,True
124,124,124,4133.333333333334,VALID_TARGET,,False,,,,,True,1,1,0,False,False,False,False,806.5383911132812,368.2886962890625,797.6938362121582,248.92184448242188,4.973585872778104,4.7437282049289715,119.69407446330618,0.01030649565007936,758.0218124389648,190.60267639160156,86.67530059814453,298.40443420410156,801.3594627380371,339.80489349365234,310.7375324714552,0.04913489252579405,855.0,384.07142857142856,69.54734621496367,0.09323940281934671,1.0,True
125,125,125,4166.666666666667,VALID_TARGET,,False,,,,,True,1,3,0,True,False,False,False,803.4079322814941,373.0852966308594,801.3093338012695,253.77911376953125,5.727752380859338,6.055153816738749,119.32463863143214,0.003338338683929212,748.4702339172363,203.8495330810547,95.2752799987793,284.62681579589844,796.107873916626,346.1629409790039,300.1496347639925,0.09567558273654216,863.5714285714287,381.14285714285717,75.99293218116901,0.10057989783648706,1.0,True
126,126,126,4200.0,VALID_TARGET,,False,,,,,True,1,3,0,True,False,False,False,802.2152709960938,372.2286376953125,802.0348777770996,254.31928253173828,1.4684364043244151,0.9045420678595293,117.90949315811406,0.01278770078419398,747.8760299682617,201.88406372070312,96.60245513916016,289.7536926269531,796.1772575378418,346.7609100341797,305.43286779563897,0.04774095982051737,861.6666666666666,381.5238095238095,74.14392685155481,0.09879356011763142,1.0,True
127,127,127,4233.333333333333,VALID_TARGET,,False,,,,,True,1,3,0,True,False,False,False,794.0787773132324,381.01295471191406,798.187089920044,256.0867004394531,11.97358571604171,4.234293028761252,124.99378880177547,0.06401592957471798,747.5125427246094,206.79336547851562,95.73551940917969,313.80596923828125,795.3803024291992,363.69635009765625,328.0845561834975,0.20468779982143212,859.7619047619048,381.90476190476187,66.90692773894035,0.08974293490803768,1.0,True
128,128,128,4266.666666666667,VALID_TARGET,,False,,,,,True,1,2,0,True,False,False,False,800.0709495544434,377.3897399902344,798.78586769104,256.4779586791992,7.002414804032629,0.7152746529888098,120.91861021035281,0.03682459892061779,735.9406127929688,204.7330780029297,103.38465881347656,313.60044860839844,787.632942199707,361.5333023071289,330.2024061774349,0.019137560440891335,857.8571428571429,382.28571428571433,73.22636793467741,0.09886254186774725,1.0,True
129,129,129,4300.0,VALID_TARGET,,False,,,,,True,1,1,0,False,False,False,False,786.1548480987549,377.8760528564453,788.7579069137573,257.3866653442383,13.924596221393898,10.069048870365412,120.51750253909658,0.0036245354127749066,717.0189189910889,210.91583251953125,131.98590278625488,319.8154602050781,783.0118703842163,370.8235626220703,345.98006751905325,0.14257192360435939,855.952380952381,382.66666666666663,73.89571838310846,0.10040965916150062,1.0,True
130,130,130,4333.333333333333,VALID_TARGET,,False,,,,,True,1,2,0,True,False,False,False,793.925952911377,376.21681213378906,789.1996660232544,254.5882339477539,7.946266405330162,2.833084783703646,121.72037142280378,0.010869502575872438,722.4478015899658,212.2976531982422,129.47384452819824,312.98719787597656,787.1847238540649,368.79125213623047,338.70999756601185,0.06569464482098275,854.047619047619,383.04761904761904,68.36585954390053,0.09348503737398045,1.0,True
131,131,131,4366.666666666666,VALID_TARGET,,False,,,,,True,1,1,0,False,False,False,False,788.1468658447266,378.08457946777344,791.8366994857788,261.7964172363281,6.07341766535325,7.675405644274063,116.34668687790634,0.04855830821949061,718.2466671466827,215.19757080078125,137.95178866386414,309.84649658203125,787.2225614786148,370.1208190917969,339.1689069471406,0.004146849891816905,852.1428571428571,382.8571428571429,66.15783197920226,0.09116247287712383,1.0,True
132,132,132,4400.0,VALID_TARGET,,False,,,,,True,1,1,0,False,False,False,False,781.4696578979492,378.2278594970703,791.6843452453613,257.79864501953125,6.678745026672438,4.000674257167932,120.86163798857967,0.04079852209340872,715.8497838973999,214.86656188964844,143.3315668106079,315.1901092529297,787.5155673027039,372.4616165161133,346.249538649884,0.06398282104910433,846.4906832298136,383.88198757763973,60.07070145918878,0.08334084417935783,1.0,True
133,133,133,4433.333333333334,VALID_TARGET,,False,,,,,True,1,2,0,True,False,False,False,778.5106525421143,372.70635986328125,777.2493019104004,256.5045471191406,6.2643970900472725,14.492935018759852,116.20865841425262,0.04204579082032421,715.9941301345825,215.628662109375,129.19288158416748,310.3624267578125,780.5905709266663,370.80987548828125,336.17798350727736,0.09100974848415172,840.8385093167701,384.9068322981367,61.87518300220759,0.08643543258209467,1.0,True
134,134,134,4466.666666666667,TARGET_NOT_FOUND,HUMAN_TARGET_UNAVAILABLE: operator excluded this frame because TARGET_PARTIALLY_OCCLUDED.,True,TARGET_PARTIALLY_OCCLUDED,,134.0,152.0,False,,1,0,False,False,False,False,,,,,,,,,,,,,,,,,,,,,,True
135,135,135,4500.0,TARGET_NOT_FOUND,HUMAN_TARGET_UNAVAILABLE: operator excluded this frame because TARGET_PARTIALLY_OCCLUDED.,True,TARGET_PARTIALLY_OCCLUDED,,134.0,152.0,False,,1,0,False,False,False,False,,,,,,,,,,,,,,,,,,,,,,True
136,136,136,4533.333333333333,TARGET_NOT_FOUND,HUMAN_TARGET_UNAVAILABLE: operator excluded this frame because TARGET_PARTIALLY_OCCLUDED.,True,TARGET_PARTIALLY_OCCLUDED,,134.0,152.0,False,,1,0,False,False,False,False,,,,,,,,,,,,,,,,,,,,,,True
137,137,137,4566.666666666666,TARGET_NOT_FOUND,HUMAN_TARGET_UNAVAILABLE: operator excluded this frame because TARGET_PARTIALLY_OCCLUDED.,True,TARGET_PARTIALLY_OCCLUDED,,134.0,152.0,False,,1,0,False,False,False,False,,,,,,,,,,,,,,,,,,,,,,True
138,138,138,4600.0,TARGET_NOT_FOUND,HUMAN_TARGET_UNAVAILABLE: operator excluded this frame because TARGET_PARTIALLY_OCCLUDED.,True,TARGET_PARTIALLY_OCCLUDED,,134.0,152.0,False,,1,0,False,False,False,False,,,,,,,,,,,,,,,,,,,,,,True
139,139,139,4633.333333333334,TARGET_NOT_FOUND,HUMAN_TARGET_UNAVAILABLE: operator excluded this frame because TARGET_PARTIALLY_OCCLUDED.,True,TARGET_PARTIALLY_OCCLUDED,,134.0,152.0,False,,1,0,False,False,False,False,,,,,,,,,,,,,,,,,,,,,,True
140,140,140,4666.666666666667,TARGET_NOT_FOUND,HUMAN_TARGET_UNAVAILABLE: operator excluded this frame because TARGET_PARTIALLY_OCCLUDED.,True,TARGET_PARTIALLY_OCCLUDED,,134.0,152.0,False,,1,0,False,False,False,False,,,,,,,,,,,,,,,,,,,,,,True
141,141,141,4700.0,TARGET_NOT_FOUND,HUMAN_TARGET_UNAVAILABLE: operator excluded this frame because TARGET_PARTIALLY_OCCLUDED.,True,TARGET_PARTIALLY_OCCLUDED,,134.0,152.0,False,,1,0,False,False,False,False,,,,,,,,,,,,,,,,,,,,,,True
142,142,142,4733.333333333333,TARGET_NOT_FOUND,HUMAN_TARGET_UNAVAILABLE: operator excluded this frame because TARGET_PARTIALLY_OCCLUDED.,True,TARGET_PARTIALLY_OCCLUDED,,134.0,152.0,False,,1,0,False,False,False,False,,,,,,,,,,,,,,,,,,,,,,True
143,143,143,4766.666666666667,TARGET_NOT_FOUND,HUMAN_TARGET_UNAVAILABLE: operator excluded this frame because TARGET_PARTIALLY_OCCLUDED.,True,TARGET_PARTIALLY_OCCLUDED,,134.0,152.0,False,,1,0,False,False,False,False,,,,,,,,,,,,,,,,,,,,,,True
144,144,144,4800.0,TARGET_NOT_FOUND,HUMAN_TARGET_UNAVAILABLE: operator excluded this frame because TARGET_PARTIALLY_OCCLUDED.,True,TARGET_PARTIALLY_OCCLUDED,,134.0,152.0,False,,1,0,False,False,False,False,,,,,,,,,,,,,,,,,,,,,,True
145,145,145,4833.333333333333,TARGET_NOT_FOUND,HUMAN_TARGET_UNAVAILABLE: operator excluded this frame because TARGET_PARTIALLY_OCCLUDED.,True,TARGET_PARTIALLY_OCCLUDED,,134.0,152.0,False,,1,0,False,False,False,False,,,,,,,,,,,,,,,,,,,,,,True
146,146,146,4866.666666666666,TARGET_NOT_FOUND,HUMAN_TARGET_UNAVAILABLE: operator excluded this frame because TARGET_PARTIALLY_OCCLUDED.,True,TARGET_PARTIALLY_OCCLUDED,,134.0,152.0,False,,1,0,False,False,False,False,,,,,,,,,,,,,,,,,,,,,,True
147,147,147,4900.0,TARGET_NOT_FOUND,HUMAN_TARGET_UNAVAILABLE: operator excluded this frame because TARGET_PARTIALLY_OCCLUDED.,True,TARGET_PARTIALLY_OCCLUDED,,134.0,152.0,False,,1,0,False,False,False,False,,,,,,,,,,,,,,,,,,,,,,True
148,148,148,4933.333333333334,TARGET_NOT_FOUND,HUMAN_TARGET_UNAVAILABLE: operator excluded this frame because TARGET_PARTIALLY_OCCLUDED.,True,TARGET_PARTIALLY_OCCLUDED,,134.0,152.0,False,,1,0,False,False,False,False,,,,,,,,,,,,,,,,,,,,,,True
149,149,149,4966.666666666667,TARGET_NOT_FOUND,HUMAN_TARGET_UNAVAILABLE: operator excluded this frame because TARGET_PARTIALLY_OCCLUDED.,True,TARGET_PARTIALLY_OCCLUDED,,134.0,152.0,False,,1,0,False,False,False,False,,,,,,,,,,,,,,,,,,,,,,True
150,150,150,5000.0,TARGET_NOT_FOUND,HUMAN_TARGET_UNAVAILABLE: operator excluded this frame because TARGET_PARTIALLY_OCCLUDED.,True,TARGET_PARTIALLY_OCCLUDED,,134.0,152.0,False,,1,0,False,False,False,False,,,,,,,,,,,,,,,,,,,,,,True
151,151,151,5033.333333333333,TARGET_NOT_FOUND,HUMAN_TARGET_UNAVAILABLE: operator excluded this frame because TARGET_PARTIALLY_OCCLUDED.,True,TARGET_PARTIALLY_OCCLUDED,,134.0,152.0,False,,1,0,False,False,False,False,,,,,,,,,,,,,,,,,,,,,,True
152,152,152,5066.666666666666,TARGET_NOT_FOUND,HUMAN_TARGET_UNAVAILABLE: operator excluded this frame because TARGET_PARTIALLY_OCCLUDED.,True,TARGET_PARTIALLY_OCCLUDED,,134.0,152.0,False,,1,0,False,False,False,False,,,,,,,,,,,,,,,,,,,,,,True
153,153,153,5100.0,VALID_TARGET,,False,,,,,True,2,1,0,False,False,False,False,743.2529067993164,387.1263427734375,753.4702796936035,266.9057159423828,,,120.65402531417101,,681.3519859313965,214.39097595214844,113.4904670715332,287.65943908691406,738.0972194671631,358.22069549560547,309.2378356733095,,727.7950310559006,405.4037267080745,48.29465312493689,0.07821009684046885,1.0,True
154,154,154,5133.333333333334,VALID_TARGET,,False,,,,,True,2,1,0,False,False,False,False,743.2494773864746,390.58489990234375,760.1230163574219,275.4436721801758,3.4585588291629046,10.82384413397481,116.37103865984963,0.038702418112351526,668.5686264038086,212.36894989013672,138.3827896118164,298.2213821411133,737.7600212097168,361.47964096069336,328.7640327452262,0.1764448746201458,722.1428571428571,406.42857142857144,47.58468412942711,0.0776772979321729,1.0,True
155,155,155,5166.666666666667,VALID_TARGET,,False,,,,,True,2,1,0,False,False,False,False,736.0723762512207,385.9881896972656,754.5818519592285,278.796875,8.522941124701747,6.476764009803249,108.77765688556435,0.06861619239896115,672.0578765869141,215.50144958496094,119.95790100097656,290.7557830810547,732.0368270874023,360.8793411254883,314.52952708392485,0.12862748221978967,726.25,404.6428571428571,44.14445267462257,0.07127584203510492,1.0,True
156,156,156,5200.0,VALID_TARGET,,False,,,,,True,2,2,0,True,False,False,False,770.1185684204102,397.4611053466797,773.8998031616211,270.7767333984375,35.927301522935835,20.91664193811077,126.74078993003283,0.16232053513250358,674.9792327880859,212.6544647216797,163.3013916015625,299.6034393310547,756.6299285888672,362.45618438720703,341.21776823313854,0.2411633635603267,730.3571428571428,402.85714285714283,48.19228896197585,0.07687226474411926,1.0,True
157,157,157,5233.333333333333,VALID_TARGET,,False,,,,,True,2,1,0,False,False,False,False,800.627082824707,403.6620788574219,801.7597198486328,263.82447814941406,31.132322811478687,28.714261454106875,139.84218762018918,0.11838836124997652,671.3725204467773,210.772705078125,165.12169647216797,294.3950500488281,753.9333686828613,357.97023010253906,337.54054591870704,0.033228540500261416,734.4642857142858,401.0714285714286,47.29438128458692,0.07444802907516067,1.0,True
158,158,158,5266.666666666667,VALID_TARGET,,False,,,,,True,2,1,0,False,False,False,False,784.2800521850586,402.842529296875,788.8190765380859,268.97884368896484,16.367561584298297,13.929383812865169,133.94061768787984,0.05332844705669722,675.1611251831055,212.24053955078125,191.95844268798828,301.61749267578125,771.1403465270996,363.0492858886719,357.5208463953153,0.18054829619323978,738.5714285714286,399.28571428571433,48.72179347866022,0.07561085246824974,1.0,True
159,159,159,5300.0,VALID_TARGET,,False,,,,,True,2,2,0,True,False,False,False,773.6548233032227,403.648193359375,782.4624404907227,269.48983001708984,10.655730072266497,6.377141120139098,134.44716648260814,0.004577334656903992,670.4816284179688,210.50274658203125,180.01690673828125,302.1571044921875,760.4900817871094,361.581298828125,351.71721951977526,0.05244340270792181,744.9999999999999,404.04761904761904,45.20321876543692,0.0715979707102391,1.0,True
160,160,160,5333.333333333333,TARGET_IDENTITY_UNCERTAIN,Temporal/body-scale discontinuity suggests target identity uncertainty.,False,,,,,False,,3,1,True,False,False,True,772.1971282958984,404.24957275390625,768.6021957397461,288.7264862060547,1.5768740947027848,23.709814969531347,115.57900789341326,0.17049863136799365,685.1099700927734,247.67450714111328,190.0629425048828,261.40441131591797,780.1414413452148,378.37671279907227,323.19682605037445,0.2577192697221757,751.4285714285716,408.8095238095238,41.83999145372689,0.06765125652496319,1.0,True
161,161,161,5366.666666666666,TARGET_IDENTITY_UNCERTAIN,TARGET_OVERLAP_AMBIGUOUS: multiple pose candidates plus a target-continuity jump.,False,,,,,False,,2,0,True,True,True,True,889.4854583740234,366.1769561767578,847.9971466064453,252.15641403198242,123.31292108106823,87.41240416521238,121.33410091277828,0.052004835477646914,758.7900390625,211.2453384399414,147.39901733398438,311.40392303466797,832.4895477294922,366.9472999572754,344.5270288270655,0.1927464390886694,757.8571428571429,413.57142857142856,87.99889332292403,0.1452752120627847,1.0,True
162,162,162,5400.0,TARGET_IDENTITY_UNCERTAIN,Temporal/body-scale discontinuity suggests target identity uncertainty.,False,,,,,False,,2,0,True,False,False,True,891.1630554199219,365.1641082763672,845.5955810546875,246.4570770263672,1.9596409665377128,6.18465515634987,127.15248321686356,0.05257673741360172,762.43701171875,206.61495971679688,155.46401977539062,316.29632568359375,840.1690216064453,364.76312255859375,352.43783435616706,0.07148453355180978,762.8571428571429,418.8095238095238,94.32995327001584,0.1572421184343288,0.9975735738026322,True
163,163,163,5433.333333333334,INVALID_TRACK_SEGMENT,Valid-looking pose segment is too short to establish target identity continuity.,False,,,,,False,,1,0,False,False,False,False,896.049072265625,364.9108200073242,853.0142440795898,252.44466018676758,4.892577599152567,9.533504768958975,120.41857639826405,0.06084970565110179,769.407958984375,207.95065689086914,142.74484252929688,304.75805282592773,840.7803802490234,360.329683303833,336.5316639351559,0.1437331721730132,767.8571428571429,424.04761904761904,96.83890688747891,0.16300864950335212,1.0,True
164,164,164,5466.666666666667,INVALID_TRACK_SEGMENT,Valid-looking pose segment is too short to establish target identity continuity.,False,,,,,False,,1,0,False,False,False,False,901.4395141601562,369.3892517089844,855.6093826293945,251.8131217956543,7.008082071776296,2.6708771653021275,126.19250089257757,0.05217500262406884,766.7016296386719,208.08954620361328,155.44842529296875,310.3444137573242,844.4258422851562,363.2617530822754,347.09921935441014,0.09549176340504534,772.8571428571429,429.2857142857142,97.37167037085538,0.16552819473973576,1.0,True
165,165,165,5500.0,TARGET_IDENTITY_UNCERTAIN,Temporal/body-scale discontinuity suggests target identity uncertainty.,False,,,,,False,,1,0,False,False,False,True,906.6860809326172,364.3522033691406,865.6430053710938,256.8791618347168,7.273123048306955,11.240033229493946,115.04342096881904,0.10074660222019675,776.1290588378906,213.1150245666504,147.09701538085938,302.102840423584,849.6775665283203,364.1664447784424,336.0113958275139,0.10019307010002786,775.7142857142858,426.9047619047619,96.98795463674017,0.16801214862042724,1.0,True
166,166,166,5533.333333333333,TARGET_IDENTITY_UNCERTAIN,TARGET_OVERLAP_AMBIGUOUS: multiple pose candidates plus a target-continuity jump.,False,,,,,False,,2,1,True,True,True,True,762.6323852539062,409.5840377807617,775.4335632324219,341.7526550292969,150.9880329129927,123.85981308729971,69.02873780979452,0.4158031884435374,719.9882659912109,323.1851806640625,65.032958984375,184.59722900390625,752.5047454833984,415.4837951660156,195.71771179477858,1.267737972631478,778.5714285714284,424.5238095238095,27.58974133262052,0.0487166127558783,1.0,True
167,167,167,5566.666666666666,TARGET_IDENTITY_UNCERTAIN,Temporal/body-scale discontinuity suggests target identity uncertainty.,False,,,,,False,,2,1,True,False,False,True,768.1387405395508,409.0696029663086,781.1281890869141,330.30529022216797,5.53033377926386,12.78557486584566,79.8282076437984,0.09758741519440259,721.142333984375,307.7031936645508,75.48554992675781,204.48766326904297,758.8851089477539,409.94702529907227,217.9753946595316,0.2011274416591155,781.4285714285713,422.1428571428571,25.630958136322164,0.046145142907281944,1.0,True
