source_frame_index,analysis_frame_index,timestamp_ms,frame_status,frame_rejection_reason,valid_segment_id,raw_pelvis_mid_x,raw_pelvis_mid_y,roi_center_x,roi_center_y,roi_x,roi_y,roi_width,roi_height
0,0,0.0,TARGET_NOT_FOUND,No observed landmarks returned by pose backend.,,,,947.1428571428571,370.71428571428567,806.4285714285714,231.42857142857142,281.42857142857144,278.57142857142856
1,1,16.666666666666668,TARGET_IDENTITY_UNCERTAIN,TARGET_OVERLAP_AMBIGUOUS: another detected person overlaps or is too close to the selected pose for automated identity acceptance.,,956.6214904785156,365.04759979248047,939.5714285714286,372.42857142857144,801.5714285714286,232.28571428571428,276.0,280.2857142857143
2,2,33.333333333333336,TARGET_IDENTITY_UNCERTAIN,TARGET_OVERLAP_AMBIGUOUS: another detected person overlaps or is too close to the selected pose for automated identity acceptance.,,941.4634399414062,377.3340072631836,932.0,374.1428571428571,796.7142857142857,233.14285714285714,270.57142857142856,282.0
3,3,50.0,TARGET_IDENTITY_UNCERTAIN,TARGET_OVERLAP_AMBIGUOUS: another detected person overlaps or is too close to the selected pose for automated identity acceptance.,,932.9911575317384,359.27918243408203,924.4285714285714,375.8571428571429,791.8571428571429,234.0,265.1428571428571,283.7142857142857
4,4,66.66666666666667,TARGET_IDENTITY_UNCERTAIN,TARGET_OVERLAP_AMBIGUOUS: another detected person overlaps or is too close to the selected pose for automated identity acceptance.,,928.0653533935548,363.62689208984375,916.8571428571429,377.57142857142856,787.0,234.85714285714286,259.71428571428567,285.42857142857144
5,5,83.33333333333333,TARGET_IDENTITY_UNCERTAIN,TARGET_OVERLAP_AMBIGUOUS: another detected person overlaps or is too close to the selected pose for automated identity acceptance.,,881.4272422790527,515.8682556152344,909.2857142857142,379.28571428571433,782.1428571428571,235.71428571428572,254.28571428571422,287.14285714285717
6,6,100.0,TARGET_IDENTITY_UNCERTAIN,TARGET_OVERLAP_AMBIGUOUS: another detected person overlaps or is too close to the selected pose for automated identity acceptance.,,878.8019599914551,514.6279602050781,907.8759398496239,378.77819548872185,781.9172932330827,235.63909774436092,251.91729323308263,286.27819548872185
7,7,116.66666666666669,TARGET_IDENTITY_UNCERTAIN,TARGET_OVERLAP_AMBIGUOUS: another detected person overlaps or is too close to the selected pose for automated identity acceptance.,,876.4648780822754,516.2696533203125,906.4661654135338,378.27067669172936,781.6917293233082,235.5639097744361,249.54887218045107,285.4135338345865
8,8,133.33333333333334,TARGET_IDENTITY_UNCERTAIN,TARGET_OVERLAP_AMBIGUOUS: another detected person overlaps or is too close to the selected pose for automated identity acceptance.,,860.9162712097168,510.3731384277344,905.0563909774435,377.7631578947369,781.4661654135338,235.48872180451127,247.18045112781948,284.54887218045116
9,9,150.0,TARGET_IDENTITY_UNCERTAIN,TARGET_OVERLAP_AMBIGUOUS: another detected person overlaps or is too close to the selected pose for automated identity acceptance.,,879.0432510375977,347.4404754638672,903.6466165413534,377.2556390977444,781.2406015037594,235.41353383458647,244.81203007518792,283.68421052631584
10,10,166.66666666666666,TARGET_IDENTITY_UNCERTAIN,TARGET_OVERLAP_AMBIGUOUS: another detected person overlaps or is too close to the selected pose for automated identity acceptance.,,879.9343223571777,351.1744918823242,902.2368421052631,376.7481203007519,781.015037593985,235.33834586466168,242.44360902255633,282.81954887218046
11,11,183.33333333333331,TARGET_IDENTITY_UNCERTAIN,TARGET_OVERLAP_AMBIGUOUS: another detected person overlaps or is too close to the selected pose for automated identity acceptance.,,873.128589630127,350.5788917541504,900.827067669173,376.2406015037594,780.7894736842105,235.26315789473685,240.07518796992477,281.95488721804514
12,12,200.0,TARGET_IDENTITY_UNCERTAIN,TARGET_OVERLAP_AMBIGUOUS: another detected person overlaps or is too close to the selected pose for automated identity acceptance.,,875.4284629821777,347.7358093261719,899.4172932330827,375.73308270676694,780.5639097744361,235.18796992481202,237.70676691729318,281.0902255639098
13,13,216.66666666666669,TARGET_IDENTITY_UNCERTAIN,TARGET_OVERLAP_AMBIGUOUS: another detected person overlaps or is too close to the selected pose for automated identity acceptance.,,868.544361114502,353.60217666625977,898.0075187969924,375.22556390977445,780.3383458646616,235.11278195488723,235.33834586466162,280.22556390977445
14,14,233.33333333333337,TARGET_IDENTITY_UNCERTAIN,TARGET_OVERLAP_AMBIGUOUS: another detected person overlaps or is too close to the selected pose for automated identity acceptance.,,870.3303985595703,355.4932556152344,896.5977443609022,374.71804511278197,780.1127819548872,235.03759398496243,232.96992481203003,279.36090225563913
15,15,250.0,TARGET_IDENTITY_UNCERTAIN,TARGET_OVERLAP_AMBIGUOUS: another detected person overlaps or is too close to the selected pose for automated identity acceptance.,,868.1550559997559,347.27027893066406,895.1879699248119,374.2105263157895,779.8872180451127,234.9624060150376,230.60150375939847,278.49624060150376
16,16,266.6666666666667,TARGET_IDENTITY_UNCERTAIN,TARGET_OVERLAP_AMBIGUOUS: another detected person overlaps or is too close to the selected pose for automated identity acceptance.,,868.522274017334,346.5227279663086,893.7781954887217,373.703007518797,779.6616541353383,234.88721804511277,228.23308270676688,277.63157894736844
17,17,283.3333333333333,TARGET_IDENTITY_UNCERTAIN,TARGET_OVERLAP_AMBIGUOUS: another detected person overlaps or is too close to the selected pose for automated identity acceptance.,,869.357006072998,348.6229667663574,892.3684210526316,373.1954887218045,779.4360902255639,234.81203007518798,225.86466165413532,276.7669172932331
18,18,300.0,TARGET_IDENTITY_UNCERTAIN,TARGET_OVERLAP_AMBIGUOUS: another detected person overlaps or is too close to the selected pose for automated identity acceptance.,,868.7160530090332,350.3524169921875,890.9586466165414,372.687969924812,779.2105263157895,234.73684210526318,223.49624060150373,275.90225563909775
19,19,316.66666666666663,TARGET_IDENTITY_UNCERTAIN,TARGET_OVERLAP_AMBIGUOUS: another detected person overlaps or is too close to the selected pose for automated identity acceptance.,,867.8414459228516,344.4717559814453,889.5488721804511,372.18045112781954,778.984962406015,234.66165413533835,221.12781954887217,275.0375939849624
20,20,333.3333333333333,TARGET_IDENTITY_UNCERTAIN,TARGET_OVERLAP_AMBIGUOUS: another detected person overlaps or is too close to the selected pose for automated identity acceptance.,,868.5141220092773,347.3817481994629,888.1390977443609,371.67293233082705,778.7593984962406,234.58646616541353,218.75939849624058,274.1729323308271
21,21,350.0,TARGET_IDENTITY_UNCERTAIN,TARGET_OVERLAP_AMBIGUOUS: another detected person overlaps or is too close to the selected pose for automated identity acceptance.,,868.1613426208496,347.1509017944336,886.7293233082706,371.16541353383457,778.5338345864661,234.51127819548873,216.39097744360902,273.30827067669173
22,22,366.66666666666663,TARGET_IDENTITY_UNCERTAIN,TARGET_OVERLAP_AMBIGUOUS: another detected person overlaps or is too close to the selected pose for automated identity acceptance.,,870.9313468933105,350.06727600097656,885.3195488721803,370.65789473684214,778.3082706766917,234.43609022556393,214.02255639097743,272.4436090225564
23,23,383.33333333333337,TARGET_IDENTITY_UNCERTAIN,TARGET_OVERLAP_AMBIGUOUS: another detected person overlaps or is too close to the selected pose for automated identity acceptance.,,863.4719352722168,349.8672866821289,883.9097744360902,370.15037593984965,778.0827067669172,234.3609022556391,211.65413533834584,271.5789473684211
24,24,400.0,TARGET_IDENTITY_UNCERTAIN,TARGET_OVERLAP_AMBIGUOUS: another detected person overlaps or is too close to the selected pose for automated identity acceptance.,,862.7040481567383,349.2194709777832,882.5,369.6428571428571,777.8571428571429,234.28571428571428,209.28571428571428,270.7142857142857
25,25,416.6666666666667,INVALID_TRACK_SEGMENT,Valid-looking pose segment is too short to establish target identity continuity.,,864.9547729492188,347.7075424194336,881.0902255639098,369.1353383458647,777.6315789473684,234.21052631578948,206.91729323308272,269.8496240601504
26,26,433.33333333333337,TARGET_IDENTITY_UNCERTAIN,TARGET_OVERLAP_AMBIGUOUS: another detected person overlaps or is too close to the selected pose for automated identity acceptance.,,864.118350982666,341.8869400024414,879.6804511278195,368.62781954887214,777.406015037594,234.13533834586465,204.54887218045113,268.98496240601503
27,27,450.0,TARGET_IDENTITY_UNCERTAIN,TARGET_OVERLAP_AMBIGUOUS: another detected person overlaps or is too close to the selected pose for automated identity acceptance.,,860.3944282531738,346.49299240112305,878.2706766917292,368.1203007518797,777.1804511278195,234.06015037593986,202.18045112781954,268.1203007518797
28,28,466.6666666666667,TARGET_IDENTITY_UNCERTAIN,TARGET_OVERLAP_AMBIGUOUS: another detected person overlaps or is too close to the selected pose for automated identity acceptance.,,860.7574005126953,341.95977783203125,876.8609022556391,367.6127819548872,776.9548872180451,233.98496240601503,199.81203007518798,267.2556390977444
29,29,483.3333333333333,TARGET_IDENTITY_UNCERTAIN,TARGET_OVERLAP_AMBIGUOUS: another detected person overlaps or is too close to the selected pose for automated identity acceptance.,,856.5643272399902,344.3710708618164,875.4511278195489,367.10526315789474,776.7293233082706,233.90977443609023,197.44360902255642,266.390977443609
30,30,500.0,TARGET_IDENTITY_UNCERTAIN,TARGET_OVERLAP_AMBIGUOUS: another detected person overlaps or is too close to the selected pose for automated identity acceptance.,,857.155330657959,342.03767013549805,874.0413533834586,366.59774436090225,776.5037593984962,233.8345864661654,195.07518796992483,265.5263157894737
31,31,516.6666666666667,TARGET_IDENTITY_UNCERTAIN,TARGET_OVERLAP_AMBIGUOUS: another detected person overlaps or is too close to the selected pose for automated identity acceptance.,,853.1116809844971,341.14907455444336,872.6315789473683,366.0902255639098,776.2781954887217,233.7593984962406,192.70676691729324,264.6616541353384
32,32,533.3333333333334,TARGET_IDENTITY_UNCERTAIN,TARGET_OVERLAP_AMBIGUOUS: another detected person overlaps or is too close to the selected pose for automated identity acceptance.,,853.1674709320068,342.5362129211426,871.2218045112783,365.5827067669173,776.0526315789474,233.68421052631578,190.33834586466168,263.796992481203
33,33,550.0,TARGET_IDENTITY_UNCERTAIN,TARGET_OVERLAP_AMBIGUOUS: another detected person overlaps or is too close to the selected pose for automated identity acceptance.,,850.571008682251,344.6121292114258,869.812030075188,365.07518796992485,775.827067669173,233.60902255639098,187.96992481203011,262.9323308270677
34,34,566.6666666666666,TARGET_IDENTITY_UNCERTAIN,TARGET_OVERLAP_AMBIGUOUS: another detected person overlaps or is too close to the selected pose for automated identity acceptance.,,848.2965850830078,350.9533271789551,868.4022556390978,364.56766917293237,775.6015037593985,233.53383458646618,185.6015037593985,262.06766917293237
35,35,583.3333333333334,TARGET_IDENTITY_UNCERTAIN,TARGET_OVERLAP_AMBIGUOUS: another detected person overlaps or is too close to the selected pose for automated identity acceptance.,,847.1523990631104,351.2972412109375,866.9924812030075,364.0601503759399,775.375939849624,233.45864661654136,183.23308270676694,261.203007518797
36,36,600.0,TARGET_IDENTITY_UNCERTAIN,TARGET_OVERLAP_AMBIGUOUS: another detected person overlaps or is too close to the selected pose for automated identity acceptance.,,847.2883834838867,351.88367080688477,865.5827067669172,363.5526315789474,775.1503759398496,233.38345864661653,180.86466165413538,260.3383458646617
37,37,616.6666666666667,TARGET_IDENTITY_UNCERTAIN,TARGET_OVERLAP_AMBIGUOUS: another detected person overlaps or is too close to the selected pose for automated identity acceptance.,,839.5028896331787,351.92872619628906,864.172932330827,363.0451127819549,774.9248120300751,233.30827067669173,178.4962406015038,259.47368421052636
38,38,633.3333333333333,TARGET_IDENTITY_UNCERTAIN,TARGET_OVERLAP_AMBIGUOUS: another detected person overlaps or is too close to the selected pose for automated identity acceptance.,,838.1741466522217,355.6809616088867,862.7631578947368,362.5375939849624,774.6992481203007,233.23308270676694,176.1278195488722,258.609022556391
39,39,650.0,TARGET_IDENTITY_UNCERTAIN,TARGET_OVERLAP_AMBIGUOUS: another detected person overlaps or is too close to the selected pose for automated identity acceptance.,,838.5437068939209,358.21191787719727,861.3533834586466,362.03007518796994,774.4736842105262,233.1578947368421,173.75939849624064,257.74436090225566
40,40,666.6666666666666,TARGET_IDENTITY_UNCERTAIN,TARGET_OVERLAP_AMBIGUOUS: another detected person overlaps or is too close to the selected pose for automated identity acceptance.,,835.7010498046875,365.0342254638672,859.9436090225564,361.52255639097746,774.2481203007519,233.08270676691728,171.39097744360907,256.87969924812035
41,41,683.3333333333334,TARGET_IDENTITY_UNCERTAIN,TARGET_OVERLAP_AMBIGUOUS: another detected person overlaps or is too close to the selected pose for automated identity acceptance.,,833.542179107666,359.22277069091797,858.5338345864662,361.01503759398497,774.0225563909775,233.00751879699249,169.02255639097748,256.01503759398497
42,42,700.0,TARGET_IDENTITY_UNCERTAIN,TARGET_OVERLAP_AMBIGUOUS: another detected person overlaps or is too close to the selected pose for automated identity acceptance.,,827.9813938140869,357.7358703613281,857.124060150376,360.5075187969925,773.796992481203,232.9323308270677,166.6541353383459,255.15037593984965
43,43,716.6666666666666,TARGET_IDENTITY_UNCERTAIN,TARGET_OVERLAP_AMBIGUOUS: another detected person overlaps or is too close to the selected pose for automated identity acceptance.,,828.6019458770752,355.9172019958496,855.7142857142858,360.0,773.5714285714286,232.85714285714286,164.28571428571433,254.2857142857143
44,44,733.3333333333333,TARGET_IDENTITY_UNCERTAIN,TARGET_OVERLAP_AMBIGUOUS: another detected person overlaps or is too close to the selected pose for automated identity acceptance.,,827.0734348297119,355.2965202331543,844.8214285714286,363.57142857142856,759.2857142857142,233.57142857142858,171.0714285714286,260.0
45,45,750.0,TARGET_IDENTITY_UNCERTAIN,TARGET_OVERLAP_AMBIGUOUS: another detected person overlaps or is too close to the selected pose for automated identity acceptance.,,826.7755889892578,363.1045951843262,833.9285714285714,367.1428571428571,745.0,234.28571428571428,177.8571428571429,265.7142857142857
46,46,766.6666666666667,TARGET_IDENTITY_UNCERTAIN,TARGET_OVERLAP_AMBIGUOUS: another detected person overlaps or is too close to the selected pose for automated identity acceptance.,,825.9472465515137,364.65283203125,823.0357142857143,370.7142857142857,730.7142857142858,235.0,184.64285714285717,271.42857142857144
47,47,783.3333333333334,TARGET_IDENTITY_UNCERTAIN,TARGET_OVERLAP_AMBIGUOUS: another detected person overlaps or is too close to the selected pose for automated identity acceptance.,,821.0941047668457,366.9278106689453,812.1428571428571,374.28571428571433,716.4285714285714,235.71428571428572,191.42857142857144,277.14285714285717
48,48,800.0,TARGET_IDENTITY_UNCERTAIN,TARGET_OVERLAP_AMBIGUOUS: another detected person overlaps or is too close to the selected pose for automated identity acceptance.,,824.0461044311523,371.0775146484375,809.047619047619,378.0952380952381,716.9047619047619,239.04761904761907,184.2857142857143,278.0952380952381
49,49,816.6666666666666,TARGET_IDENTITY_UNCERTAIN,TARGET_OVERLAP_AMBIGUOUS: another detected person overlaps or is too close to the selected pose for automated identity acceptance.,,818.9880027770996,364.88043212890625,805.952380952381,381.9047619047619,717.3809523809524,242.38095238095238,177.14285714285714,279.04761904761904
50,50,833.3333333333334,TARGET_IDENTITY_UNCERTAIN,TARGET_OVERLAP_AMBIGUOUS: another detected person overlaps or is too close to the selected pose for automated identity acceptance.,,811.6584320068359,353.68135833740234,802.8571428571429,385.71428571428567,717.8571428571429,245.71428571428572,170.0,279.99999999999994
51,51,850.0,TARGET_IDENTITY_UNCERTAIN,TARGET_OVERLAP_AMBIGUOUS: another detected person overlaps or is too close to the selected pose for automated identity acceptance.,,814.6012992858887,366.56177520751953,785.4761904761905,378.33333333333337,694.047619047619,239.04761904761907,182.85714285714286,278.57142857142856
52,52,866.6666666666667,TARGET_IDENTITY_UNCERTAIN,TARGET_OVERLAP_AMBIGUOUS: another detected person overlaps or is too close to the selected pose for automated identity acceptance.,,804.7380676269531,358.2025947570801,768.0952380952382,370.95238095238096,670.2380952380953,232.38095238095238,195.7142857142857,277.1428571428571
53,53,883.3333333333333,TARGET_IDENTITY_UNCERTAIN,TARGET_OVERLAP_AMBIGUOUS: another detected person overlaps or is too close to the selected pose for automated identity acceptance.,,791.5099792480469,374.5956039428711,750.7142857142858,363.57142857142856,646.4285714285714,225.71428571428572,208.57142857142856,275.7142857142857
54,54,900.0,TARGET_IDENTITY_UNCERTAIN,TARGET_OVERLAP_AMBIGUOUS: another detected person overlaps or is too close to the selected pose for automated identity acceptance.,,794.4679641723633,377.94581604003906,748.9047619047619,363.14285714285717,643.1904761904763,224.95238095238096,211.42857142857142,276.3809523809524
55,55,916.6666666666666,TARGET_IDENTITY_UNCERTAIN,TARGET_OVERLAP_AMBIGUOUS: another detected person overlaps or is too close to the selected pose for automated identity acceptance.,,786.7476348876953,488.9093170166016,747.0952380952381,362.7142857142857,639.952380952381,224.1904761904762,214.28571428571428,277.04761904761904
56,56,933.3333333333334,TARGET_IDENTITY_UNCERTAIN,TARGET_OVERLAP_AMBIGUOUS: another detected person overlaps or is too close to the selected pose for automated identity acceptance.,,780.845573425293,494.2239990234375,745.2857142857143,362.28571428571433,636.7142857142858,223.42857142857144,217.14285714285714,277.7142857142857
57,57,950.0,TARGET_IDENTITY_UNCERTAIN,TARGET_OVERLAP_AMBIGUOUS: another detected person overlaps or is too close to the selected pose for automated identity acceptance.,,774.5673294067383,367.8798904418946,743.4761904761905,361.8571428571429,633.4761904761905,222.66666666666666,220.0,278.3809523809524
58,58,966.6666666666666,TARGET_IDENTITY_UNCERTAIN,TARGET_OVERLAP_AMBIGUOUS: another detected person overlaps or is too close to the selected pose for automated identity acceptance.,,771.6375045776367,383.4595260620117,741.6666666666667,361.42857142857144,630.2380952380953,221.9047619047619,222.85714285714286,279.04761904761904
59,59,983.3333333333331,TARGET_IDENTITY_UNCERTAIN,TARGET_OVERLAP_AMBIGUOUS: another detected person overlaps or is too close to the selected pose for automated identity acceptance.,,767.7995223999023,374.1520309448242,739.8571428571429,361.0,627.0,221.14285714285714,225.71428571428572,279.7142857142857
60,60,1000.0,TARGET_IDENTITY_UNCERTAIN,TARGET_OVERLAP_AMBIGUOUS: another detected person overlaps or is too close to the selected pose for automated identity acceptance.,,764.1937713623047,374.2193756103515,738.047619047619,360.57142857142856,623.7619047619048,220.38095238095238,228.57142857142856,280.3809523809524
61,61,1016.6666666666666,TARGET_IDENTITY_UNCERTAIN,TARGET_OVERLAP_AMBIGUOUS: another detected person overlaps or is too close to the selected pose for automated identity acceptance.,,763.4723587036133,484.7930145263672,736.2380952380952,360.1428571428571,620.5238095238095,219.61904761904762,231.42857142857144,281.04761904761904
62,62,1033.3333333333337,TARGET_IDENTITY_UNCERTAIN,TARGET_OVERLAP_AMBIGUOUS: another detected person overlaps or is too close to the selected pose for automated identity acceptance.,,750.0789756774902,365.8795776367187,734.4285714285714,359.7142857142857,617.2857142857143,218.85714285714286,234.28571428571428,281.7142857142857
63,63,1050.0,TARGET_IDENTITY_UNCERTAIN,TARGET_OVERLAP_AMBIGUOUS: another detected person overlaps or is too close to the selected pose for automated identity acceptance.,,744.4594879150391,369.77925872802734,732.6190476190476,359.28571428571433,614.047619047619,218.0952380952381,237.14285714285714,282.3809523809524
64,64,1066.6666666666667,TARGET_IDENTITY_UNCERTAIN,TARGET_OVERLAP_AMBIGUOUS: another detected person overlaps or is too close to the selected pose for automated identity acceptance.,,738.7679176330566,366.1762161254883,730.8095238095239,358.8571428571429,610.8095238095239,217.33333333333334,240.0,283.04761904761904
65,65,1083.3333333333333,TARGET_IDENTITY_UNCERTAIN,TARGET_OVERLAP_AMBIGUOUS: another detected person overlaps or is too close to the selected pose for automated identity acceptance.,,744.0326652526855,371.45957946777344,729.0,358.42857142857144,607.5714285714286,216.57142857142856,242.85714285714286,283.7142857142857
66,66,1100.0,TARGET_IDENTITY_UNCERTAIN,TARGET_OVERLAP_AMBIGUOUS: another detected person overlaps or is too close to the selected pose for automated identity acceptance.,,742.6037330627441,371.6449203491211,727.1904761904763,358.0,604.3333333333334,215.8095238095238,245.71428571428572,284.3809523809524
67,67,1116.6666666666667,TARGET_IDENTITY_UNCERTAIN,TARGET_OVERLAP_AMBIGUOUS: another detected person overlaps or is too close to the selected pose for automated identity acceptance.,,749.7857284545898,363.79286193847656,725.3809523809524,357.57142857142856,601.0952380952381,215.04761904761904,248.57142857142858,285.04761904761904
68,68,1133.3333333333333,TARGET_IDENTITY_UNCERTAIN,TARGET_OVERLAP_AMBIGUOUS: another detected person overlaps or is too close to the selected pose for automated identity acceptance.,,744.3614807128906,370.45404052734375,723.5714285714287,357.1428571428571,597.8571428571429,214.28571428571428,251.42857142857144,285.7142857142857
69,69,1150.0,TARGET_IDENTITY_UNCERTAIN,TARGET_OVERLAP_AMBIGUOUS: another detected person overlaps or is too close to the selected pose for automated identity acceptance.,,745.4826583862305,365.5670318603515,717.3469387755102,363.57142857142856,592.1428571428572,228.16326530612244,250.40816326530611,270.81632653061223
70,70,1166.6666666666667,TARGET_IDENTITY_UNCERTAIN,TARGET_OVERLAP_AMBIGUOUS: another detected person overlaps or is too close to the selected pose for automated identity acceptance.,,711.2376976013184,371.55057525634766,711.1224489795918,370.0,586.4285714285714,242.0408163265306,249.3877551020408,255.91836734693877
71,71,1183.3333333333333,TARGET_IDENTITY_UNCERTAIN,TARGET_OVERLAP_AMBIGUOUS: another detected person overlaps or is too close to the selected pose for automated identity acceptance.,,726.4135131835938,369.5350456237793,704.8979591836735,376.42857142857144,580.7142857142858,255.91836734693877,248.36734693877548,241.0204081632653
72,72,1200.0,TARGET_IDENTITY_UNCERTAIN,TARGET_OVERLAP_AMBIGUOUS: another detected person overlaps or is too close to the selected pose for automated identity acceptance.,,721.982795715332,368.91826248168945,698.6734693877551,382.85714285714283,575.0,269.7959183673469,247.34693877551018,226.1224489795918
73,73,1216.6666666666663,TARGET_IDENTITY_UNCERTAIN,TARGET_OVERLAP_AMBIGUOUS: another detected person overlaps or is too close to the selected pose for automated identity acceptance.,,724.2323989868164,363.2040596008301,692.4489795918367,389.2857142857143,569.2857142857143,283.6734693877551,246.32653061224485,211.22448979591834
74,74,1233.3333333333337,TARGET_IDENTITY_UNCERTAIN,TARGET_OVERLAP_AMBIGUOUS: another detected person overlaps or is too close to the selected pose for automated identity acceptance.,,733.9420471191406,400.5169677734375,686.2244897959183,395.71428571428567,563.5714285714286,297.55102040816325,245.30612244897955,196.32653061224488
75,75,1250.0,INVALID_TRACK_SEGMENT,Valid-looking pose segment is too short to establish target identity continuity.,,729.4126358032227,445.4366149902344,680.0,402.1428571428571,557.8571428571429,311.42857142857144,244.28571428571422,181.4285714285714
76,76,1266.6666666666663,INVALID_TRACK_SEGMENT,Valid-looking pose segment is too short to establish target identity continuity.,,726.5148620605469,413.2059097290039,675.6696428571429,405.53571428571433,551.3392857142858,317.2321428571429,248.66071428571422,176.60714285714283
77,77,1283.3333333333337,TARGET_IDENTITY_UNCERTAIN,TARGET_OVERLAP_AMBIGUOUS: another detected person overlaps or is too close to the selected pose for automated identity acceptance.,,723.3233795166016,397.2157897949219,671.3392857142857,408.9285714285714,544.8214285714286,323.0357142857143,253.03571428571422,171.78571428571425
78,78,1300.0,INVALID_TRACK_SEGMENT,Valid-looking pose segment is too short to establish target identity continuity.,,713.8142013549805,361.632155418396,667.0089285714286,412.32142857142856,538.3035714285714,328.8392857142857,257.4107142857142,166.96428571428567
79,79,1316.6666666666667,TARGET_IDENTITY_UNCERTAIN,TARGET_OVERLAP_AMBIGUOUS: another detected person overlaps or is too close to the selected pose for automated identity acceptance.,,714.2366104125977,373.5703201293946,662.6785714285714,415.7142857142857,531.7857142857143,334.64285714285717,261.7857142857142,162.1428571428571
80,80,1333.3333333333333,TARGET_IDENTITY_UNCERTAIN,TARGET_OVERLAP_AMBIGUOUS: multiple pose candidates plus a target-continuity jump.,,686.4755554199219,401.8126392364502,658.3482142857142,419.10714285714283,525.2678571428571,340.44642857142856,266.1607142857143,157.32142857142856
81,81,1350.0,INVALID_TRACK_SEGMENT,Valid-looking pose segment is too short to establish target identity continuity.,,679.4804534912109,401.23003005981445,654.0178571428571,422.5,518.75,346.25,270.5357142857143,152.49999999999997
82,82,1366.6666666666667,LOW_POSE_CONFIDENCE,Frame/core landmark confidence below threshold.,,681.5874481201172,396.5829486846924,649.6875,425.8928571428571,512.2321428571429,352.05357142857144,274.9107142857143,147.6785714285714
83,83,1383.3333333333333,LOW_POSE_CONFIDENCE,Frame/core landmark confidence below threshold.,,689.1985244750977,412.5863723754883,645.3571428571429,429.28571428571433,505.7142857142857,357.8571428571429,279.2857142857143,142.85714285714283
84,84,1400.0,LOW_POSE_CONFIDENCE,Frame/core landmark confidence below threshold.,,678.2841339111328,421.7318172454834,641.0267857142857,432.67857142857144,499.19642857142856,363.6607142857143,283.6607142857143,138.03571428571428
85,85,1416.6666666666667,TARGET_IDENTITY_UNCERTAIN,TARGET_OVERLAP_AMBIGUOUS: another detected person overlaps or is too close to the selected pose for automated identity acceptance.,,691.5699768066406,403.8254585266113,636.6964285714286,436.07142857142856,492.67857142857144,369.4642857142857,288.0357142857143,133.2142857142857
86,86,1433.3333333333333,TARGET_IDENTITY_UNCERTAIN,TARGET_OVERLAP_AMBIGUOUS: another detected person overlaps or is too close to the selected pose for automated identity acceptance.,,686.7778549194336,421.2988166809082,632.3660714285714,439.46428571428567,486.1607142857143,375.2678571428571,292.4107142857143,128.3928571428571
87,87,1450.0,TARGET_IDENTITY_UNCERTAIN,TARGET_OVERLAP_AMBIGUOUS: another detected person overlaps or is too close to the selected pose for automated identity acceptance.,,681.721809387207,419.3599967956543,628.0357142857142,442.85714285714283,479.6428571428571,381.07142857142856,296.78571428571433,123.57142857142856
88,88,1466.6666666666663,TARGET_IDENTITY_UNCERTAIN,TARGET_OVERLAP_AMBIGUOUS: another detected person overlaps or is too close to the selected pose for automated identity acceptance.,,684.2051315307617,426.58598709106445,623.7053571428571,446.25,473.125,386.875,301.16071428571433,118.74999999999999
89,89,1483.3333333333337,TARGET_IDENTITY_UNCERTAIN,TARGET_OVERLAP_AMBIGUOUS: another detected person overlaps or is too close to the selected pose for automated identity acceptance.,,684.0260696411133,427.10434913635254,619.375,449.64285714285717,466.60714285714283,392.67857142857144,305.53571428571433,113.92857142857142
90,90,1500.0,TARGET_IDENTITY_UNCERTAIN,TARGET_OVERLAP_AMBIGUOUS: another detected person overlaps or is too close to the selected pose for automated identity acceptance.,,690.7107009887695,426.4055404663086,615.0446428571429,453.0357142857143,460.08928571428567,398.48214285714283,309.91071428571433,109.10714285714285
91,91,1516.6666666666663,TARGET_IDENTITY_UNCERTAIN,TARGET_OVERLAP_AMBIGUOUS: another detected person overlaps or is too close to the selected pose for automated identity acceptance.,,659.559211730957,448.4691753387451,610.7142857142858,456.42857142857144,453.57142857142856,404.2857142857143,314.28571428571433,104.28571428571428
92,92,1533.3333333333337,TARGET_IDENTITY_UNCERTAIN,TARGET_OVERLAP_AMBIGUOUS: another detected person overlaps or is too close to the selected pose for automated identity acceptance.,,653.6896286010742,473.7285270690918,606.9387755102041,455.71428571428567,452.9591836734694,401.83673469387753,307.95918367346945,107.75510204081631
93,93,1550.0,TARGET_IDENTITY_UNCERTAIN,TARGET_OVERLAP_AMBIGUOUS: another detected person overlaps or is too close to the selected pose for automated identity acceptance.,,537.7915954589844,475.2416648864746,603.1632653061224,455.0,452.3469387755102,399.38775510204084,301.6326530612245,111.22448979591834
94,94,1566.6666666666667,TARGET_IDENTITY_UNCERTAIN,TARGET_OVERLAP_AMBIGUOUS: multiple pose candidates plus a target-continuity jump.,,697.9529190063477,483.85743713378906,599.3877551020408,454.2857142857143,451.734693877551,396.9387755102041,295.30612244897964,114.69387755102036
95,95,1583.3333333333333,TARGET_IDENTITY_UNCERTAIN,TARGET_OVERLAP_AMBIGUOUS: another detected person overlaps or is too close to the selected pose for automated identity acceptance.,,639.2845077514648,480.2184829711914,595.6122448979592,453.57142857142856,451.1224489795918,394.48979591836735,288.97959183673476,118.1632653061224
96,96,1600.0,TARGET_IDENTITY_UNCERTAIN,TARGET_OVERLAP_AMBIGUOUS: another detected person overlaps or is too close to the selected pose for automated identity acceptance.,,633.6333999633789,476.95145416259766,591.8367346938776,452.85714285714283,450.51020408163265,392.0408163265306,282.6530612244899,121.63265306122443
97,97,1616.6666666666667,TARGET_NOT_FOUND,No observed landmarks returned by pose backend.,,,,588.0612244897959,452.14285714285717,449.89795918367344,389.5918367346939,276.32653061224494,125.10204081632646
98,98,1633.3333333333333,TARGET_NOT_FOUND,No observed landmarks returned by pose backend.,,,,584.2857142857143,451.42857142857144,449.2857142857143,387.14285714285717,270.00000000000006,128.5714285714285
