source_frame_index,background_dx_px,background_dy_px,background_feature_count,camera_motion_status,camera_motion_residual_px,camera_motion_method,affine_a,affine_b,affine_tx,affine_c,affine_d,affine_ty,affine_scale,affine_inlier_fraction
0,0.0,0.0,0,INSUFFICIENT_EVIDENCE,,partial_affine_ransac_sparse_flow,1.0,0.0,0.0,0.0,1.0,0.0,,
1,1.4650776185852306,0.9370818285916476,109,SUPPORTED,1.0923061173969861,partial_affine_ransac_sparse_flow,0.9925549597222334,0.002027708163983891,1.4650776185852306,-0.002027708163983891,0.9925549597222334,0.9370818285916476,0.9925570309405917,0.5117370892018779
2,1.2095347123871723,1.4501391967368267,117,SUPPORTED,1.0734770065890604,partial_affine_ransac_sparse_flow,0.9925403614248814,0.0038062511681494627,1.2095347123871723,-0.0038062511681494627,0.9925403614248814,1.4501391967368267,0.9925476596140809,0.5492957746478874
3,0.8681624498121844,0.9251097718228033,128,SUPPORTED,1.1650216477306383,partial_affine_ransac_sparse_flow,0.9934041066101641,0.003537297743937967,0.8681624498121844,-0.003537297743937967,0.9934041066101641,0.9251097718228033,0.9934104043673327,0.5714285714285714
4,0.492275227967332,-0.3271441449253647,152,SUPPORTED,1.5720461919637025,partial_affine_ransac_sparse_flow,0.9944436576775647,0.001252033627108553,0.492275227967332,-0.001252033627108553,0.9944436576775647,-0.3271441449253647,0.9944444458507157,0.7136150234741784
5,0.5890158428097144,0.44658963319814615,123,SUPPORTED,1.013623746314035,partial_affine_ransac_sparse_flow,0.9949654696956353,0.001394210231948792,0.5890158428097144,-0.001394210231948792,0.9949654696956353,0.44658963319814615,0.9949664465241161,0.6089108910891089
6,0.3842856341599086,1.0509207335732864,137,SUPPORTED,1.1950715186745295,partial_affine_ransac_sparse_flow,0.9942241099606498,0.0035846635604916137,0.3842856341599086,-0.0035846635604916137,0.9942241099606498,1.0509207335732864,0.9942305721712082,0.6372093023255814
7,0.14196266556475995,0.48003791084920194,143,SUPPORTED,1.2095803547065975,partial_affine_ransac_sparse_flow,0.9955152603595314,0.001801585006877003,0.14196266556475995,-0.001801585006877003,0.9955152603595314,0.48003791084920194,0.9955168905233315,0.715
8,0.06885153819398267,1.1239914364803554,137,SUPPORTED,1.087677026800601,partial_affine_ransac_sparse_flow,0.9956657441464282,0.003558288442432884,0.06885153819398267,-0.003558288442432884,0.9956657441464282,1.1239914364803554,0.9956721023928009,0.685
9,-0.7778185076625728,1.4229036990259465,127,SUPPORTED,1.1570097963763823,partial_affine_ransac_sparse_flow,0.9987535670393187,0.0055482255341235,-0.7778185076625728,-0.0055482255341235,0.9987535670393187,1.4229036990259465,0.9987689775320119,0.5852534562211982
10,0.2529493760682,0.20623214483958194,140,SUPPORTED,1.1332107987364375,partial_affine_ransac_sparse_flow,0.9959911722374313,-3.31637376937431e-05,0.2529493760682,3.31637376937431e-05,0.9959911722374313,0.20623214483958194,0.9959911727895614,0.6829268292682927
11,-0.04202503150662126,1.3396798687820026,132,SUPPORTED,1.2230941596262221,partial_affine_ransac_sparse_flow,0.995703341511049,0.0037797161869155423,-0.04202503150662126,-0.0037797161869155423,0.995703341511049,1.3396798687820026,0.9957105154364506,0.6470588235294118
12,-0.4411306221298121,-0.10455978573529652,176,SUPPORTED,1.2393685131206158,partial_affine_ransac_sparse_flow,0.997298031949525,-0.0006354879566369073,-0.4411306221298121,0.0006354879566369073,0.997298031949525,-0.10455978573529652,0.9972982344190422,0.7242798353909465
22,2.4357597869967584,-4.833353180418094,63,SUPPORTED,1.3940126234963492,partial_affine_ransac_sparse_flow,0.9962006837429371,-0.018201079336469105,2.4357597869967584,0.018201079336469105,0.9962006837429371,-4.833353180418094,0.9963669412314461,0.2825112107623318
23,-0.0823256095518567,0.1477333659209632,176,SUPPORTED,1.2027618959992845,partial_affine_ransac_sparse_flow,1.0031965302500865,-0.0020174139436121208,-0.0823256095518567,0.0020174139436121208,1.0031965302500865,0.1477333659209632,1.0031985587433987,0.6848249027237354
24,-0.1371531468740454,0.4017938915785647,216,SUPPORTED,1.1649965337873593,partial_affine_ransac_sparse_flow,1.0040804389533675,-0.001659367206739724,-0.1371531468740454,0.001659367206739724,1.0040804389533675,0.4017938915785647,1.004081810107281,0.6900958466453674
25,2.546848305770232,5.135036271996191,140,SUPPORTED,0.7044106784844905,partial_affine_ransac_sparse_flow,1.0007773002187785,-5.057563381719727e-06,2.546848305770232,5.057563381719727e-06,1.0007773002187785,5.135036271996191,1.000777300231558,0.5303030303030303
26,-1.0611161167737748,-0.8201222832749357,124,SUPPORTED,0.9805843849152975,partial_affine_ransac_sparse_flow,1.0063410773497035,-0.00212183198364577,-1.0611161167737748,0.00212183198364577,1.0063410773497035,-0.8201222832749357,1.0063433142483378,0.4901185770750988
27,4.006941449743551,6.746975623296485,170,SUPPORTED,0.8594717977995877,partial_affine_ransac_sparse_flow,1.0003624247580827,0.0003619535641745458,4.006941449743551,-0.0003619535641745458,1.0003624247580827,6.746975623296485,1.0003624902395398,0.5647840531561462
28,5.066674183250587,7.371993430238501,160,SUPPORTED,1.024940367194122,partial_affine_ransac_sparse_flow,0.9999768465204502,0.000384089810991968,5.066674183250587,-0.000384089810991968,0.9999768465204502,7.371993430238501,0.9999769202846468,0.5818181818181818
29,5.473703594551041,7.407395186241759,103,SUPPORTED,1.1168984231776844,partial_affine_ransac_sparse_flow,1.0013774217478102,-0.00015859157227347598,5.473703594551041,0.00015859157227347598,1.0013774217478102,7.407395186241759,1.0013774343061554,0.4724770642201835
30,6.417628090395519,7.774867673198226,115,SUPPORTED,1.0952905429733226,partial_affine_ransac_sparse_flow,1.0008712919904847,5.736334921801599e-05,6.417628090395519,-5.736334921801599e-05,1.0008712919904847,7.774867673198226,1.0008712936343294,0.47520661157024796
31,7.25829225195738,7.528291873469353,96,SUPPORTED,1.0107320497625478,partial_affine_ransac_sparse_flow,1.000274559864614,-0.0003036252503536266,7.25829225195738,0.0003036252503536266,1.000274559864614,7.528291873469353,1.0002746059461072,0.463768115942029
32,-2.574707614270293,-1.2306287680312826,86,SUPPORTED,1.0098387511894833,partial_affine_ransac_sparse_flow,1.0103845976403099,-0.001431848654875834,-2.574707614270293,0.001431848654875834,1.0103845976403099,-1.2306287680312826,1.0103856121992936,0.38738738738738737
33,8.7642698688556,7.254497036188765,86,SUPPORTED,1.0352151486055972,partial_affine_ransac_sparse_flow,0.9999836211951374,-0.0008755897445491791,8.7642698688556,0.0008755897445491791,0.9999836211951374,7.254497036188765,0.9999840045300429,0.43434343434343436
34,10.253520778938343,5.894557727861688,79,SUPPORTED,1.0640762179872365,partial_affine_ransac_sparse_flow,0.9992803254466703,-0.005008171652858531,10.253520778938343,0.005008171652858531,0.9992803254466703,5.894557727861688,0.9992928752913772,0.42021276595744683
35,9.733911432926888,6.531855893822275,105,SUPPORTED,1.0373758988784496,partial_affine_ransac_sparse_flow,1.000134400127697,-0.0019912150246533884,9.733911432926888,0.0019912150246533884,1.000134400127697,6.531855893822275,1.0001363823279619,0.49295774647887325
36,10.096939711207929,5.668008740222474,100,SUPPORTED,0.961331988169355,partial_affine_ransac_sparse_flow,1.0005362379937908,-0.003112157233859653,10.096939711207929,0.003112157233859653,1.0005362379937908,5.668008740222474,1.000541078147927,0.4807692307692308
37,10.93800964686588,5.47729155909317,101,SUPPORTED,1.0587668683461013,partial_affine_ransac_sparse_flow,0.9996102186377934,-0.00347553404955854,10.93800964686588,0.00347553404955854,0.9996102186377934,5.47729155909317,0.9996162606430664,0.46543778801843316
38,11.498076294313346,5.207449604903666,103,SUPPORTED,1.0437352363555974,partial_affine_ransac_sparse_flow,0.9989076993713227,-0.0035345728267457094,11.498076294313346,0.0035345728267457094,0.9989076993713227,5.207449604903666,0.9989139527849115,0.49282296650717705
39,11.56348931890708,4.868428638648414,103,SUPPORTED,0.9216128888806426,partial_affine_ransac_sparse_flow,0.9994604333501433,-0.0037402030575106587,11.56348931890708,0.0037402030575106587,0.9994604333501433,4.868428638648414,0.999467431661166,0.46396396396396394
40,11.635201277750935,4.872005859848728,108,SUPPORTED,1.0002223243024315,partial_affine_ransac_sparse_flow,0.9989563305857286,-0.0029713924638714918,11.635201277750935,0.0029713924638714918,0.9989563305857286,4.872005859848728,0.9989607497747236,0.47368421052631576
41,11.383551905658052,4.89230162173501,85,SUPPORTED,1.149191061206825,partial_affine_ransac_sparse_flow,0.9988610827670853,-0.0025892652360495006,11.383551905658052,0.0025892652360495006,0.9988610827670853,4.89230162173501,0.9988644387308503,0.4106280193236715
42,11.34978987112122,3.718126950302166,116,SUPPORTED,1.3702881352985357,partial_affine_ransac_sparse_flow,0.9993393968425173,-0.0027003544257421814,11.34978987112122,0.0027003544257421814,0.9993393968425173,3.718126950302166,0.9993430452029928,0.49572649572649574
43,10.883090611381276,4.08875535982388,110,SUPPORTED,0.9806332362248105,partial_affine_ransac_sparse_flow,0.9995990045243874,-0.0014668032710716634,10.883090611381276,0.0014668032710716634,0.9995990045243874,4.08875535982388,0.9996000807112724,0.4824561403508772
44,12.569582364862297,0.44552585381557225,106,SUPPORTED,1.2625049010215728,partial_affine_ransac_sparse_flow,0.9978223367112157,-0.006263653839056953,12.569582364862297,0.006263653839056953,0.9978223367112157,0.44552585381557225,0.9978419960090106,0.4608695652173913
45,11.466992187794144,-0.7090456503381447,107,SUPPORTED,1.2466782606071969,partial_affine_ransac_sparse_flow,0.9987375691751265,-0.006148915075619863,11.466992187794144,0.006148915075619863,0.9987375691751265,-0.7090456503381447,0.9987564974699528,0.421259842519685
46,9.514944610422674,2.874420216354025,156,SUPPORTED,1.2955976808853902,partial_affine_ransac_sparse_flow,1.0003912345512285,-0.0003849550997156118,9.514944610422674,0.0003849550997156118,1.0003912345512285,2.874420216354025,1.0003913086174627,0.6023166023166023
47,8.543396569419924,2.8628148138665424,131,SUPPORTED,1.222523533925554,partial_affine_ransac_sparse_flow,1.0009686831401492,0.0008777941331091178,8.543396569419924,-0.0008777941331091178,1.0009686831401492,2.8628148138665424,1.0009690680285104,0.5
48,8.159581346013512,2.353251882405793,157,SUPPORTED,1.0671707159960764,partial_affine_ransac_sparse_flow,1.0009137457546573,0.0005269662043011128,8.159581346013512,-0.0005269662043011128,1.0009137457546573,2.353251882405793,1.0009138844745833,0.5567375886524822
49,7.479800598404841,1.6611870525754233,154,SUPPORTED,1.1483431488184226,partial_affine_ransac_sparse_flow,1.00089629213062,0.0007445390852700164,7.479800598404841,-0.0007445390852700164,1.00089629213062,1.6611870525754233,1.0008965690516043,0.5620437956204379
50,6.233544195883459,1.4636672016491783,147,SUPPORTED,1.2986192255031974,partial_affine_ransac_sparse_flow,1.0020470341440377,0.0008090258852832558,6.233544195883459,-0.0008090258852832558,1.0020470341440377,1.4636672016491783,1.0020473607368792,0.5086505190311419
51,5.1610029565360165,0.6069163485077107,163,SUPPORTED,1.1494374008637813,partial_affine_ransac_sparse_flow,1.001779503747154,0.001620559053994961,5.1610029565360165,-0.001620559053994961,1.001779503747154,0.6069163485077107,1.0017808145195943,0.5030864197530864
52,4.1564233748025226,-0.8688294911749458,162,SUPPORTED,1.522384231135228,partial_affine_ransac_sparse_flow,1.0033296163034071,-0.0022923115392294033,4.1564233748025226,0.0022923115392294033,1.0033296163034071,-0.8688294911749458,1.003332234927063,0.4778761061946903
53,-0.5577077712639279,0.21181486347890774,209,SUPPORTED,1.5803937722308354,partial_affine_ransac_sparse_flow,1.0052468471154614,0.002836581523917441,-0.5577077712639279,-0.002836581523917441,1.0052468471154614,0.21181486347890774,1.0052508492064642,0.5971428571428572
54,-0.6423565728362103,-0.0643765531991584,213,SUPPORTED,1.324778937683152,partial_affine_ransac_sparse_flow,1.0047509889894175,0.002278317293044513,-0.6423565728362103,-0.002278317293044513,1.0047509889894175,-0.0643765531991584,1.0047535720786964,0.6103151862464183
55,-0.6035528402322939,-0.3273333225814811,241,SUPPORTED,1.1707970017114222,partial_affine_ransac_sparse_flow,1.0030125466062436,0.0032000691368296724,-0.6035528402322939,-0.0032000691368296724,1.0030125466062436,-0.3273333225814811,1.0030176514359168,0.6965317919075145
63,-0.15643310505654773,-0.6687562786966644,64,SUPPORTED,0.301725978013037,partial_affine_ransac_sparse_flow,1.0015670972493675,-0.0024727744836738896,-0.15643310505654773,0.0024727744836738896,1.0015670972493675,-0.6687562786966644,1.0015701497679388,0.1887905604719764
64,-11.72687872633088,-5.193521671489013,135,SUPPORTED,1.1051928182590518,partial_affine_ransac_sparse_flow,1.006213781379983,-0.0005819964274961152,-11.72687872633088,0.0005819964274961152,1.006213781379983,-5.193521671489013,1.006213949694023,0.4368932038834951
65,-10.288592029562981,-6.3325332374975805,134,SUPPORTED,0.995192215486695,partial_affine_ransac_sparse_flow,1.0039074893133233,-0.002166855863640852,-10.288592029562981,0.002166855863640852,1.0039074893133233,-6.3325332374975805,1.0039098278051244,0.5
66,1.5013402653522783,2.1756416664187843,116,SUPPORTED,1.1936501916859128,partial_affine_ransac_sparse_flow,0.9912938616236702,0.0060413536944765355,1.5013402653522783,-0.0060413536944765355,0.9912938616236702,2.1756416664187843,0.9913122707034498,0.4249084249084249
67,-10.77917615762165,-5.663104724886127,119,SUPPORTED,1.029465832354535,partial_affine_ransac_sparse_flow,1.0041198477436915,-0.0010066780407629054,-10.77917615762165,0.0010066780407629054,1.0041198477436915,-5.663104724886127,1.0041203523649402,0.4666666666666667
68,-11.473597457215314,-5.204938294005577,110,SUPPORTED,1.3802184039876988,partial_affine_ransac_sparse_flow,1.0047493811756953,0.0003202244411419397,-11.473597457215314,-0.0003202244411419397,1.0047493811756953,-5.204938294005577,1.004749432205182,0.44
69,-11.681323202636863,-5.246276916507274,154,SUPPORTED,1.3596468472004397,partial_affine_ransac_sparse_flow,1.004943164952456,-0.0008381010834696582,-11.681323202636863,0.0008381010834696582,1.004943164952456,-5.246276916507274,1.004943514431575,0.5310344827586206
70,-11.638225823285332,-4.216367290542665,139,SUPPORTED,1.3084759818989664,partial_affine_ransac_sparse_flow,1.0049818072316137,-0.00036658342100082266,-11.638225823285332,0.00036658342100082266,1.0049818072316137,-4.216367290542665,1.004981874090237,0.4793103448275862
71,2.1116828440644353,2.4843721931064255,103,SUPPORTED,1.633536889215452,partial_affine_ransac_sparse_flow,0.989569758799046,0.006558747271270919,2.1116828440644353,-0.006558747271270919,0.989569758799046,2.4843721931064255,0.9895914938475221,0.3772893772893773
72,-11.34459045555244,-3.000951344917949,146,SUPPORTED,1.436075493426784,partial_affine_ransac_sparse_flow,1.0052659597736877,0.0016330097800376564,-11.34459045555244,-0.0016330097800376564,1.0052659597736877,-3.000951344917949,1.0052672861486418,0.503448275862069
73,-10.95336211098994,-1.822746861285307,126,SUPPORTED,1.3801469211155077,partial_affine_ransac_sparse_flow,1.0053228166117232,0.003206067593497736,-10.95336211098994,-0.003206067593497736,1.0053228166117232,-1.822746861285307,1.0053279288220052,0.47191011235955055
74,-10.415596127149776,-1.3694957248813022,134,SUPPORTED,1.421119438582398,partial_affine_ransac_sparse_flow,1.0049588442139274,0.0033047403065803384,-10.415596127149776,-0.0033047403065803384,1.0049588442139274,-1.3694957248813022,1.0049642779085666,0.4962962962962963
75,-10.308306010240873,-0.8195789527729413,142,SUPPORTED,1.5207230312507845,partial_affine_ransac_sparse_flow,1.0053282307278877,0.003153982677098511,-10.308306010240873,-0.003153982677098511,1.0053282307278877,-0.8195789527729413,1.005333178157964,0.5182481751824818
76,-10.503523320936,0.19435291067350646,107,SUPPORTED,1.309035649336267,partial_affine_ransac_sparse_flow,1.0063862583636232,0.004857083116272954,-10.503523320936,-0.004857083116272954,1.0063862583636232,0.19435291067350646,1.006397979071665,0.4385245901639344
77,-8.896378332197536,-0.31468963696620067,108,SUPPORTED,1.4273338751824163,partial_affine_ransac_sparse_flow,1.0051897452159562,0.0022524298150865146,-8.896378332197536,-0.0022524298150865146,1.0051897452159562,-0.31468963696620067,1.0051922688358634,0.47368421052631576
78,-7.8496763605869235,-0.0485973939425723,124,SUPPORTED,1.2451359412629293,partial_affine_ransac_sparse_flow,1.004551184631743,0.002027197752013166,-7.8496763605869235,-0.002027197752013166,1.004551184631743,-0.0485973939425723,1.0045532300857751,0.543859649122807
79,-6.6643632415471314,0.19048561180910215,107,SUPPORTED,0.9986197783888062,partial_affine_ransac_sparse_flow,1.003906717686203,0.0020970492961531932,-6.6643632415471314,-0.0020970492961531932,1.003906717686203,0.19048561180910215,1.003908907934996,0.49537037037037035
80,-6.230139389517292,0.2732034363253809,123,SUPPORTED,0.9455504475744808,partial_affine_ransac_sparse_flow,1.004112839122705,0.001380613939632964,-6.230139389517292,-0.001380613939632964,1.004112839122705,0.2732034363253809,1.004113788266006,0.5720930232558139
81,-5.308068829406745,-0.10163898525223826,141,SUPPORTED,1.0039521110017269,partial_affine_ransac_sparse_flow,1.0038913543950794,0.00012144116465295576,-5.308068829406745,-0.00012144116465295576,1.0038913543950794,-0.10163898525223826,1.003891361740474,0.5778688524590164
85,1.5672307717032317,0.2616734404224547,52,SUPPORTED,0.5541159043701023,partial_affine_ransac_sparse_flow,0.9909020460925135,-0.0022097850051858658,1.5672307717032317,0.0022097850051858658,0.9909020460925135,0.2616734404224547,0.9909045100816218,0.25742574257425743
86,-1.3702937833107756,-0.135507442183624,232,SUPPORTED,1.1606636717124985,partial_affine_ransac_sparse_flow,1.0024422581164305,-0.0007474912594533337,-1.3702937833107756,0.0007474912594533337,1.0024422581164305,-0.135507442183624,1.002442536807348,0.6666666666666666
87,-2.3718874355216935,0.9342903837344362,217,SUPPORTED,0.8771062994117286,partial_affine_ransac_sparse_flow,1.0034046726485342,0.0008371004499656364,-2.3718874355216935,-0.0008371004499656364,1.0034046726485342,0.9342903837344362,1.0034050218282125,0.6235632183908046
88,-1.6947819187399196,0.8112701162507489,209,SUPPORTED,1.1642196524456905,partial_affine_ransac_sparse_flow,1.0034000390455053,0.00035389981509615644,-1.6947819187399196,-0.00035389981509615644,1.0034000390455053,0.8112701162507489,1.0034001014558454,0.6352583586626139
89,-0.7145639155717809,-0.3116070927159157,230,SUPPORTED,1.2521742591561695,partial_affine_ransac_sparse_flow,1.0031294863590996,-0.0007516800622075182,-0.7145639155717809,0.0007516800622075182,1.0031294863590996,-0.3116070927159157,1.0031297679891604,0.6647398843930635
90,1.7085516999016208,-1.348441146731698,231,SUPPORTED,1.4809521384498003,partial_affine_ransac_sparse_flow,1.0013834646019002,-0.0028717105506287353,1.7085516999016208,0.0028717105506287353,1.0013834646019002,-1.348441146731698,1.001387582257535,0.6657060518731989
91,2.2143584875806273,-1.3351852715023416,210,SUPPORTED,1.3352346601812672,partial_affine_ransac_sparse_flow,1.000990111851062,-0.002998832834726989,2.2143584875806273,0.002998832834726989,1.000990111851062,-1.3351852715023416,1.0009946038925346,0.6
130,5.808535644617345,-5.234502763816121,25,SUPPORTED,1.29165789200905,partial_affine_ransac_sparse_flow,0.9863602749819995,-0.04380063521413814,5.808535644617345,0.04380063521413814,0.9863602749819995,-5.234502763816121,0.9873323086518175,0.09803921568627451
131,10.431088860321802,1.3724238482316566,133,SUPPORTED,1.8603220259495237,partial_affine_ransac_sparse_flow,0.9992137301078052,0.002164106664011147,10.431088860321802,-0.002164106664011147,0.9992137301078052,1.3724238482316566,0.999216073626524,0.38328530259365995
132,14.201806543700563,-1.2016123355915547,121,SUPPORTED,2.105733052114175,partial_affine_ransac_sparse_flow,0.9946660602761856,-0.0039435616365041766,14.201806543700563,0.0039435616365041766,0.9946660602761856,-1.2016123355915547,0.9946738777829292,0.3538011695906433
133,3.571637542059484,-3.8021843081300353,111,SUPPORTED,1.2267984995198467,partial_affine_ransac_sparse_flow,1.0084539703588504,-0.002008856126263588,3.571637542059484,0.002008856126263588,1.0084539703588504,-3.8021843081300353,1.0084559711933214,0.31988472622478387
134,10.867721261246137,2.3202498434816343,112,SUPPORTED,1.5289468240965234,partial_affine_ransac_sparse_flow,0.994681489834532,-0.0007023535291753659,10.867721261246137,0.0007023535291753659,0.994681489834532,2.3202498434816343,0.9946817378035671,0.32
135,17.172548670979637,-11.053705704738002,115,SUPPORTED,1.5904275453655177,partial_affine_ransac_sparse_flow,0.9918797873712155,-0.011652448858044576,17.172548670979637,0.011652448858044576,0.9918797873712155,-11.053705704738002,0.9919482305846192,0.32857142857142857
136,-3.437762892569517,-0.13007383036514722,138,SUPPORTED,1.6768171371334666,partial_affine_ransac_sparse_flow,1.0139306953534264,0.0032360353702119804,-3.437762892569517,-0.0032360353702119804,1.0139306953534264,-0.13007383036514722,1.0139358593642893,0.3976945244956772
137,-2.7589384903356855,-0.477350117290058,121,SUPPORTED,1.3654797962984488,partial_affine_ransac_sparse_flow,1.011528398159256,0.0013481271729970828,-2.7589384903356855,-0.0013481271729970828,1.011528398159256,-0.477350117290058,1.0115292965255651,0.34770114942528735
138,0.35768786771549943,-0.8917045333058612,138,SUPPORTED,1.0312094806890966,partial_affine_ransac_sparse_flow,1.002004907671315,-0.002096986187640385,0.35768786771549943,0.002096986187640385,1.002004907671315,-0.8917045333058612,1.0020071019451267,0.3954154727793696
139,-2.9338703785083733,-0.8917626047477852,149,SUPPORTED,1.3107777776689444,partial_affine_ransac_sparse_flow,1.0115465975234592,0.0001007996067729041,-2.9338703785083733,-0.0001007996067729041,1.0115465975234592,-0.8917626047477852,1.0115466025457491,0.4269340974212034
