frame_index,source_frame_index,analysis_frame_index,timestamp_ms,observed_landmark_count,observed_fraction,median_confidence,core_observed_count,lower_limb_observed_count,core_median_confidence,lower_limb_median_confidence,human_target_unavailable,human_target_unavailable_reason,human_target_unavailable_note,human_target_unavailable_start_frame,human_target_unavailable_end_frame,human_target_accepted,human_target_accepted_note,human_target_accepted_start_frame,human_target_accepted_end_frame,pelvis_x,pelvis_y,shoulder_mid_x,shoulder_mid_y,body_scale_px,backend_pose_count,selected_pose_index,multiple_pose_candidates,competing_pose_count,competing_pose_max_iou,competing_pose_min_center_distance_fraction,pose_bbox_x,pose_bbox_y,pose_bbox_width,pose_bbox_height,pose_centroid_x,pose_centroid_y,roi_center_x,roi_center_y,roi_pose_centroid_distance_px,roi_pose_centroid_distance_fraction,pose_roi_overlap_fraction,pose_scale_px,pose_scale_relative_change,pose_centroid_consistent_with_roi,pelvis_jump_px,shoulder_jump_px,body_scale_reference_px,body_scale_relative_change,identity_jump_flag,competing_pose_proximity_flag,target_overlap_ambiguous_flag,identity_uncertain_flag,frame_status,frame_rejection_reason,valid_target_frame,valid_segment_id,automatic_frame_status,automatic_frame_rejection_reason,manual_review_decision,manual_override_applied
0,0,0,0.0,17,1.0,0.7220577001571655,4,6,0.9667375087738037,0.39497560262680054,False,,,,,False,,,,1214.9658737182617,558.7141723632812,1210.6054306030273,491.17108154296875,67.68369509506833,2,0,True,1,0.14871198916534473,0.38638466714892616,1153.8014373779297,470.3428497314453,96.29537963867188,151.9435272216797,1201.9491271972656,546.3146133422852,1174.2857142857142,555.0,28.994833251960596,0.08826016186399831,1.0,179.88784173568055,,True,,,56.6908691382516,,False,True,True,False,TARGET_IDENTITY_UNCERTAIN,TARGET_OVERLAP_AMBIGUOUS: another detected person overlaps or is too close to the selected pose for automated identity acceptance.,False,,TARGET_IDENTITY_UNCERTAIN,TARGET_OVERLAP_AMBIGUOUS: another detected person overlaps or is too close to the selected pose for automated identity acceptance.,NOT_REVIEWED,False
1,1,1,33.333333333333336,17,1.0,0.7340514063835144,4,6,0.9692970514297485,0.49319446086883545,False,,,,,False,,,,1215.946403503418,556.7399520874023,1211.4041213989258,491.1625671386719,65.73450953213823,2,0,True,1,0.15987903410797258,0.38040478330597766,1152.7537536621094,470.83485412597656,97.36944580078125,146.5610809326172,1201.4384765625,544.1153945922852,1166.7142857142858,553.8571428571429,36.064817888339086,0.10773186996355597,1.0,175.9572658905805,0.06933349064581458,True,2.204310404019803,0.7987361783050835,56.6908691382516,0.034382707348808376,False,True,True,False,TARGET_IDENTITY_UNCERTAIN,TARGET_OVERLAP_AMBIGUOUS: another detected person overlaps or is too close to the selected pose for automated identity acceptance.,False,,TARGET_IDENTITY_UNCERTAIN,TARGET_OVERLAP_AMBIGUOUS: another detected person overlaps or is too close to the selected pose for automated identity acceptance.,NOT_REVIEWED,False
2,2,2,66.66666666666667,17,1.0,0.8448290228843689,4,6,0.9860700964927673,0.8486156165599823,False,,,,,False,,,,1198.8650512695312,553.7249145507812,1194.731014251709,488.61810302734375,65.23792737980828,2,0,True,1,0.20167086066921497,0.33809134586060485,1133.845199584961,468.6815528869629,113.13166809082031,161.85854721069336,1190.411033630371,549.6108264923096,1159.1428571428573,552.7142857142857,31.421812805705155,0.09213547948984653,1.0,197.47648880352259,0.3795888692491789,True,17.345404160334258,16.86614358875225,56.6908691382516,0.008759473260481127,False,True,True,False,TARGET_IDENTITY_UNCERTAIN,TARGET_OVERLAP_AMBIGUOUS: another detected person overlaps or is too close to the selected pose for automated identity acceptance.,False,,TARGET_IDENTITY_UNCERTAIN,TARGET_OVERLAP_AMBIGUOUS: another detected person overlaps or is too close to the selected pose for automated identity acceptance.,NOT_REVIEWED,False
3,3,3,100.0,17,1.0,0.8962978720664978,4,6,0.9908223450183868,0.9091176688671112,False,,,,,False,,,,1181.1297798156738,548.3669052124023,1179.2825736999512,482.2353820800781,66.15731646790925,1,0,False,0,0.0,,1110.6892738342285,460.275821685791,127.28232955932617,166.8468894958496,1174.3304386138916,543.6992664337158,1151.5714285714284,551.5714285714287,24.082015589135782,0.06933309014309835,1.0,209.85393956866562,0.2183323514578378,True,18.52695651239473,16.715066322688003,56.6908691382516,0.016217586748561986,False,False,False,False,INVALID_TRACK_SEGMENT,Valid-looking pose segment is too short to establish target identity continuity.,False,,INVALID_TRACK_SEGMENT,Valid-looking pose segment is too short to establish target identity continuity.,NOT_REVIEWED,False
4,4,4,133.33333333333334,17,1.0,0.834055483341217,4,6,0.9874144196510315,0.8087851405143738,False,,,,,False,,,,1164.6662292480469,540.751579284668,1161.8241157531738,476.4304885864258,64.38385137384402,1,0,False,0,0.0,,1091.0020561218262,455.8307304382324,137.04884719848633,161.59321975708008,1159.5264797210693,536.6273403167725,1144.0,550.4285714285713,20.773674511989025,0.05873918139042982,1.0,211.8838247481247,0.035806210247170844,True,18.139506230281825,18.39822117358198,56.6908691382516,0.03128308175590489,False,False,False,False,INVALID_TRACK_SEGMENT,Valid-looking pose segment is too short to establish target identity continuity.,False,,INVALID_TRACK_SEGMENT,Valid-looking pose segment is too short to establish target identity continuity.,NOT_REVIEWED,False
5,5,5,166.66666666666666,17,1.0,0.9341491460800171,4,6,0.99227175116539,0.9338336288928986,False,,,,,False,,,,1152.5759010314941,532.6211242675781,1149.373146057129,471.55376052856445,61.1512923286076,1,0,False,0,0.0,,1074.7033195495605,448.17565536499023,134.5804328918457,122.27968215942383,1141.9935359954834,509.31549644470215,1136.4285714285716,549.2857142857143,40.355757270666516,0.1120984431460168,1.0,181.83567742983305,0.5300350440035319,True,14.569843347438319,13.371952846243547,56.6908691382516,0.05702080589650519,False,False,False,False,INVALID_TRACK_SEGMENT,Valid-looking pose segment is too short to establish target identity continuity.,False,,INVALID_TRACK_SEGMENT,Valid-looking pose segment is too short to establish target identity continuity.,NOT_REVIEWED,False
6,6,6,200.0,17,1.0,0.9123610854148865,4,6,0.9912869930267334,0.9122681021690369,False,,,,,False,,,,1152.7301788330078,531.1145324707031,1148.8727226257324,471.12775802612305,60.11067356681318,1,0,False,0,0.0,,1074.8948059082031,448.0929412841797,131.72203063964844,121.25422668457031,1140.7558212280273,508.72005462646484,1121.25,546.7857142857142,42.7723217405084,0.11901663987131052,1.0,179.03430074906217,0.04941495382508936,True,1.5144703636753454,0.6571923179534072,56.6908691382516,0.01835602060107194,False,False,False,False,INVALID_TRACK_SEGMENT,Valid-looking pose segment is too short to establish target identity continuity.,False,,INVALID_TRACK_SEGMENT,Valid-looking pose segment is too short to establish target identity continuity.,NOT_REVIEWED,False
7,7,7,233.33333333333334,17,1.0,0.9635452032089233,4,6,0.9939020276069641,0.9682625234127045,False,,,,,False,,,,1135.8659286499023,540.2061538696289,1136.4140014648438,469.1724052429199,71.03586296915776,2,0,True,1,0.6332667030419376,0.1398262110761678,1063.3972854614258,443.2200698852539,125.12689971923828,167.21826934814453,1125.960735321045,526.8292045593262,1106.0714285714287,544.2857142857143,26.463451301895887,0.07375958688982817,1.0,208.8508813415374,0.5259503169683595,True,19.1588233954953,12.611230608927718,56.6908691382516,0.1927151509302389,False,True,True,False,TARGET_IDENTITY_UNCERTAIN,TARGET_OVERLAP_AMBIGUOUS: another detected person overlaps or is too close to the selected pose for automated identity acceptance.,False,,TARGET_IDENTITY_UNCERTAIN,TARGET_OVERLAP_AMBIGUOUS: another detected person overlaps or is too close to the selected pose for automated identity acceptance.,NOT_REVIEWED,False
8,8,8,266.6666666666667,17,1.0,0.9648451805114746,4,6,0.9940511882305145,0.9661591351032257,False,,,,,False,,,,1118.526596069336,529.9912071228027,1119.8470268249512,461.3641719818115,68.63973695770707,1,0,False,0,0.0,,1044.4285202026367,436.2318992614746,135.97917938232422,150.29742813110352,1112.4181098937988,511.38061332702637,1090.892857142857,541.7857142857142,37.25327730951902,0.10400152697577404,1.0,202.68116372350573,0.10883088779227587,True,20.12455195476377,18.314834298423868,56.6908691382516,0.04226652453691044,False,False,False,False,VALID_TARGET,,True,1,VALID_TARGET,,NOT_REVIEWED,False
9,9,9,300.0,17,1.0,0.9086154699325562,4,6,0.9910483360290527,0.9349082410335541,False,,,,,False,,,,1107.1146240234375,519.5431137084961,1106.5974578857422,455.15439796447754,64.39079263355904,1,0,False,0,0.0,,1033.1256637573242,433.82323837280273,114.50586700439453,129.47302627563477,1090.3785972595215,498.5597515106201,1075.7142857142858,539.2857142857142,43.28563361040339,0.12103141547495545,1.0,172.8434497208364,0.5263231002845332,True,15.472419396152793,14.632579076198692,56.6908691382516,0.07494935937189741,False,False,False,False,VALID_TARGET,,True,1,VALID_TARGET,,NOT_REVIEWED,False
10,10,10,333.3333333333333,17,1.0,0.8957776427268982,4,6,0.9869100749492645,0.9210818111896515,False,,,,,False,,,,1091.8344497680664,515.5588188171387,1093.368824005127,449.7396640777588,65.83703695417792,1,0,False,0,0.0,,1013.6379890441895,430.056001663208,111.85024642944336,132.72726249694824,1069.5631122589111,496.41963291168213,1068.4285714285716,539.4285714285714,43.02390004689571,0.12219913568325623,1.0,173.57132204445816,0.012839322005219402,True,15.791083910099472,14.293918196608711,56.6908691382516,0.02551106276201073,False,False,False,False,VALID_TARGET,,True,1,VALID_TARGET,,NOT_REVIEWED,False
11,11,11,366.66666666666663,17,1.0,0.9419662356376648,4,6,0.9945240914821625,0.9581041634082794,False,,,,,False,,,,1091.3651962280273,514.324333190918,1093.3281745910645,449.4816951751709,64.8723437906706,1,0,False,0,0.0,,1014.4882965087891,431.3562297821045,111.47679138183594,131.2389850616455,1070.226692199707,496.97572231292725,1061.142857142857,539.5714285714286,43.55353316323009,0.1256806076628734,1.0,172.19392038280614,0.024296710962270776,True,1.320664092865674,0.26115192813001625,56.6908691382516,0.017016729116548383,False,False,False,False,VALID_TARGET,,True,1,VALID_TARGET,,NOT_REVIEWED,False
12,12,12,400.0,17,1.0,0.8359168767929077,4,6,0.9830282330513,0.8841627836227417,False,,,,,False,,,,1077.8453826904297,511.5165100097656,1080.9750366210938,446.2818851470947,65.30965483524714,1,0,False,0,0.0,,999.7655220031738,428.3987979888916,105.81260299682617,128.6309413909912,1052.671823501587,492.7142686843872,1053.857142857143,539.7142857142858,47.014961265382446,0.13786402390465538,1.0,166.55997729375613,0.09938007962641306,True,13.808302904702856,12.76083076922928,56.6908691382516,0.007713959077079575,False,False,False,False,VALID_TARGET,,True,1,VALID_TARGET,,NOT_REVIEWED,False
13,13,13,433.33333333333337,17,1.0,0.8733717203140259,4,6,0.9907239377498627,0.9050570726394653,False,,,,,False,,,,1064.525894165039,507.63522720336914,1066.8044891357422,444.6722183227539,63.0042259085924,1,0,False,0,0.0,,1007.4523773193359,427.24294090270996,86.46533203125,126.57489967346191,1050.685043334961,490.5303907394409,1046.5714285714284,539.8571428571429,49.497982796311696,0.14752197593529645,1.0,153.28880869333304,0.23409710950203982,True,13.873468593010239,14.261677437103497,56.6908691382516,0.04066667104772215,False,False,False,False,VALID_TARGET,,True,1,VALID_TARGET,,NOT_REVIEWED,False
14,14,14,466.6666666666667,17,1.0,0.8443449139595032,4,6,0.9759169518947601,0.9530077278614044,False,,,,,False,,,,1051.9747695922852,500.5338439941406,1057.2600555419922,442.9622631072998,57.81367635240148,2,0,True,1,0.3702527625700782,0.20670924752823563,998.9750061035156,426.13870429992676,76.00018310546875,119.1275463104248,1036.97509765625,485.70247745513916,1039.2857142857142,540.0,54.34666414526312,0.1646575492361464,1.0,141.30605125757066,0.211370148630816,True,14.420831166236557,9.696399304090267,56.6908691382516,0.09155882834558011,False,True,True,False,TARGET_IDENTITY_UNCERTAIN,TARGET_OVERLAP_AMBIGUOUS: another detected person overlaps or is too close to the selected pose for automated identity acceptance.,False,,TARGET_IDENTITY_UNCERTAIN,TARGET_OVERLAP_AMBIGUOUS: another detected person overlaps or is too close to the selected pose for automated identity acceptance.,NOT_REVIEWED,False
15,15,15,500.0,17,1.0,0.8400354981422424,4,6,0.9810002446174622,0.9569912254810333,False,,,,,False,,,,1052.1413764953613,499.3755302429199,1057.0769348144531,442.93982887268066,56.651108771779406,2,0,True,1,0.3530909833330938,0.2150317933333457,996.489372253418,426.77733039855957,78.62554168701172,120.81190299987793,1035.8021430969238,487.18328189849854,1026.607142857143,538.2142857142858,51.85278565184771,0.1618295443786527,1.0,144.1439964480933,0.050060004964851926,True,1.1702344237030502,0.18448982556602467,56.6908691382516,0.02050713983211175,False,True,True,False,TARGET_IDENTITY_UNCERTAIN,TARGET_OVERLAP_AMBIGUOUS: another detected person overlaps or is too close to the selected pose for automated identity acceptance.,False,,TARGET_IDENTITY_UNCERTAIN,TARGET_OVERLAP_AMBIGUOUS: another detected person overlaps or is too close to the selected pose for automated identity acceptance.,NOT_REVIEWED,False
16,16,16,533.3333333333334,17,1.0,0.8147778511047363,4,6,0.9768224358558655,0.9217638671398163,False,,,,,False,,,,1039.0328521728516,493.4658966064453,1040.5665130615234,442.4055690765381,51.08335505018091,2,0,True,1,0.42624556622353504,0.1796983431450315,998.98095703125,424.1720790863037,57.003997802734375,122.1667423248291,1027.4829559326172,485.25545024871826,1013.9285714285713,536.4285714285714,52.937790571306024,0.17019470728543987,1.0,134.81160445508885,0.16461896130478465,True,14.379053502619087,16.51906353245813,56.6908691382516,0.0982125306285295,False,True,True,False,TARGET_IDENTITY_UNCERTAIN,TARGET_OVERLAP_AMBIGUOUS: another detected person overlaps or is too close to the selected pose for automated identity acceptance.,False,,TARGET_IDENTITY_UNCERTAIN,TARGET_OVERLAP_AMBIGUOUS: another detected person overlaps or is too close to the selected pose for automated identity acceptance.,NOT_REVIEWED,False
17,17,17,566.6666666666666,17,1.0,0.9012899994850159,4,6,0.980752021074295,0.938471108675003,False,,,,,False,,,,1025.8965911865234,499.12992095947266,1028.167881011963,443.68899059295654,55.48743567129439,1,0,False,0,0.0,,980.5012664794922,424.75994205474854,59.083580017089844,118.06366634368896,1010.0430564880371,483.791775226593,1001.25,534.6428571428571,51.60572036563788,0.17090070681888098,1.0,132.02234181436782,0.0492012679135132,True,14.30533203293839,12.464880564578058,56.6908691382516,0.07768588995122443,False,False,False,False,INVALID_TRACK_SEGMENT,Valid-looking pose segment is too short to establish target identity continuity.,False,,INVALID_TRACK_SEGMENT,Valid-looking pose segment is too short to establish target identity continuity.,NOT_REVIEWED,False
18,18,18,600.0,17,1.0,0.9016551375389099,4,6,0.9875805079936981,0.9098251163959503,False,,,,,False,,,,1009.3742866516113,498.92917251586914,1010.4233779907227,441.42217445373535,57.51656647224396,1,0,False,0,0.0,,965.1391181945801,422.48367500305176,51.126895904541016,132.85339164733887,990.7025661468506,488.9103708267212,988.5714285714287,532.8571428571429,43.998414963032815,0.15006005954388751,1.0,142.35161803448173,0.18220352549056854,True,16.523524051545014,17.8887071327091,56.6908691382516,0.03579290336863844,False,False,False,False,INVALID_TRACK_SEGMENT,Valid-looking pose segment is too short to establish target identity continuity.,False,,INVALID_TRACK_SEGMENT,Valid-looking pose segment is too short to establish target identity continuity.,NOT_REVIEWED,False
19,19,19,633.3333333333333,17,1.0,0.9450318217277527,4,6,0.9904322624206543,0.9487372934818268,False,,,,,False,,,,1008.0754203796387,499.2036933898926,1011.1319122314453,442.5952796936035,56.6908691382516,1,0,False,0,0.0,,962.5401229858398,422.07502365112305,49.95335388183594,114.95828628540039,987.5167999267578,479.55416679382324,981.4285714285714,528.9795918367347,49.798987609374024,0.168480067519126,1.0,125.34251134280025,0.3000325616846956,True,1.3275599055194227,1.3704731570091309,56.6908691382516,0.01456490871534774,False,False,False,False,INVALID_TRACK_SEGMENT,Valid-looking pose segment is too short to establish target identity continuity.,False,,INVALID_TRACK_SEGMENT,Valid-looking pose segment is too short to establish target identity continuity.,NOT_REVIEWED,False
20,20,20,666.6666666666666,17,1.0,0.9256005883216858,4,6,0.9870279431343079,0.9097245931625366,False,,,,,False,,,,999.2143859863281,497.4369087219238,1000.4338340759277,442.67286491394043,54.777619041411,2,0,True,1,0.0,0.63897482282855,961.171501159668,420.5006904602051,43.20148468017578,136.1047477722168,982.7722434997559,488.5530643463135,974.2857142857144,525.1020408163265,37.52131206536286,0.1259180923275847,1.0,142.79660585850849,0.30788193550434134,True,9.035455637786168,10.698359485826652,56.6908691382516,0.033748822798513996,False,False,False,False,INVALID_TRACK_SEGMENT,Valid-looking pose segment is too short to establish target identity continuity.,False,,INVALID_TRACK_SEGMENT,Valid-looking pose segment is too short to establish target identity continuity.,NOT_REVIEWED,False
21,21,21,700.0,17,1.0,0.7589076161384583,4,6,0.8539952635765076,0.8345509469509125,False,,,,,False,,,,979.8657188415527,516.1398391723633,988.2927131652832,487.95421981811523,29.41841891935642,3,2,True,2,0.3058896376028844,0.3881956888837264,951.8589782714844,467.07423400878906,48.943267822265625,61.089202880859375,976.3306121826172,497.61883544921875,967.1428571428572,521.2244897959183,25.33064862585423,0.0843184190096599,1.0,78.27729028103118,1.1380900762014166,True,26.910416713854246,46.88078411166696,56.6908691382516,0.44732424299601564,False,True,True,False,TARGET_IDENTITY_UNCERTAIN,TARGET_OVERLAP_AMBIGUOUS: another detected person overlaps or is too close to the selected pose for automated identity acceptance.,False,,TARGET_IDENTITY_UNCERTAIN,TARGET_OVERLAP_AMBIGUOUS: another detected person overlaps or is too close to the selected pose for automated identity acceptance.,NOT_REVIEWED,False
22,22,22,733.3333333333333,17,1.0,0.723842978477478,4,6,0.8024224042892456,0.3583947569131851,False,,,,,False,,,,971.4272117614746,544.8452377319336,987.4673652648926,498.2266960144043,49.30086161805117,3,2,True,2,0.30850620907361226,0.3865277747507954,933.7699165344238,469.0314025878906,72.38633346557617,78.24290466308594,969.9630832672119,508.1528549194336,960.0,517.3469387755102,13.557072181779043,0.04476037104755282,1.0,106.59143212616269,0.4994480112146811,True,29.920031888424017,10.305579380122431,56.6908691382516,0.3507168438396594,False,True,True,True,TARGET_IDENTITY_UNCERTAIN,TARGET_OVERLAP_AMBIGUOUS: another detected person overlaps or is too close to the selected pose for automated identity acceptance.,False,,TARGET_IDENTITY_UNCERTAIN,TARGET_OVERLAP_AMBIGUOUS: another detected person overlaps or is too close to the selected pose for automated identity acceptance.,NOT_REVIEWED,False
23,23,23,766.6666666666667,17,1.0,0.16318129003047943,4,6,0.32442187890410423,0.5703725516796112,False,,,,,False,,,,883.88978099823,507.89930725097656,881.6949279308319,472.8966484069824,35.071405819221276,5,2,True,4,0.6637058109090627,0.04791090252567861,875.58149933815,450.0736312866211,37.46398329734802,161.69779205322266,894.313490986824,530.9225273132324,952.8571428571429,513.469387755102,61.089862127432106,0.20004870927548732,1.0,165.98110133202277,1.0476055510990128,True,95.0147544528404,108.76313627043885,56.6908691382516,0.25100084043743676,True,True,True,True,TARGET_IDENTITY_UNCERTAIN,TARGET_OVERLAP_AMBIGUOUS: another detected person overlaps or is too close to the selected pose for automated identity acceptance.,False,,TARGET_IDENTITY_UNCERTAIN,TARGET_OVERLAP_AMBIGUOUS: another detected person overlaps or is too close to the selected pose for automated identity acceptance.,NOT_REVIEWED,False
24,24,24,800.0,17,1.0,0.9391565322875977,4,6,0.9627637565135956,0.8080675005912781,False,,,,,False,,,,973.3988037109375,492.36853408813477,975.1972808837891,440.66908836364746,51.73071822776557,4,1,True,3,0.6685676863132244,0.13042993738798161,932.163200378418,418.245548248291,48.637603759765625,116.96987533569336,956.4820022583008,476.7304859161377,945.7142857142857,509.59183673469386,34.580516149885305,0.1123118758081489,1.0,126.67899682086062,0.6932704526952376,True,90.84640918616232,98.90048348762576,56.6908691382516,0.29386235670364047,True,True,True,True,TARGET_IDENTITY_UNCERTAIN,TARGET_OVERLAP_AMBIGUOUS: another detected person overlaps or is too close to the selected pose for automated identity acceptance.,False,,TARGET_IDENTITY_UNCERTAIN,TARGET_OVERLAP_AMBIGUOUS: another detected person overlaps or is too close to the selected pose for automated identity acceptance.,NOT_REVIEWED,False
25,25,25,833.3333333333334,17,1.0,0.9473838210105896,4,6,0.965316653251648,0.8421503007411957,False,,,,,False,,,,960.0315322875977,492.4934883117676,965.1539649963379,437.7234191894531,55.00908823566043,2,1,True,1,0.025335491918887662,0.5103471529720224,926.5322570800781,416.9117202758789,49.27374267578125,121.00606536865234,951.1691284179688,477.4147529602051,938.5714285714286,505.7142857142857,30.976855804338857,0.09978135353677017,1.0,130.6536244169356,0.0701105426057605,True,13.367855432463417,10.466382417001963,56.6908691382516,0.05782888951481623,False,False,False,True,TARGET_IDENTITY_UNCERTAIN,Temporal/body-scale discontinuity suggests target identity uncertainty.,False,,TARGET_IDENTITY_UNCERTAIN,Temporal/body-scale discontinuity suggests target identity uncertainty.,NOT_REVIEWED,False
26,26,26,866.6666666666667,17,1.0,0.9471599459648132,4,6,0.9641233384609222,0.8920080363750458,False,,,,,False,,,,962.1771697998047,493.1298370361328,965.3946380615234,437.6487922668457,55.57426050526276,2,0,True,1,0.04506986700325863,0.4851406648462674,926.1274261474609,416.63636016845703,49.418418884277344,118.5891342163086,950.8366355895996,475.9309272766113,937.6587301587301,504.8015873015873,31.73597645925968,0.10273549962551651,1.0,128.473977439774,0.03844793721271271,True,2.238012518461691,0.2519775821053544,56.6908691382516,0.009969370344703079,False,False,False,False,INVALID_TRACK_SEGMENT,Valid-looking pose segment is too short to establish target identity continuity.,False,,INVALID_TRACK_SEGMENT,Valid-looking pose segment is too short to establish target identity continuity.,NOT_REVIEWED,False
27,27,27,900.0,17,1.0,0.9815565347671509,4,6,0.996171236038208,0.9685347974300385,False,,,,,True,,27.0,42.0,951.3240242004395,497.5017433166504,960.4630317687988,436.4398765563965,61.741987590144284,2,0,True,1,0.038367806739932495,0.410040253007149,903.6245231628418,413.7827796936035,70.34759902954102,128.7304344177246,938.7983226776123,478.1479969024658,936.7460317460317,503.88888888888886,25.8225757492266,0.08401002906331967,1.0,146.69802123613385,0.32146347504246275,True,11.700612544933279,5.077619306467541,56.6908691382516,0.1087957757331315,False,True,True,False,VALID_TARGET,HUMAN_ACCEPTED_TARGET: operator reviewed the raw skeleton and confirmed that it belongs to the documented athlete.,True,2,TARGET_IDENTITY_UNCERTAIN,TARGET_OVERLAP_AMBIGUOUS: another detected person overlaps or is too close to the selected pose for automated identity acceptance.,ACCEPTED,True
28,28,28,933.3333333333334,17,1.0,0.9601086974143982,4,6,0.9878143072128296,0.9356485307216644,False,,,,,True,,27.0,42.0,946.0796394348145,486.4981994628906,952.6521301269531,433.5788269042969,53.325956399238585,3,2,True,2,0.6733888711793761,0.07263433657977883,919.7969245910645,412.05617904663086,53.816898345947266,130.90756607055664,946.7053737640381,477.5099620819092,935.8333333333333,502.9761904761905,27.68989078628841,0.09053614136318265,1.0,141.53815528717044,0.09101758409065996,True,12.189403140085814,8.318400661807965,56.6908691382516,0.14845479208268242,False,True,True,False,VALID_TARGET,HUMAN_ACCEPTED_TARGET: operator reviewed the raw skeleton and confirmed that it belongs to the documented athlete.,True,2,TARGET_IDENTITY_UNCERTAIN,TARGET_OVERLAP_AMBIGUOUS: another detected person overlaps or is too close to the selected pose for automated identity acceptance.,ACCEPTED,True
29,29,29,966.6666666666666,17,1.0,0.9676371216773987,4,6,0.9901038408279419,0.9466016888618469,False,,,,,True,,27.0,42.0,945.6462478637695,485.3278388977051,952.1278915405273,433.55304527282715,52.17893214364543,3,0,True,2,0.6476778450652828,0.09049494330954662,916.5881996154785,412.1043395996094,57.06296157836914,128.1636962890625,945.1196804046631,476.1861877441406,934.9206349206349,502.0634920634921,27.8146617383998,0.09140078282480114,1.0,140.29296001784795,0.02196465300762713,True,1.2480272859173465,0.5248721635016874,56.6908691382516,0.020232962962623002,False,True,True,False,VALID_TARGET,HUMAN_ACCEPTED_TARGET: operator reviewed the raw skeleton and confirmed that it belongs to the documented athlete.,True,2,TARGET_IDENTITY_UNCERTAIN,TARGET_OVERLAP_AMBIGUOUS: another detected person overlaps or is too close to the selected pose for automated identity acceptance.,ACCEPTED,True
30,30,30,1000.0,17,1.0,0.9728854894638062,4,6,0.9946807026863098,0.9597458243370056,False,,,,,True,,27.0,42.0,935.4629669189453,487.62170791625977,945.0243453979492,431.5812702178955,56.850247280403316,3,2,True,2,0.5969321407003191,0.1422605718851167,896.1523818969727,409.2491455078125,71.47268676757812,148.9283447265625,931.8887252807617,483.71331787109375,934.0079365079365,501.1507936507937,17.56577973768899,0.05801297795036358,1.0,165.1907891402247,0.43918587774088624,True,10.438440777985239,7.372127553629769,56.6908691382516,0.08239977985460024,False,True,True,False,VALID_TARGET,HUMAN_ACCEPTED_TARGET: operator reviewed the raw skeleton and confirmed that it belongs to the documented athlete.,True,2,TARGET_IDENTITY_UNCERTAIN,TARGET_OVERLAP_AMBIGUOUS: another detected person overlaps or is too close to the selected pose for automated identity acceptance.,ACCEPTED,True
31,31,31,1033.3333333333335,17,1.0,0.9746497869491577,4,6,0.9910672605037689,0.8865863978862762,False,,,,,True,,27.0,42.0,929.0325698852539,486.79856872558594,937.5138206481934,431.5265769958496,55.91891168715556,2,0,True,1,0.01947709189630489,0.4625688046915541,888.3901329040527,405.86734771728516,74.12446975708008,131.21245574951172,925.4523677825928,471.473575592041,933.0952380952381,500.23809523809524,29.76257813234859,0.09879069373467633,1.0,150.7021750360155,0.2555722698284256,True,6.482866969029243,7.5107238908931455,56.6908691382516,0.016428317424037334,False,False,False,False,VALID_TARGET,,True,2,VALID_TARGET,,ACCEPTED,False
32,32,32,1066.6666666666667,17,1.0,0.9646896123886108,4,6,0.992426186800003,0.9058943688869476,False,,,,,True,,27.0,42.0,929.7668876647949,483.5746383666992,937.262020111084,431.09375953674316,53.01339126250974,2,0,True,1,0.03190050749061381,0.492117305731782,898.6439666748047,406.0268669128418,64.10332489013672,126.88290786743164,930.695629119873,469.4683208465576,932.1825396825398,499.3253968253968,29.894077825341025,0.09972970557964302,1.0,142.156633931961,0.15073928542556883,True,3.306501105443864,0.5007339247503899,56.6908691382516,0.051251999992452814,False,False,False,False,VALID_TARGET,,True,2,VALID_TARGET,,ACCEPTED,False
33,33,33,1100.0,17,1.0,0.9341989755630493,4,6,0.98954176902771,0.9040817618370056,False,,,,,True,,27.0,42.0,923.1579914093018,478.9871406555176,929.5302848815918,427.3833770751953,51.99571655195056,2,1,True,1,0.01849573598882057,0.5079025410927501,891.3137512207031,403.40827560424805,66.65670776367188,123.17927932739258,924.6421051025391,464.99791526794434,931.2698412698412,498.41269841269843,34.065739670735276,0.1142239513397214,1.0,140.05802920756582,0.03701839037389488,True,8.045038531043115,8.575935381632286,56.6908691382516,0.017951298437097314,False,False,False,False,VALID_TARGET,,True,2,VALID_TARGET,,ACCEPTED,False
34,34,34,1133.3333333333333,17,1.0,0.9436729550361633,4,6,0.9892374575138092,0.8451589941978455,False,,,,,True,,27.0,42.0,918.3523273468018,476.74334716796875,921.7051219940186,426.62902450561523,50.226353320272864,2,1,True,1,0.03914813416779395,0.5232675178726547,873.2342147827148,400.46607208251953,72.34654998779297,117.07788848876953,909.4074897766113,459.0050163269043,930.3571428571429,497.5,43.82638169169947,0.1477001726219615,1.0,137.62723301776063,0.04287809001264786,True,5.303679505434933,7.861438927848112,56.6908691382516,0.031210726852021992,False,False,False,False,VALID_TARGET,,True,2,VALID_TARGET,,ACCEPTED,False
35,35,35,1166.6666666666667,17,1.0,0.9642767310142517,4,6,0.9949855506420135,0.9481625556945801,False,,,,,True,,27.0,42.0,910.8855209350586,476.5141944885254,916.0884609222412,423.13200187683105,53.635147734878636,2,0,True,1,0.030239278040254773,0.4623547620065791,875.7305011749268,396.5246639251709,86.75858116149902,115.90601539611816,919.1097917556763,454.47767162323,929.4444444444443,496.58730158730157,43.35926639034034,0.14687211437350425,1.0,144.78002559110698,0.1261718629838411,True,7.470321876662672,6.616347093483506,56.6908691382516,0.060129514089698834,False,False,False,False,VALID_TARGET,,True,2,VALID_TARGET,,ACCEPTED,False
36,36,36,1200.0,17,1.0,0.9681485295295715,4,6,0.9954611361026764,0.9519133269786835,False,,,,,True,,27.0,42.0,910.8469486236572,476.19436264038086,916.0036296844482,423.71192741394043,52.73516252805367,2,0,True,1,0.028151742987096565,0.47194546840837465,876.1625595092773,396.22696685791016,84.97914123535156,115.33782196044922,918.6521301269531,453.89587783813477,928.531746031746,495.6746031746032,42.93097600994305,0.14616593785148754,1.0,143.26293177119513,0.026760814271732616,True,0.3221493974763736,0.5860972338248017,56.6908691382516,0.015875311500872884,False,False,False,False,VALID_TARGET,,True,2,VALID_TARGET,,ACCEPTED,False
37,37,37,1233.3333333333335,17,1.0,0.970978319644928,4,6,0.997353732585907,0.9616525173187256,False,,,,,True,,27.0,42.0,908.3756484985352,476.5907440185547,910.362606048584,421.8365306854248,54.790253494901755,1,0,False,0,0.0,,860.9815797805786,392.1422634124756,104.7438611984253,125.21503639221191,913.3535103797913,454.74978160858154,927.6190476190475,494.76190476190476,42.479119011124865,0.14537000989108542,1.0,163.24852770379871,0.3525364178817732,True,2.5028868343157953,5.9445992757885975,56.6908691382516,0.036250828362436094,False,False,False,False,VALID_TARGET,,True,2,VALID_TARGET,,ACCEPTED,False
38,38,38,1266.6666666666665,17,1.0,0.9376844167709351,4,6,0.9899974763393402,0.8714858889579773,False,,,,,True,,27.0,42.0,900.9246845245361,480.26528549194336,904.6198844909668,419.1849002838135,61.19205798112563,2,0,True,1,0.05395474510848002,0.40491972163868145,862.9515867233276,389.01548957824707,101.50954151153564,147.39082145690918,913.7063574790955,462.71090030670166,926.7063492063492,493.8492063492063,33.7430568873857,0.11606826776614909,1.0,178.96435753418797,0.2772197722363927,True,8.307774622694378,6.3253454194273555,56.6908691382516,0.11292478989185792,False,True,True,False,VALID_TARGET,HUMAN_ACCEPTED_TARGET: operator reviewed the raw skeleton and confirmed that it belongs to the documented athlete.,True,2,TARGET_IDENTITY_UNCERTAIN,TARGET_OVERLAP_AMBIGUOUS: another detected person overlaps or is too close to the selected pose for automated identity acceptance.,ACCEPTED,True
39,39,39,1300.0,17,1.0,0.9580784440040588,4,6,0.9938122630119324,0.930059015750885,False,,,,,True,,27.0,42.0,900.9598979949951,478.9692726135254,904.5162372589111,419.23479652404785,59.84024718067627,1,0,False,0,0.0,,860.1856355667114,389.38480377197266,103.5454969406128,144.4294204711914,911.9583840370178,461.59951400756836,925.7936507936508,492.93650793650795,34.25524477696214,0.1184381773237758,1.0,177.71192260037776,0.022092357249910974,True,1.296491176031289,0.11503209770462824,56.6908691382516,0.023845300327865956,False,False,False,False,VALID_TARGET,HUMAN_ACCEPTED_TARGET: operator reviewed the raw skeleton and confirmed that it belongs to the documented athlete.,True,2,INVALID_TRACK_SEGMENT,Valid-looking pose segment is too short to establish target identity continuity.,ACCEPTED,True
40,40,40,1333.3333333333333,17,1.0,0.9543282985687256,4,6,0.9841667711734772,0.887002557516098,False,,,,,True,,27.0,42.0,897.8936958312988,478.6378517150879,897.525312423706,414.80822563171387,63.83068911016339,1,0,False,0,0.0,,847.5629909038544,384.31330490112305,114.91901135444641,152.10571670532227,905.0224965810776,460.3661632537842,924.8809523809524,492.0238095238095,37.37064133934059,0.12987826995504195,1.0,190.63716380895707,0.2279951146463925,True,3.0840615299596283,8.274512669417193,56.6908691382516,0.07038949993438376,False,False,False,False,VALID_TARGET,HUMAN_ACCEPTED_TARGET: operator reviewed the raw skeleton and confirmed that it belongs to the documented athlete.,True,2,INVALID_TRACK_SEGMENT,Valid-looking pose segment is too short to establish target identity continuity.,ACCEPTED,True
41,41,41,1366.6666666666667,17,1.0,0.9813597202301025,4,6,0.9964169859886169,0.9731398522853851,False,,,,,True,,27.0,42.0,895.7421875,472.6384735107422,892.5539865493774,411.7541313171387,60.96775991989012,2,0,True,1,0.097450777762063,0.3563958940295652,849.0114059448242,381.00065994262695,115.7517318725586,142.06663131713867,906.8872718811035,452.0339756011963,923.968253968254,491.1111111111111,42.647185941417035,0.14898526163007214,1.0,183.25226101005276,0.13026617709625865,True,6.373501936802604,5.834515663796754,56.6908691382516,0.05050071085153883,False,True,True,False,VALID_TARGET,HUMAN_ACCEPTED_TARGET: operator reviewed the raw skeleton and confirmed that it belongs to the documented athlete.,True,2,TARGET_IDENTITY_UNCERTAIN,TARGET_OVERLAP_AMBIGUOUS: another detected person overlaps or is too close to the selected pose for automated identity acceptance.,ACCEPTED,True
42,42,42,1400.0,17,1.0,0.9829673767089844,4,6,0.9947613179683685,0.9734984040260315,False,,,,,True,,27.0,42.0,895.2888774871826,473.0213432312012,892.204140663147,411.45145416259766,61.647115432870855,1,0,False,0,0.0,,851.9080762863159,382.1933603286743,111.84779834747314,141.18237209320068,907.8319754600525,452.78454637527466,923.0555555555555,490.1984126984127,40.39250901058067,0.1418424939064929,1.0,180.11771757670033,0.05529185706622783,True,0.5933626130494207,0.46260739725325184,56.6908691382516,0.011983508513937143,False,False,False,False,VALID_TARGET,HUMAN_ACCEPTED_TARGET: operator reviewed the raw skeleton and confirmed that it belongs to the documented athlete.,True,2,INVALID_TRACK_SEGMENT,Valid-looking pose segment is too short to establish target identity continuity.,ACCEPTED,True
43,43,43,1433.3333333333333,17,1.0,0.9653513431549072,4,6,0.9950490295886993,0.964142233133316,False,,,,,False,,,,889.105447769165,469.0153350830078,886.3903903961182,409.59689712524414,59.48043632892707,1,0,False,0,0.0,,847.1838502883911,379.9614191055298,116.42735576629639,144.25801753997803,905.3975281715393,452.0904278755188,922.1428571428571,489.2857142857143,40.79087365446011,0.14398812667481173,1.0,185.37989317964437,0.09282227778359178,True,7.367693286304373,6.102382647144883,56.6908691382516,0.03821919008967602,False,False,False,False,INVALID_TRACK_SEGMENT,Valid-looking pose segment is too short to establish target identity continuity.,False,,INVALID_TRACK_SEGMENT,Valid-looking pose segment is too short to establish target identity continuity.,NOT_REVIEWED,False
44,44,44,1466.6666666666665,17,1.0,0.9691085815429688,4,6,0.994893342256546,0.9564167261123657,False,,,,,False,,,,887.6741256713867,465.38555908203125,879.3307018280029,404.49840545654297,61.45614857802396,1,0,False,0,0.0,,848.7559089660645,373.7235050201416,112.35869979858398,150.39008140563965,904.9352588653564,448.9185457229614,917.8021978021977,485.2197802197802,38.51412394949972,0.13598024675949896,1.0,187.72760586984333,0.04141253654929176,True,3.9017889185415884,8.708261593142009,56.6908691382516,0.034850625491006884,False,False,False,False,INVALID_TRACK_SEGMENT,Valid-looking pose segment is too short to establish target identity continuity.,False,,INVALID_TRACK_SEGMENT,Valid-looking pose segment is too short to establish target identity continuity.,NOT_REVIEWED,False
45,45,45,1500.0,17,1.0,0.9481901526451111,4,6,0.9878266751766205,0.9645570814609528,False,,,,,False,,,,882.3241920471191,460.3287887573242,874.9895305633545,399.20890045166016,61.558411330851214,2,0,True,1,0.15458935089642406,0.2834845510690618,848.8688249588013,371.4006247520447,107.71817302703857,148.26261377334595,902.7279114723206,445.53193163871765,913.4615384615383,481.1538461538462,37.20391836980064,0.13138142511224932,1.0,183.26212768378352,0.07876891382931321,True,7.3615702062064505,6.842852559107907,56.6908691382516,0.001803866378867301,False,True,True,False,TARGET_IDENTITY_UNCERTAIN,TARGET_OVERLAP_AMBIGUOUS: another detected person overlaps or is too close to the selected pose for automated identity acceptance.,False,,TARGET_IDENTITY_UNCERTAIN,TARGET_OVERLAP_AMBIGUOUS: another detected person overlaps or is too close to the selected pose for automated identity acceptance.,NOT_REVIEWED,False
46,46,46,1533.3333333333335,17,1.0,0.9579513072967529,4,6,0.9923305809497833,0.9720947742462158,False,,,,,False,,,,879.1045379638672,460.6147689819336,874.7355909347534,400.3570499420166,60.41589527629941,2,0,True,1,0.16027456557548125,0.27552199463589266,843.9459247589111,372.87138748168945,113.17947959899902,152.27134323120117,900.5356645584106,449.00705909729004,909.1208791208792,477.08791208791206,29.36392708349051,0.10371611994391607,1.0,189.72653101697324,0.11402900381408917,True,3.232329980782996,1.1758965036004727,56.6908691382516,0.020153440437922374,False,True,True,False,TARGET_IDENTITY_UNCERTAIN,TARGET_OVERLAP_AMBIGUOUS: another detected person overlaps or is too close to the selected pose for automated identity acceptance.,False,,TARGET_IDENTITY_UNCERTAIN,TARGET_OVERLAP_AMBIGUOUS: another detected person overlaps or is too close to the selected pose for automated identity acceptance.,NOT_REVIEWED,False
47,47,47,1566.6666666666667,17,1.0,0.9715360999107361,4,6,0.9949169158935547,0.9863564074039459,False,,,,,False,,,,879.2108268737793,454.4866828918457,871.1480531692505,395.8766117095947,59.162055101213035,1,0,False,0,0.0,,841.7437286376953,367.8055658340454,112.96519470214844,148.24007320404053,898.2263259887695,441.9256024360657,904.7802197802198,473.02197802197804,31.77952325648919,0.11226999207697899,1.0,186.3766469213179,0.059090364049385155,True,6.129007787554116,5.739752082926353,56.6908691382516,0.022117145038447788,False,False,False,False,INVALID_TRACK_SEGMENT,Valid-looking pose segment is too short to establish target identity continuity.,False,,INVALID_TRACK_SEGMENT,Valid-looking pose segment is too short to establish target identity continuity.,NOT_REVIEWED,False
48,48,48,1600.0,17,1.0,0.9645154476165771,4,6,0.992152750492096,0.9659989476203918,False,,,,,False,,,,875.5919799804688,452.76197052001953,864.4184494018555,392.75514221191406,61.03824398841807,3,0,True,2,0.14778741653173028,0.25501442629212784,829.7656450271606,366.13957691192627,116.5607099533081,146.88123607635498,888.0460000038147,439.58019495010376,900.4395604395604,468.9560439560439,31.883237682115606,0.11265754132275715,1.0,187.5113239677464,0.02001516405863111,True,4.008825963141036,7.4182975601608225,56.6908691382516,0.033095080666863376,False,True,True,False,TARGET_IDENTITY_UNCERTAIN,TARGET_OVERLAP_AMBIGUOUS: another detected person overlaps or is too close to the selected pose for automated identity acceptance.,False,,TARGET_IDENTITY_UNCERTAIN,TARGET_OVERLAP_AMBIGUOUS: another detected person overlaps or is too close to the selected pose for automated identity acceptance.,NOT_REVIEWED,False
49,49,49,1633.3333333333333,17,1.0,0.9747264385223389,4,6,0.9957898557186127,0.9822501242160797,False,,,,,False,,,,877.2041454315186,449.5379943847656,863.5814228057861,393.1549015045166,58.00544573124518,2,0,True,1,0.13808134246044024,0.34385331534116514,825.789134979248,365.1566848754883,121.41865921020508,151.0912857055664,886.4984645843506,440.7023277282715,896.098901098901,464.89010989010984,26.023396918512752,0.09196884253995408,1.0,193.83257574660925,0.11150387840142774,True,3.6045942299023523,0.9275888176069728,56.6908691382516,0.053497120493545845,False,True,True,False,TARGET_IDENTITY_UNCERTAIN,TARGET_OVERLAP_AMBIGUOUS: another detected person overlaps or is too close to the selected pose for automated identity acceptance.,False,,TARGET_IDENTITY_UNCERTAIN,TARGET_OVERLAP_AMBIGUOUS: another detected person overlaps or is too close to the selected pose for automated identity acceptance.,NOT_REVIEWED,False
50,50,50,1666.6666666666667,17,1.0,0.9807087182998657,4,6,0.9966852366924286,0.990661233663559,False,,,,,False,,,,876.8398609161377,442.95419692993164,859.922360420227,387.65040397644043,57.83347938756375,2,0,True,1,0.20530126476814117,0.30793465101972667,824.5554065704346,360.15712547302246,113.95977592468262,147.74337196350098,881.5352945327759,434.02881145477295,891.7582417582419,460.8241758241758,28.679264315245742,0.10137268896902056,1.0,186.58760539743596,0.12779783515939808,True,6.5938677674354915,6.609707298966423,56.6908691382516,0.0030334046081047002,False,True,True,False,TARGET_IDENTITY_UNCERTAIN,TARGET_OVERLAP_AMBIGUOUS: another detected person overlaps or is too close to the selected pose for automated identity acceptance.,False,,TARGET_IDENTITY_UNCERTAIN,TARGET_OVERLAP_AMBIGUOUS: another detected person overlaps or is too close to the selected pose for automated identity acceptance.,NOT_REVIEWED,False
51,51,51,1700.0,17,1.0,0.9789876937866211,4,6,0.9967052638530731,0.9843528866767883,False,,,,,False,,,,874.3600521087646,435.9102210998535,855.5493068695068,384.5487537384033,54.69775558446228,2,0,True,1,0.22414006122001187,0.27503931053937003,821.1743497848511,357.1130905151367,113.33727741241455,150.11685943603516,877.8429884910583,432.1715202331543,887.4175824175825,456.75824175824175,26.385217910982497,0.09327971481432883,1.0,188.09681001600467,0.02662165250788829,True,7.467733740288933,5.361327406210362,56.6908691382516,0.055312678227853664,False,True,True,False,TARGET_IDENTITY_UNCERTAIN,TARGET_OVERLAP_AMBIGUOUS: another detected person overlaps or is too close to the selected pose for automated identity acceptance.,False,,TARGET_IDENTITY_UNCERTAIN,TARGET_OVERLAP_AMBIGUOUS: another detected person overlaps or is too close to the selected pose for automated identity acceptance.,NOT_REVIEWED,False
52,52,52,1733.3333333333335,17,1.0,0.9698134660720825,4,6,0.9898600876331329,0.9773360788822174,False,,,,,False,,,,872.3868560791016,437.14171600341797,853.2950286865234,384.93589782714844,55.587276643506385,2,0,True,1,0.19718816401043404,0.3463121247159643,820.1216087341309,357.8756103515625,110.46367263793945,143.3295440673828,875.3534450531006,429.5403823852539,883.0769230769231,452.6923076923077,24.406223759686096,0.08629746012670371,1.0,180.9574015486122,0.125935773713076,True,2.32595835495466,2.287280190909111,56.6908691382516,0.015690728905122946,False,True,True,False,TARGET_IDENTITY_UNCERTAIN,TARGET_OVERLAP_AMBIGUOUS: another detected person overlaps or is too close to the selected pose for automated identity acceptance.,False,,TARGET_IDENTITY_UNCERTAIN,TARGET_OVERLAP_AMBIGUOUS: another detected person overlaps or is too close to the selected pose for automated identity acceptance.,NOT_REVIEWED,False
53,53,53,1766.6666666666665,17,1.0,0.9611427783966064,4,6,0.9903434216976166,0.970645546913147,False,,,,,False,,,,872.6325531005859,434.69861602783203,849.1791038513184,379.46204566955566,60.00952413269735,2,0,True,1,0.12806127916877624,0.4042957426223727,824.1202526092529,354.71469497680664,101.55807685852051,138.3845329284668,874.8992910385132,423.90696144104004,878.7362637362637,448.62637362637366,25.015429204227207,0.08846543532266288,1.0,171.65174607044074,0.16414734188459593,True,2.4554234903727505,6.848641813691311,56.6908691382516,0.0780063448737479,False,True,True,False,TARGET_IDENTITY_UNCERTAIN,TARGET_OVERLAP_AMBIGUOUS: another detected person overlaps or is too close to the selected pose for automated identity acceptance.,False,,TARGET_IDENTITY_UNCERTAIN,TARGET_OVERLAP_AMBIGUOUS: another detected person overlaps or is too close to the selected pose for automated identity acceptance.,NOT_REVIEWED,False
54,54,54,1800.0,17,1.0,0.9449462294578552,4,6,0.9836742281913757,0.966336190700531,False,,,,,False,,,,866.9087944030762,434.07720947265625,845.1030082702637,373.83866119384766,64.06383541131699,2,0,True,1,0.13813658923444205,0.3646774565356746,822.5106716156006,352.1746082305908,94.92873573303223,143.98795890808105,869.9750394821167,424.16858768463135,874.3956043956044,444.5604395604396,20.865498246609473,0.07380061590745371,1.0,172.46448091820852,0.014336256616312852,True,5.7573917474959195,6.9452867577607895,56.6908691382516,0.07151612491126953,False,True,True,False,TARGET_IDENTITY_UNCERTAIN,TARGET_OVERLAP_AMBIGUOUS: another detected person overlaps or is too close to the selected pose for automated identity acceptance.,False,,TARGET_IDENTITY_UNCERTAIN,TARGET_OVERLAP_AMBIGUOUS: another detected person overlaps or is too close to the selected pose for automated identity acceptance.,NOT_REVIEWED,False
55,55,55,1833.3333333333333,17,1.0,0.937298595905304,4,6,0.9880644381046295,0.9537201821804047,False,,,,,True,,55.0,65.0,861.4216365814209,423.9869194030762,843.640625,371.4036636352539,55.50822605707047,2,1,True,1,0.1742244981041205,0.4132375903381082,807.0771942138672,347.4599437713623,103.17418670654297,125.26654243469238,858.6642875671387,410.0932149887085,870.054945054945,440.4945054945056,32.465143499180584,0.11484482990056542,1.0,162.28561074876347,0.17955043420875968,True,11.48576748188901,2.8403834141722126,56.6908691382516,0.15091688457592725,False,True,True,False,VALID_TARGET,HUMAN_ACCEPTED_TARGET: operator reviewed the raw skeleton and confirmed that it belongs to the documented athlete.,True,3,TARGET_IDENTITY_UNCERTAIN,TARGET_OVERLAP_AMBIGUOUS: another detected person overlaps or is too close to the selected pose for automated identity acceptance.,ACCEPTED,True
56,56,56,1866.6666666666667,17,1.0,0.9723638296127319,4,6,0.9913729429244995,0.978735089302063,False,,,,,True,,55.0,65.0,868.255126953125,424.3643112182617,840.6383838653564,370.8445472717285,60.224991753162136,2,0,True,1,0.20671038939611713,0.3684083708320938,801.7994709014893,347.16026878356934,113.97613334655762,131.8801212310791,858.7875375747681,413.1003293991089,865.7142857142858,436.42857142857144,24.334886808314835,0.08609613875631744,1.0,174.30698594306656,0.21205134754569827,True,6.843903509134367,3.053860333824662,56.6908691382516,0.08320150612947778,False,True,True,False,VALID_TARGET,HUMAN_ACCEPTED_TARGET: operator reviewed the raw skeleton and confirmed that it belongs to the documented athlete.,True,3,TARGET_IDENTITY_UNCERTAIN,TARGET_OVERLAP_AMBIGUOUS: another detected person overlaps or is too close to the selected pose for automated identity acceptance.,ACCEPTED,True
57,57,57,1900.0,17,1.0,0.9747134447097778,4,6,0.9940279424190521,0.9825676083564758,False,,,,,True,,55.0,65.0,862.032772064209,418.7550468444824,835.4054069519043,368.1829471588135,57.15377362380561,2,0,True,1,0.20211706523300085,0.39662687714060163,802.4206085205078,346.7495403289795,104.131591796875,124.54899787902832,854.4864044189453,409.02403926849365,864.2857142857143,436.30952380952385,28.991794365022574,0.1008091988302047,1.0,162.34482216203017,0.21100688634468376,True,8.377442758895263,5.87095925192745,56.6908691382516,0.05417482878709739,False,True,True,False,VALID_TARGET,HUMAN_ACCEPTED_TARGET: operator reviewed the raw skeleton and confirmed that it belongs to the documented athlete.,True,3,TARGET_IDENTITY_UNCERTAIN,TARGET_OVERLAP_AMBIGUOUS: another detected person overlaps or is too close to the selected pose for automated identity acceptance.,ACCEPTED,True
58,58,58,1933.3333333333333,17,1.0,0.9524986743927002,4,6,0.9902507364749908,0.9606581330299377,False,,,,,True,,55.0,65.0,855.8975811004639,411.25447845458984,829.8527297973633,362.9630069732666,54.8671167206012,2,1,True,1,0.1658885676936429,0.4630326095776702,800.8553504943848,341.8439121246338,97.61903762817383,116.6174373626709,849.6648693084717,400.15263080596924,862.8571428571429,436.1904761904762,38.376586369042776,0.13110094115023702,1.0,152.08255391229886,0.18102153672586654,True,9.690154505118867,7.621023495781183,56.6908691382516,0.04033554147190717,False,True,True,False,VALID_TARGET,HUMAN_ACCEPTED_TARGET: operator reviewed the raw skeleton and confirmed that it belongs to the documented athlete.,True,3,TARGET_IDENTITY_UNCERTAIN,TARGET_OVERLAP_AMBIGUOUS: another detected person overlaps or is too close to the selected pose for automated identity acceptance.,ACCEPTED,True
59,59,59,1966.6666666666665,17,1.0,0.9531453847885132,4,6,0.9940429627895355,0.9652001559734344,False,,,,,True,,55.0,65.0,857.5000267028809,410.18237686157227,831.4747943878174,362.5293617248535,54.29661654903895,2,0,True,1,0.14584909691497802,0.5012648812060397,802.5208568572998,341.10848236083984,95.36420631408691,115.7098617553711,850.2029600143433,398.9634132385254,861.4285714285713,436.07142857142856,38.76879097380036,0.13007824577690535,1.0,149.9436692673713,0.037728909036682606,True,1.928012897896792,1.6790299988613304,56.6908691382516,0.010063352004199777,False,True,True,False,VALID_TARGET,HUMAN_ACCEPTED_TARGET: operator reviewed the raw skeleton and confirmed that it belongs to the documented athlete.,True,3,TARGET_IDENTITY_UNCERTAIN,TARGET_OVERLAP_AMBIGUOUS: another detected person overlaps or is too close to the selected pose for automated identity acceptance.,ACCEPTED,True
60,60,60,2000.0,17,1.0,0.8854566216468811,4,6,0.9748696982860565,0.8451481461524963,False,,,,,True,,55.0,65.0,858.5374641418457,408.73755264282227,826.9619417190552,358.0434284210205,59.723595394848886,2,0,True,1,0.07944283062186747,0.5942419739066755,795.9487037658691,333.6738109588623,102.89949417114258,115.85164070129395,847.3984508514404,391.5996313095093,860.0,435.95238095238096,46.108192784220215,0.1519060436498103,1.0,154.95131026828625,0.08833240832316155,True,1.7787055582227436,6.3631310544724995,56.6908691382516,0.09572932869621739,False,True,True,False,VALID_TARGET,HUMAN_ACCEPTED_TARGET: operator reviewed the raw skeleton and confirmed that it belongs to the documented athlete.,True,3,TARGET_IDENTITY_UNCERTAIN,TARGET_OVERLAP_AMBIGUOUS: another detected person overlaps or is too close to the selected pose for automated identity acceptance.,ACCEPTED,True
61,61,61,2033.3333333333333,17,1.0,0.8555330634117126,4,6,0.9624635577201843,0.7778730094432831,False,,,,,True,,55.0,65.0,847.2456302642822,393.7149314880371,822.2883453369141,351.78966331481934,48.79133306584342,2,0,True,1,0.06304196886812052,0.6601229856230546,796.486234664917,331.21391677856445,87.03736305236816,109.53751754760742,840.0049161911011,385.98267555236816,858.5714285714287,435.8333333333333,53.19589705196971,0.1720530809538657,1.0,139.90700596325456,0.2653743809844096,True,18.793207780437292,7.807181382976949,56.6908691382516,0.19283991399646813,False,True,True,False,VALID_TARGET,HUMAN_ACCEPTED_TARGET: operator reviewed the raw skeleton and confirmed that it belongs to the documented athlete.,True,3,TARGET_IDENTITY_UNCERTAIN,TARGET_OVERLAP_AMBIGUOUS: another detected person overlaps or is too close to the selected pose for automated identity acceptance.,ACCEPTED,True
62,62,62,2066.666666666667,17,1.0,0.8116157650947571,4,6,0.9605729281902313,0.745233029127121,False,,,,,True,,55.0,65.0,848.0405979156494,397.63294982910156,822.7378492355347,351.57984352111816,52.54633851548049,2,0,True,1,0.036725258238049015,0.7184673925416791,796.3349046707153,331.05987548828125,88.0901288986206,105.63429260253906,840.3799691200256,383.8770217895508,857.1428571428571,435.71428571428567,54.48023812419149,0.17295891768156585,1.0,137.54444584574992,0.04167443811353615,True,3.997854585604348,0.49606259756599863,56.6908691382516,0.06623651227642623,False,False,False,False,VALID_TARGET,HUMAN_ACCEPTED_TARGET: operator reviewed the raw skeleton and confirmed that it belongs to the documented athlete.,True,3,INVALID_TRACK_SEGMENT,Valid-looking pose segment is too short to establish target identity continuity.,ACCEPTED,True
63,63,63,2100.0,17,1.0,0.8198938965797424,4,6,0.9292912185192108,0.47331245243549347,False,,,,,True,,55.0,65.0,845.3187103271484,400.5952682495117,818.237133026123,348.0438919067383,59.11902388090674,2,1,True,1,0.032877355091787575,0.7447138069095693,790.4460163116455,328.69434356689453,81.71700096130371,112.4265365600586,831.3045167922974,384.9076118469238,847.7380952380952,425.7142857142857,43.99144385731647,0.14733934248148944,1.0,138.98702949915833,0.02544649033145686,True,4.022934559290889,5.723582812967434,56.6908691382516,0.11593904742221339,False,False,False,False,VALID_TARGET,HUMAN_ACCEPTED_TARGET: operator reviewed the raw skeleton and confirmed that it belongs to the documented athlete.,True,3,INVALID_TRACK_SEGMENT,Valid-looking pose segment is too short to establish target identity continuity.,ACCEPTED,True
64,64,64,2133.3333333333335,17,1.0,0.939585268497467,4,6,0.9771617949008942,0.8848170936107635,False,,,,,True,,55.0,65.0,843.2864646911621,389.0905570983887,814.5217533111572,342.2837104797363,54.93896168619342,2,1,True,1,0.06433068590321929,0.6484629178247345,784.549560546875,324.1559371948242,83.8984603881836,115.96192169189453,826.4987907409668,382.1368980407715,838.3333333333333,415.71428571428567,35.601929180144126,0.12583972985470904,1.0,143.12972765286983,0.07307522739876751,True,11.682825043445632,6.85446836000851,56.6908691382516,0.07373431133185537,False,True,True,False,VALID_TARGET,HUMAN_ACCEPTED_TARGET: operator reviewed the raw skeleton and confirmed that it belongs to the documented athlete.,True,3,TARGET_IDENTITY_UNCERTAIN,TARGET_OVERLAP_AMBIGUOUS: another detected person overlaps or is too close to the selected pose for automated identity acceptance.,ACCEPTED,True
65,65,65,2166.6666666666665,17,1.0,0.8954564332962036,4,6,0.9407385587692261,0.6284708678722382,False,,,,,True,,55.0,65.0,840.7958679199219,382.6472625732422,809.9814319610596,339.0516242980957,53.386413440876915,2,0,True,1,0.06842915487520514,0.6471109670196744,779.2679824829102,322.591157913208,80.8540267944336,103.27312278747559,819.694995880127,374.2277193069458,828.9285714285713,405.7142857142857,32.812540004282766,0.12236621803904517,1.0,131.1591077247478,0.21115604876209204,True,6.907902475766066,5.573230575501509,56.6908691382516,0.027386213492869908,False,True,True,False,VALID_TARGET,HUMAN_ACCEPTED_TARGET: operator reviewed the raw skeleton and confirmed that it belongs to the documented athlete.,True,3,TARGET_IDENTITY_UNCERTAIN,TARGET_OVERLAP_AMBIGUOUS: another detected person overlaps or is too close to the selected pose for automated identity acceptance.,ACCEPTED,True
66,66,66,2200.0,17,1.0,0.6850991249084473,4,6,0.9336589872837067,0.5944794118404388,False,,,,,False,,,,847.7293243408203,379.39110565185547,811.007926940918,338.70921516418457,54.803989276807236,2,0,True,1,0.07951902895193214,0.5796249746959837,780.0993804931641,322.3803825378418,70.80010986328125,110.58790969848633,815.4994354248047,377.67433738708496,819.5238095238096,395.71428571428567,18.483379629732582,0.07264504357672054,1.0,131.31009606322456,0.0026633625621182593,True,7.659985367948976,1.082097943191958,56.6908691382516,0.025005364311372437,False,True,True,False,TARGET_IDENTITY_UNCERTAIN,TARGET_OVERLAP_AMBIGUOUS: another detected person overlaps or is too close to the selected pose for automated identity acceptance.,False,,TARGET_IDENTITY_UNCERTAIN,TARGET_OVERLAP_AMBIGUOUS: another detected person overlaps or is too close to the selected pose for automated identity acceptance.,NOT_REVIEWED,False
67,67,67,2233.3333333333335,17,1.0,0.8888252377510071,4,6,0.943533182144165,0.8051048517227173,False,,,,,False,,,,837.6523284912109,361.6627960205078,805.0165405273438,330.3464689254761,45.23059803656721,2,0,True,1,0.07591016877074887,0.5273468737912737,775.7489776611328,319.09700202941895,72.14958953857422,95.00015068054199,811.8237724304199,366.59707736968994,810.1190476190477,385.71428571428567,19.193064934324283,0.07932830841186322,1.0,119.29204457930302,0.21199271887353158,True,20.39212612107866,10.287479565461835,56.6908691382516,0.16887007353677133,False,True,True,False,TARGET_IDENTITY_UNCERTAIN,TARGET_OVERLAP_AMBIGUOUS: another detected person overlaps or is too close to the selected pose for automated identity acceptance.,False,,TARGET_IDENTITY_UNCERTAIN,TARGET_OVERLAP_AMBIGUOUS: another detected person overlaps or is too close to the selected pose for automated identity acceptance.,NOT_REVIEWED,False
68,68,68,2266.6666666666665,17,1.0,0.49109184741973877,4,6,0.6605621874332428,0.18944675475358963,False,,,,,False,,,,826.4653511047363,363.6167507171631,803.1127014160156,333.2540531158447,38.30456439007251,2,1,True,1,0.11299929791042682,0.40376432037298665,769.9015579223633,318.67907333374023,70.24163818359375,98.09203720092773,805.0223770141602,367.7250919342041,800.7142857142858,375.7142857142857,9.076721208880889,0.03931338595431363,1.0,120.64798173588767,0.02391808728982318,True,11.356337525896079,3.4754351074224354,56.6908691382516,0.12217194323841173,False,True,True,False,TARGET_IDENTITY_UNCERTAIN,TARGET_OVERLAP_AMBIGUOUS: another detected person overlaps or is too close to the selected pose for automated identity acceptance.,False,,TARGET_IDENTITY_UNCERTAIN,TARGET_OVERLAP_AMBIGUOUS: another detected person overlaps or is too close to the selected pose for automated identity acceptance.,NOT_REVIEWED,False
69,69,69,2300.0,17,1.0,0.8034204840660095,4,6,0.877699464559555,0.6633387804031372,False,,,,,False,,,,834.9082221984863,352.8617744445801,802.1932334899902,328.5691452026367,40.74803457448652,2,0,True,1,0.1323956975048315,0.3734717147462761,771.3450889587402,316.14581298828125,70.32387161254883,100.47064971923828,806.5070247650146,366.3811378479004,798.75,372.5,9.87987384744601,0.04172633386844669,1.0,122.63685569022114,0.03508279171877254,True,13.6730240594209,4.774283550673173,56.6908691382516,0.043101653256631824,False,True,True,False,TARGET_IDENTITY_UNCERTAIN,TARGET_OVERLAP_AMBIGUOUS: another detected person overlaps or is too close to the selected pose for automated identity acceptance.,False,,TARGET_IDENTITY_UNCERTAIN,TARGET_OVERLAP_AMBIGUOUS: another detected person overlaps or is too close to the selected pose for automated identity acceptance.,NOT_REVIEWED,False
70,70,70,2333.3333333333335,17,1.0,0.7275180816650391,4,6,0.849308431148529,0.49223558604717255,False,,,,,False,,,,827.7138175964355,372.2216567993164,797.0090484619141,328.62399673461914,53.32484234126869,2,1,True,1,0.13925998197567196,0.3707244702171896,766.6779174804688,312.9767723083496,62.599449157714844,113.91159439086914,797.9776420593262,369.9325695037842,796.7857142857142,369.28571428571433,1.3561391855748914,0.0055867128488113526,1.0,129.9790074262733,0.1295120686568929,True,20.653438027777373,5.184475199660035,56.6908691382516,0.22184891426009376,False,True,True,False,TARGET_IDENTITY_UNCERTAIN,TARGET_OVERLAP_AMBIGUOUS: another detected person overlaps or is too close to the selected pose for automated identity acceptance.,False,,TARGET_IDENTITY_UNCERTAIN,TARGET_OVERLAP_AMBIGUOUS: another detected person overlaps or is too close to the selected pose for automated identity acceptance.,NOT_REVIEWED,False
71,71,71,2366.6666666666665,17,1.0,0.8673158884048462,4,6,0.8922763764858246,0.8713208436965942,False,,,,,False,,,,826.4129943847656,360.0408821105957,793.1392555236816,323.5332679748535,49.39582560986154,1,0,False,0,0.0,,761.4435272216797,310.3380069732666,68.2078857421875,112.81583213806152,795.5474700927734,366.74592304229736,794.8214285714287,366.07142857142856,0.9909990322645222,0.0039835390190819855,1.0,131.83219507549202,0.03268934975576677,True,12.250037267102423,6.394592769699911,56.6908691382516,0.06930598862094509,False,False,False,False,INVALID_TRACK_SEGMENT,Valid-looking pose segment is too short to establish target identity continuity.,False,,INVALID_TRACK_SEGMENT,Valid-looking pose segment is too short to establish target identity continuity.,NOT_REVIEWED,False
72,72,72,2400.0,17,1.0,0.8664076328277588,4,6,0.919599175453186,0.6195268929004669,False,,,,,False,,,,825.378059387207,372.91161727905273,792.873405456543,326.26500701904297,56.85471639100386,2,0,True,1,0.15071513137727502,0.3603403618647746,761.7248229980469,310.556884765625,66.94004821777344,115.43630981445312,795.1948471069336,368.27503967285156,792.8571428571429,362.8571428571429,5.9007175042663835,0.023152515770161298,1.0,133.4410419585228,0.028379294716884333,True,12.912277654454625,2.7446446880692488,56.6908691382516,0.13157128995416142,False,True,True,False,TARGET_IDENTITY_UNCERTAIN,TARGET_OVERLAP_AMBIGUOUS: another detected person overlaps or is too close to the selected pose for automated identity acceptance.,False,,TARGET_IDENTITY_UNCERTAIN,TARGET_OVERLAP_AMBIGUOUS: another detected person overlaps or is too close to the selected pose for automated identity acceptance.,NOT_REVIEWED,False
73,73,73,2433.333333333333,17,1.0,0.8574109077453613,4,6,0.8929326236248016,0.8776222765445709,False,,,,,False,,,,820.1880950927734,343.5290050506592,787.8040924072266,319.91066551208496,40.08178629373803,2,0,True,1,0.14944082108181367,0.3597938052266647,756.3306732177734,306.4892063140869,68.04731750488281,104.26738548278809,790.3543319702148,358.62289905548096,790.8928571428571,359.64285714285717,1.1533966627199508,0.004419014563358094,1.0,124.50753027438404,0.15758290214871573,True,29.837453489559696,8.12868936416068,56.6908691382516,0.29586651875740017,False,True,True,False,TARGET_IDENTITY_UNCERTAIN,TARGET_OVERLAP_AMBIGUOUS: another detected person overlaps or is too close to the selected pose for automated identity acceptance.,False,,TARGET_IDENTITY_UNCERTAIN,TARGET_OVERLAP_AMBIGUOUS: another detected person overlaps or is too close to the selected pose for automated identity acceptance.,NOT_REVIEWED,False
74,74,74,2466.666666666667,17,1.0,0.8689552545547485,4,6,0.8991122841835022,0.8491389751434326,False,,,,,False,,,,814.0734710693359,349.79870986938477,784.7561416625977,319.3967475891113,42.23488030093574,2,0,True,1,0.1689180656046888,0.3383573521661531,751.9761047363281,306.0281391143799,66.44198608398438,110.38812065124512,785.1970977783203,361.22219944000244,788.9285714285714,356.4285714285714,6.074764613916736,0.022734560104104212,1.0,128.84127714245238,0.07644523596030375,True,8.757729469557153,3.090973208107349,56.6908691382516,0.03797955543681966,False,True,True,False,TARGET_IDENTITY_UNCERTAIN,TARGET_OVERLAP_AMBIGUOUS: another detected person overlaps or is too close to the selected pose for automated identity acceptance.,False,,TARGET_IDENTITY_UNCERTAIN,TARGET_OVERLAP_AMBIGUOUS: another detected person overlaps or is too close to the selected pose for automated identity acceptance.,NOT_REVIEWED,False
75,75,75,2500.0,17,1.0,0.8387712240219116,4,6,0.8631798923015594,0.7300683856010437,False,,,,,False,,,,807.9261817932129,351.5912437438965,779.2331848144531,320.4673652648926,42.33183066203161,2,0,True,1,0.18033292996162753,0.335091880497787,748.3147201538086,304.61046600341797,67.2654800415039,106.80915069580078,781.9474601745605,358.01504135131836,786.9642857142858,353.21428571428567,6.943759297566452,0.02539331559549451,1.0,126.22535196057977,0.04614367748522561,True,6.40330720297015,5.625768796721193,56.6908691382516,0.001710158312433557,False,True,True,False,TARGET_IDENTITY_UNCERTAIN,TARGET_OVERLAP_AMBIGUOUS: another detected person overlaps or is too close to the selected pose for automated identity acceptance.,False,,TARGET_IDENTITY_UNCERTAIN,TARGET_OVERLAP_AMBIGUOUS: another detected person overlaps or is too close to the selected pose for automated identity acceptance.,NOT_REVIEWED,False
76,76,76,2533.333333333333,17,1.0,0.8666053414344788,4,6,0.8708344101905823,0.8078433573246002,False,,,,,False,,,,805.2632064819336,352.67481994628906,779.4839515686035,321.1644229888916,40.71210017057848,2,0,True,1,0.17627365277683077,0.33152053718917673,747.461799621582,304.6728515625,65.8538589477539,106.83808898925781,780.388729095459,358.0918960571289,785.0,350.0,9.313570805788984,0.0332939676050769,1.0,125.50341826893496,0.012734567358355943,True,2.8749912860519404,0.7407924375787196,56.6908691382516,0.02857127639908115,False,True,True,False,TARGET_IDENTITY_UNCERTAIN,TARGET_OVERLAP_AMBIGUOUS: another detected person overlaps or is too close to the selected pose for automated identity acceptance.,False,,TARGET_IDENTITY_UNCERTAIN,TARGET_OVERLAP_AMBIGUOUS: another detected person overlaps or is too close to the selected pose for automated identity acceptance.,NOT_REVIEWED,False
