source_frame_index,analysis_frame_index,timestamp_ms,frame_status,frame_rejection_reason,valid_segment_id,raw_pelvis_mid_x,raw_pelvis_mid_y,path_input_center_x,path_input_center_y,center_status,roi_center_x,roi_center_y,roi_x,roi_y,roi_width,roi_height,translation_camera_motion_status,translation_camera_motion_method,translation_background_dx_px,translation_background_dy_px,translation_background_feature_count,translation_camera_motion_residual_px,translation_affine_scale,translation_affine_inlier_fraction,affine_camera_motion_status,affine_camera_motion_method,affine_background_dx_px,affine_background_dy_px,affine_background_feature_count,affine_camera_motion_residual_px,affine_affine_scale,affine_affine_inlier_fraction,translation_raw_dx,translation_raw_dy,translation_compensated_dx,translation_compensated_dy,translation_compensated_x,translation_compensated_y,translation_projected_heading_deg,translation_normalized_projected_speed_per_s,translation_path_segment_id,translation_path_status,translation_path_rejection_reason,affine_raw_dx,affine_raw_dy,affine_compensated_dx,affine_compensated_dy,affine_compensated_x,affine_compensated_y,affine_projected_heading_deg,affine_normalized_projected_speed_per_s,affine_path_segment_id,affine_path_status,affine_path_rejection_reason,chosen_raw_dx,chosen_raw_dy,chosen_compensated_dx,chosen_compensated_dy,chosen_compensated_x,chosen_compensated_y,chosen_projected_heading_deg,chosen_normalized_projected_speed_per_s,chosen_path_segment_id,chosen_path_status,chosen_path_rejection_reason,chosen_path_validation_status,chosen_path_validation_reason
0,0,0.0,VALID_TARGET,,1.0,887.8109588623047,481.71510314941406,890.6909332275391,500.7232208251953,SUPPORTED,838.9285714285713,477.85714285714283,601.0714285714286,160.71428571428572,475.71428571428567,634.2857142857142,INSUFFICIENT_EVIDENCE,translation_median_sparse_flow,0.0,0.0,0.0,,,,INSUFFICIENT_EVIDENCE,partial_affine_ransac_sparse_flow,0.0,0.0,0.0,,,,,,,,0.0,0.0,,,path_segment_001,INSUFFICIENT_EVIDENCE,Continuous path run is shorter than the configured minimum sample count.,,,,,0.0,0.0,,,path_segment_001,SUPPORTED,,,,,,0.0,0.0,,,path_segment_001,SUPPORTED,,SUPPORTED,
1,1,40.0,VALID_TARGET,,1.0,883.4140014648438,500.7232208251953,892.2870254516602,511.28650665283203,SUPPORTED,842.6785714285713,488.57142857142856,593.5714285714286,151.07142857142856,498.21428571428567,675.0,UNSTABLE_TRANSFORM,translation_median_sparse_flow,14.19140625,4.1646728515625,343.0,14.785820007324219,,,SUPPORTED,partial_affine_ransac_sparse_flow,-5.980168986474829,34.25199613306157,96.0,1.087362033069687,1.0022167642850435,0.27988338192419826,,,,,,,,,,UNSTABLE_TRANSFORM,Camera compensation was not supported.,1.5960922241210938,10.563285827636719,-4.247810646726634,-6.860852275361822,-4.247810646726634,-6.860852275361822,121.76320130285679,1.0898715777789414,path_segment_001,SUPPORTED,,1.5960922241210938,10.563285827636719,-4.247810646726634,-6.860852275361822,-4.247810646726634,-6.860852275361822,121.76320130285679,1.0898715777789414,path_segment_001,SUPPORTED,,SUPPORTED,
2,2,80.0,VALID_TARGET,,1.0,895.7771911621094,521.8497924804688,889.6587371826172,521.8497924804688,SUPPORTED,846.4285714285713,499.2857142857142,586.0714285714286,141.42857142857142,520.7142857142857,715.7142857142857,UNSTABLE_TRANSFORM,translation_median_sparse_flow,12.58660888671875,9.2537841796875,342.0,12.496488571166992,,,SUPPORTED,partial_affine_ransac_sparse_flow,4.614490707144497,25.699298107160534,78.0,0.849215730359504,0.996327799954182,0.22807017543859648,,,,,0.0,0.0,,,path_segment_002,INSUFFICIENT_EVIDENCE,Continuous path run is shorter than the configured minimum sample count.,-2.6282882690429688,10.563285827636719,-11.32774435734882,-0.1902948901046102,-15.575555004075454,-7.051147165466432,179.03757815736148,1.5301671867081796,path_segment_001,SUPPORTED,,-2.6282882690429688,10.563285827636719,-11.32774435734882,-0.1902948901046102,-15.575555004075454,-7.051147165466432,179.03757815736148,1.5301671867081796,path_segment_001,SUPPORTED,,SUPPORTED,
3,3,120.0,VALID_TARGET,,1.0,894.852783203125,537.5787200927734,889.6587371826172,529.2066345214844,SUPPORTED,859.8214285714286,521.7857142857142,587.1428571428571,130.71428571428572,545.3571428571429,782.1428571428571,UNSTABLE_TRANSFORM,translation_median_sparse_flow,13.34033203125,9.169158935546875,345.0,15.594328880310059,,,SUPPORTED,partial_affine_ransac_sparse_flow,9.872474278694094,13.510949549159868,83.0,0.5497218989390189,0.9937425959660381,0.24057971014492754,,,,,,,,,,UNSTABLE_TRANSFORM,Camera compensation was not supported.,0.0,7.356842041015625,-8.131176195145372,3.689192502500873,-23.706731199220826,-3.361954662965559,-155.59574929787934,1.2059647611377275,path_segment_001,SUPPORTED,,0.0,7.356842041015625,-8.131176195145372,3.689192502500873,-23.706731199220826,-3.361954662965559,-155.59574929787934,1.2059647611377275,path_segment_001,SUPPORTED,,SUPPORTED,
4,4,160.0,VALID_TARGET,,1.0,886.3134613037109,539.2460174560547,887.0102233886719,532.4977722167969,SUPPORTED,873.2142857142858,544.2857142857142,588.2142857142857,120.0,570.0000000000001,848.5714285714286,UNSTABLE_TRANSFORM,translation_median_sparse_flow,11.166633605957031,14.6964111328125,344.0,18.376726150512695,,,SUPPORTED,partial_affine_ransac_sparse_flow,8.793098989845916,11.513470224707735,81.0,0.47042648898697675,0.9944305157630103,0.23546511627906977,,,,,0.0,0.0,,,path_segment_003,INSUFFICIENT_EVIDENCE,Continuous path run is shorter than the configured minimum sample count.,-2.6485137939453125,3.2911376953125,-9.780140715315383,0.3016358366945724,-33.48687191453621,-3.0603188262709864,-178.233462658636,1.3215564874624182,path_segment_001,SUPPORTED,,-2.6485137939453125,3.2911376953125,-9.780140715315383,0.3016358366945724,-33.48687191453621,-3.0603188262709864,-178.233462658636,1.3215564874624182,path_segment_001,SUPPORTED,,SUPPORTED,
5,5,200.0,VALID_TARGET,,1.0,880.8306121826172,529.2066345214844,883.3188629150391,537.5787200927734,SUPPORTED,875.9873949579833,544.7899159663865,589.7268907563025,120.12605042016807,572.5210084033614,849.3277310924369,UNSTABLE_TRANSFORM,translation_median_sparse_flow,10.939041137695312,12.514007568359375,346.0,16.534757614135742,,,SUPPORTED,partial_affine_ransac_sparse_flow,3.8737429766763567,13.903121981964654,103.0,0.5234590504897804,0.997189233657434,0.2976878612716763,,,,,,,,,,UNSTABLE_TRANSFORM,Camera compensation was not supported.,-3.6913604736328125,5.0809478759765625,-9.234135701765013,-0.3298346315451681,-42.72100761630122,-3.3901534578161545,177.95431841008835,1.247979056027497,path_segment_001,SUPPORTED,,-3.6913604736328125,5.0809478759765625,-9.234135701765013,-0.3298346315451681,-42.72100761630122,-3.3901534578161545,177.95431841008835,1.247979056027497,path_segment_001,SUPPORTED,,SUPPORTED,
6,6,240.0,VALID_TARGET,,1.0,876.4810943603516,532.4977722167969,881.9672698974609,539.2460174560547,SUPPORTED,878.7605042016806,545.2941176470588,591.2394957983192,120.25210084033614,575.0420168067228,850.0840336134454,UNSTABLE_TRANSFORM,translation_median_sparse_flow,8.0897216796875,5.765869140625,337.0,9.941995620727539,,,SUPPORTED,partial_affine_ransac_sparse_flow,0.5850204849753432,16.002294523481716,103.0,0.6218982045959874,0.9990051763176605,0.3056379821958457,,,,,0.0,0.0,,,path_segment_004,INSUFFICIENT_EVIDENCE,Continuous path run is shorter than the configured minimum sample count.,-1.351593017578125,1.66729736328125,-5.9735663252495215,-5.638486687720956,-48.69457394155074,-9.02864014553711,136.65287937407675,1.1094530397231845,path_segment_001,SUPPORTED,,-1.351593017578125,1.66729736328125,-5.9735663252495215,-5.638486687720956,-48.69457394155074,-9.02864014553711,136.65287937407675,1.1094530397231845,path_segment_001,SUPPORTED,,SUPPORTED,
7,7,280.0,VALID_TARGET,,1.0,879.357307434082,551.4038391113281,876.4810943603516,551.4038391113281,SUPPORTED,881.5336134453781,545.7983193277311,592.7521008403361,120.3781512605042,577.5630252100841,850.8403361344538,UNSTABLE_TRANSFORM,translation_median_sparse_flow,6.96710205078125,-2.220458984375,340.0,14.8939208984375,,,SUPPORTED,partial_affine_ransac_sparse_flow,21.816309997993127,4.740581156613153,79.0,0.7577416883168001,0.9872019680970725,0.2323529411764706,,,,,,,,,,UNSTABLE_TRANSFORM,Camera compensation was not supported.,-5.486175537109375,12.157821655273438,-17.004487373980396,15.940214355139346,-65.69906131553114,6.911574209602236,-136.85028699376616,3.1479748406906407,path_segment_001,SUPPORTED,,-5.486175537109375,12.157821655273438,-17.004487373980396,15.940214355139346,-65.69906131553114,6.911574209602236,-136.85028699376616,3.1479748406906407,path_segment_001,SUPPORTED,,SUPPORTED,
8,8,320.0,VALID_TARGET,,1.0,872.1683349609375,563.3546752929688,876.4810943603516,551.4038391113281,SUPPORTED,884.3067226890756,546.3025210084033,594.2647058823529,120.50420168067227,580.0840336134454,851.5966386554621,UNSTABLE_TRANSFORM,translation_median_sparse_flow,4.3668212890625,-2.145782470703125,335.0,11.70718765258789,,,SUPPORTED,partial_affine_ransac_sparse_flow,30.50621151907269,10.742617078630733,88.0,0.9348283978401093,0.9819696361494994,0.2626865671641791,,,,,0.0,0.0,,,path_segment_005,INSUFFICIENT_EVIDENCE,Continuous path run is shorter than the configured minimum sample count.,0.0,0.0,-17.38944338704698,3.4934058954041802,-83.08850470257812,10.404980105006416,-168.64091533888958,2.3955828968358177,path_segment_001,SUPPORTED,,0.0,0.0,-17.38944338704698,3.4934058954041802,-83.08850470257812,10.404980105006416,-168.64091533888958,2.3955828968358177,path_segment_001,SUPPORTED,,SUPPORTED,
9,9,360.0,VALID_TARGET,,1.0,879.0026092529297,566.2575836181641,879.357307434082,551.4038391113281,SUPPORTED,887.0798319327732,546.8067226890756,595.7773109243698,120.63025210084034,582.6050420168068,852.3529411764706,SUPPORTED,translation_median_sparse_flow,6.46685791015625,-0.016393661499023438,342.0,7.971983909606934,,,SUPPORTED,partial_affine_ransac_sparse_flow,6.134663739517458,25.74660394603313,95.0,0.9812503885442575,0.9955223569849788,0.2777777777777778,2.8762130737304688,0.0,-3.5906448364257812,0.016393661499023438,-3.5906448364257812,0.016393661499023438,,,path_segment_005,INSUFFICIENT_EVIDENCE,Continuous path run is shorter than the configured minimum sample count.,2.8762130737304688,0.0,-7.302407788757591,-10.402455483411813,-90.39091249133571,0.0025246215946026496,125.06842719015154,1.716600196206275,path_segment_001,SUPPORTED,,2.8762130737304688,0.0,-7.302407788757591,-10.402455483411813,-90.39091249133571,0.0025246215946026496,125.06842719015154,1.716600196206275,path_segment_001,SUPPORTED,,SUPPORTED,
10,10,400.0,VALID_TARGET,,1.0,878.76513671875,539.1575012207031,883.6151123046875,539.1575012207031,SUPPORTED,889.8529411764705,547.3109243697479,597.2899159663865,120.75630252100841,585.1260504201681,853.109243697479,UNSTABLE_TRANSFORM,translation_median_sparse_flow,8.68902587890625,1.0889892578125,347.0,8.756546974182129,,,SUPPORTED,partial_affine_ransac_sparse_flow,0.08056161505497539,41.94616732138074,104.0,1.318074886995881,0.9985869692643929,0.29971181556195964,,,,,,,,,,UNSTABLE_TRANSFORM,Camera compensation was not supported.,4.257804870605469,-12.246337890625,-7.6916377374408285,-31.928477755573226,-98.08255022877654,-31.925953133978624,103.54459546154752,4.435699975760271,path_segment_001,SUPPORTED,,4.257804870605469,-12.246337890625,-7.6916377374408285,-31.928477755573226,-98.08255022877654,-31.925953133978624,103.54459546154752,4.435699975760271,path_segment_001,SUPPORTED,,SUPPORTED,
11,11,440.0,VALID_TARGET,,1.0,873.9256286621094,531.6437072753906,881.1451797485352,531.6437072753906,SUPPORTED,892.626050420168,547.8151260504201,598.8025210084033,120.88235294117646,587.6470588235294,853.8655462184873,UNSTABLE_TRANSFORM,translation_median_sparse_flow,13.78179931640625,3.85272216796875,339.0,14.303884506225586,,,SUPPORTED,partial_affine_ransac_sparse_flow,13.025832969380946,0.7065648166861719,86.0,0.42040266062136467,0.9924692085384371,0.2536873156342183,,,,,0.0,0.0,,,path_segment_006,INSUFFICIENT_EVIDENCE,Continuous path run is shorter than the configured minimum sample count.,-2.4699325561523438,-7.5137939453125,-8.755757586669574,-4.300481256000921,-106.83830781544611,-36.226434389979545,153.84155789263613,1.3175148696840764,path_segment_001,SUPPORTED,,-2.4699325561523438,-7.5137939453125,-8.755757586669574,-4.300481256000921,-106.83830781544611,-36.226434389979545,153.84155789263613,1.3175148696840764,path_segment_001,SUPPORTED,,SUPPORTED,
12,12,480.0,VALID_TARGET,,1.0,886.3010864257812,515.4814300537109,879.0538330078125,530.2975921630859,SUPPORTED,895.3991596638656,548.3193277310925,600.3151260504202,121.00840336134453,590.1680672268908,854.6218487394958,UNSTABLE_TRANSFORM,translation_median_sparse_flow,19.47210693359375,4.273645401000977,338.0,18.98904800415039,,,SUPPORTED,partial_affine_ransac_sparse_flow,17.51773058709662,8.633136644600098,95.0,0.6760002392839031,0.9895468511766966,0.28106508875739644,,,,,,,,,,UNSTABLE_TRANSFORM,Camera compensation was not supported.,-2.0913467407226562,-1.3461151123046875,-12.62622985898804,-0.7115925131220138,-119.46453767443415,-36.93802690310156,176.77432110435714,1.70803390285024,path_segment_001,SUPPORTED,,-2.0913467407226562,-1.3461151123046875,-12.62622985898804,-0.7115925131220138,-119.46453767443415,-36.93802690310156,176.77432110435714,1.70803390285024,path_segment_001,SUPPORTED,,SUPPORTED,
13,13,520.0,VALID_TARGET,,1.0,882.632926940918,525.66357421875,879.3163223266602,530.2975921630859,SUPPORTED,898.172268907563,548.8235294117646,601.8277310924369,121.1344537815126,592.6890756302521,855.3781512605042,UNSTABLE_TRANSFORM,translation_median_sparse_flow,22.69903564453125,8.138427734375,349.0,20.256406784057617,,,SUPPORTED,partial_affine_ransac_sparse_flow,22.407101810179824,12.50800888909186,103.0,0.831687927132356,0.9865585907589627,0.29512893982808025,,,,,0.0,0.0,,,path_segment_007,INSUFFICIENT_EVIDENCE,Continuous path run is shorter than the configured minimum sample count.,0.26248931884765625,0.0,-13.620568406815664,0.11564641544737242,-133.08510608124982,-36.822380487654186,-179.5135377536138,1.8396917412616207,path_segment_001,SUPPORTED,,0.26248931884765625,0.0,-13.620568406815664,0.11564641544737242,-133.08510608124982,-36.822380487654186,-179.5135377536138,1.8396917412616207,path_segment_001,SUPPORTED,,SUPPORTED,
14,14,560.0,VALID_TARGET,,1.0,876.1695938110352,533.6401214599609,876.6136093139648,533.6401214599609,SUPPORTED,900.9453781512605,549.327731092437,603.3403361344538,121.26050420168067,595.2100840336135,856.1344537815127,UNSTABLE_TRANSFORM,translation_median_sparse_flow,15.85595703125,0.00592041015625,343.0,15.855957984924316,,,SUPPORTED,partial_affine_ransac_sparse_flow,16.447360876498628,19.9341608416788,102.0,0.7966427666321252,0.9897604765873064,0.29737609329446063,,,,,,,,,,UNSTABLE_TRANSFORM,Camera compensation was not supported.,-2.7027130126953125,3.342529296875,-15.798830352964274,-1.6726350859254353,-148.8839364342141,-38.49501557357962,173.95656143975972,2.1457518362090497,path_segment_001,SUPPORTED,,-2.7027130126953125,3.342529296875,-15.798830352964274,-1.6726350859254353,-148.8839364342141,-38.49501557357962,173.95656143975972,2.1457518362090497,path_segment_001,SUPPORTED,,SUPPORTED,
15,15,600.0,VALID_TARGET,,1.0,873.2861251831055,544.561767578125,872.8421096801758,544.561767578125,SUPPORTED,903.718487394958,549.8319327731092,604.8529411764706,121.38655462184873,597.7310924369748,856.890756302521,UNSTABLE_TRANSFORM,translation_median_sparse_flow,10.4498291015625,-0.0168914794921875,338.0,17.717947006225586,,,SUPPORTED,partial_affine_ransac_sparse_flow,10.7121752328165,28.34906410927074,94.0,0.9894628626957714,0.9927725469489539,0.2781065088757396,,,,,0.0,0.0,,,path_segment_008,INSUFFICIENT_EVIDENCE,Continuous path run is shorter than the configured minimum sample count.,-3.7714996337890625,10.921646118164062,-16.50289351715378,0.40428294028777145,-165.38682995136787,-38.09073263329185,-178.59666584833434,2.229587649472187,path_segment_001,SUPPORTED,,-3.7714996337890625,10.921646118164062,-16.50289351715378,0.40428294028777145,-165.38682995136787,-38.09073263329185,-178.59666584833434,2.229587649472187,path_segment_001,SUPPORTED,,SUPPORTED,
16,16,640.0,VALID_TARGET,,1.0,859.0287857055664,548.0464172363281,861.4472427368164,548.0464172363281,SUPPORTED,906.4915966386554,550.3361344537815,606.3655462184873,121.5126050420168,600.2521008403361,857.6470588235294,UNSTABLE_TRANSFORM,translation_median_sparse_flow,9.1236572265625,-1.0555801391601562,325.0,12.852702140808105,,,SUPPORTED,partial_affine_ransac_sparse_flow,28.026911759802413,54.25205471289672,86.0,1.6431480534377119,0.9818775626765227,0.26461538461538464,,,,,,,,,,UNSTABLE_TRANSFORM,Camera compensation was not supported.,-11.394866943359375,3.484649658203125,-39.764345470051126,-14.079031255119048,-205.151175421419,-52.1697638884109,160.50289615858708,5.697360324793975,path_segment_001,SUPPORTED,,-11.394866943359375,3.484649658203125,-39.764345470051126,-14.079031255119048,-205.151175421419,-52.1697638884109,160.50289615858708,5.697360324793975,path_segment_001,SUPPORTED,,SUPPORTED,
17,17,680.0,VALID_TARGET,,1.0,860.4294815063477,554.624755859375,858.0110244750977,554.624755859375,SUPPORTED,909.2647058823529,550.8403361344538,607.8781512605042,121.63865546218487,602.7731092436975,858.4033613445379,UNSTABLE_TRANSFORM,translation_median_sparse_flow,12.282470703125,0.1712493896484375,343.0,12.08055305480957,,,SUPPORTED,partial_affine_ransac_sparse_flow,-6.569074467713765,65.13858058921193,118.0,1.6484926517010372,1.001881130070053,0.34402332361516036,,,,,0.0,0.0,,,path_segment_009,INSUFFICIENT_EVIDENCE,Continuous path run is shorter than the configured minimum sample count.,-3.43621826171875,6.578338623046875,-18.785278144063113,-26.302037828094626,-223.9364535654821,-78.47180171650552,125.53494898860868,4.365425870457077,path_segment_001,SUPPORTED,,-3.43621826171875,6.578338623046875,-18.785278144063113,-26.302037828094626,-223.9364535654821,-78.47180171650552,125.53494898860868,4.365425870457077,path_segment_001,SUPPORTED,,SUPPORTED,
18,18,720.0,VALID_TARGET,,1.0,847.1053695678711,561.8282775878906,850.4571151733398,561.1473236083984,SUPPORTED,912.0378151260504,551.344537815126,609.390756302521,121.76470588235294,605.2941176470588,859.1596638655462,UNSTABLE_TRANSFORM,translation_median_sparse_flow,17.923583984375,7.39129638671875,339.0,11.684992790222168,,,SUPPORTED,partial_affine_ransac_sparse_flow,34.11694398724268,10.342487590799937,91.0,1.1282480670943198,0.9797466217482973,0.26843657817109146,,,,,,,,,,UNSTABLE_TRANSFORM,Camera compensation was not supported.,-7.5539093017578125,6.5225677490234375,-26.803006213576964,11.315565262331233,-250.73945977905908,-67.15623645417429,-157.11173356343315,3.9294618185615895,path_segment_001,SUPPORTED,,-7.5539093017578125,6.5225677490234375,-26.803006213576964,11.315565262331233,-250.73945977905908,-67.15623645417429,-157.11173356343315,3.9294618185615895,path_segment_001,SUPPORTED,,SUPPORTED,
19,19,760.0,VALID_TARGET,,1.0,849.0798568725586,561.8217010498047,850.4571151733398,562.5026550292969,SUPPORTED,914.8109243697479,551.8487394957983,610.9033613445379,121.890756302521,607.8151260504201,859.9159663865546,UNSTABLE_TRANSFORM,translation_median_sparse_flow,10.201416015625,3.61346435546875,345.0,8.020736694335938,,,SUPPORTED,partial_affine_ransac_sparse_flow,18.80048422812733,4.236671404614886,112.0,0.5971970400321948,0.9890051358128213,0.32463768115942027,,,,,0.0,0.0,,,path_segment_010,INSUFFICIENT_EVIDENCE,Continuous path run is shorter than the configured minimum sample count.,0.0,1.3553314208984375,-10.344006457855698,4.645974420937478,-261.0834662369148,-62.51026203323681,-155.81293399526874,1.5315348226974879,path_segment_001,SUPPORTED,,0.0,1.3553314208984375,-10.344006457855698,4.645974420937478,-261.0834662369148,-62.51026203323681,-155.81293399526874,1.5315348226974879,path_segment_001,SUPPORTED,,SUPPORTED,
20,20,800.0,VALID_TARGET,,1.0,848.12939453125,570.6911010742188,849.6648330688477,570.6911010742188,SUPPORTED,917.5840336134454,552.3529411764706,612.4159663865546,122.01680672268907,610.3361344537815,860.6722689075631,UNSTABLE_TRANSFORM,translation_median_sparse_flow,12.0291748046875,12.917236328125,340.0,17.651657104492188,,,SUPPORTED,partial_affine_ransac_sparse_flow,37.635539371181885,8.982840006256666,87.0,1.0571797966655883,0.9779696715022377,0.25588235294117645,,,,,,,,,,UNSTABLE_TRANSFORM,Camera compensation was not supported.,-0.7922821044921875,8.188446044921875,-21.70849662399428,14.658753971343458,-282.79196286090905,-47.851508061893355,-145.97064464574507,3.5378537512041834,path_segment_001,SUPPORTED,,-0.7922821044921875,8.188446044921875,-21.70849662399428,14.658753971343458,-282.79196286090905,-47.851508061893355,-145.97064464574507,3.5378537512041834,path_segment_001,SUPPORTED,,SUPPORTED,
21,21,840.0,VALID_TARGET,,1.0,852.1272277832031,585.4982147216797,851.2332992553711,585.4982147216797,SUPPORTED,920.3571428571429,552.8571428571429,613.9285714285714,122.14285714285714,612.8571428571428,861.4285714285714,UNSTABLE_TRANSFORM,translation_median_sparse_flow,9.138442993164062,10.73565673828125,321.0,14.173194885253906,,,SUPPORTED,partial_affine_ransac_sparse_flow,33.275862812685716,8.956317447580526,100.0,1.0517247599281643,0.980457726313024,0.3115264797507788,,,,,0.0,0.0,,,path_segment_011,INSUFFICIENT_EVIDENCE,Continuous path run is shorter than the configured minimum sample count.,1.5684661865234375,14.807113647460938,-17.227897089182306,20.180050181061688,-300.01985995009136,-27.671457880831667,-130.4876949075381,3.5836967787174556,path_segment_001,SUPPORTED,,1.5684661865234375,14.807113647460938,-17.227897089182306,20.180050181061688,-300.01985995009136,-27.671457880831667,-130.4876949075381,3.5836967787174556,path_segment_001,SUPPORTED,,SUPPORTED,
22,22,880.0,VALID_TARGET,,1.0,854.1517715454102,603.5459899902344,852.3226089477539,588.9004058837891,SUPPORTED,934.2857142857143,571.0714285714286,637.5,96.42857142857143,593.5714285714287,949.2857142857143,UNSTABLE_TRANSFORM,translation_median_sparse_flow,4.467926025390625,6.614341735839844,324.0,12.637577056884766,,,SUPPORTED,partial_affine_ransac_sparse_flow,32.140076807556376,13.606732543829759,117.0,1.0952545332286001,0.9809723865669715,0.3611111111111111,,,,,,,,,,UNSTABLE_TRANSFORM,Camera compensation was not supported.,1.0893096923828125,3.402191162109375,-18.62580019207553,6.45895495121988,-318.6456601421669,-21.212502929611787,-160.87475170845016,2.6626071990034075,path_segment_001,SUPPORTED,,1.0893096923828125,3.402191162109375,-18.62580019207553,6.45895495121988,-318.6456601421669,-21.212502929611787,-160.87475170845016,2.6626071990034075,path_segment_001,SUPPORTED,,SUPPORTED,
23,23,920.0,VALID_TARGET,,1.0,859.370002746582,595.6535797119141,854.1914215087891,588.9004058837891,SUPPORTED,930.1339285714287,571.3392857142858,637.5,95.80357142857143,585.2678571428572,951.0714285714287,SUPPORTED,translation_median_sparse_flow,5.3065185546875,0.021572113037109375,333.0,6.638601303100586,,,SUPPORTED,partial_affine_ransac_sparse_flow,16.81887454192385,7.1322066561160335,153.0,0.6865913490274523,0.9900472804075451,0.4594594594594595,,,,,0.0,0.0,,,path_segment_012,INSUFFICIENT_EVIDENCE,Continuous path run is shorter than the configured minimum sample count.,1.8688125610351562,0.0,-8.428069568969704,1.577294558072822,-327.0737297111366,-19.635208371538965,-169.3998409845624,1.1580773217051155,path_segment_001,SUPPORTED,,1.8688125610351562,0.0,-8.428069568969704,1.577294558072822,-327.0737297111366,-19.635208371538965,-169.3998409845624,1.1580773217051155,path_segment_001,SUPPORTED,,SUPPORTED,
24,24,960.0,VALID_TARGET,,1.0,849.0232925415039,586.9300231933594,856.8452377319336,594.4018096923828,SUPPORTED,925.9821428571429,571.6071428571429,637.5,95.17857142857143,576.9642857142858,952.8571428571429,UNSTABLE_TRANSFORM,translation_median_sparse_flow,9.37908935546875,0.00089263916015625,326.0,12.076391220092773,,,SUPPORTED,partial_affine_ransac_sparse_flow,-6.849235411506519,17.788140566721435,105.0,0.6146649122953216,1.003268462970086,0.3220858895705521,,,,,,,,,,UNSTABLE_TRANSFORM,Camera compensation was not supported.,2.6538162231445312,5.50140380859375,0.536190568385905,-5.153125687724696,-326.5375391427507,-24.78833405926366,84.05966353723105,0.6997505770731337,path_segment_001,SUPPORTED,,2.6538162231445312,5.50140380859375,0.536190568385905,-5.153125687724696,-326.5375391427507,-24.78833405926366,84.05966353723105,0.6997505770731337,path_segment_001,SUPPORTED,,SUPPORTED,
25,25,1000.0,VALID_TARGET,,1.0,852.6278915405273,577.9929962158203,860.9809951782227,592.7634582519531,SUPPORTED,921.8303571428571,571.875,637.5,94.55357142857143,568.6607142857143,954.6428571428572,SUPPORTED,translation_median_sparse_flow,1.12982177734375,0.00048065185546875,342.0,6.009593486785889,,,SUPPORTED,partial_affine_ransac_sparse_flow,25.40356192244379,12.177330561933697,141.0,1.7991613509867703,0.9853886195226755,0.41228070175438597,,,,,0.0,0.0,,,path_segment_013,INSUFFICIENT_EVIDENCE,Continuous path run is shorter than the configured minimum sample count.,4.1357574462890625,-1.6383514404296875,-11.418869623278738,-1.2618209209455244,-337.9564087660294,-26.050154980209186,173.6942200550674,1.5516465566602549,path_segment_001,SUPPORTED,,4.1357574462890625,-1.6383514404296875,-11.418869623278738,-1.2618209209455244,-337.9564087660294,-26.050154980209186,173.6942200550674,1.5516465566602549,path_segment_001,SUPPORTED,,SUPPORTED,
26,26,1040.0,VALID_TARGET,,1.0,862.3371047973633,604.0441741943359,862.8273544311523,602.4058227539062,SUPPORTED,917.6785714285714,572.1428571428571,637.5,93.92857142857143,560.3571428571429,956.4285714285714,UNSTABLE_TRANSFORM,translation_median_sparse_flow,5.60845947265625,3.5537109375,338.0,15.022294998168945,,,SUPPORTED,partial_affine_ransac_sparse_flow,-1.6275825925202654,23.150088649120452,122.0,0.962427672690667,0.9999902356601343,0.3609467455621302,,,,,,,,,,UNSTABLE_TRANSFORM,Camera compensation was not supported.,1.8463592529296875,9.642364501953125,-4.257937051684166,-2.099059349495519,-342.2143458177136,-28.149214329704705,153.75782440969888,0.6411702201736054,path_segment_001,SUPPORTED,,1.8463592529296875,9.642364501953125,-4.257937051684166,-2.099059349495519,-342.2143458177136,-28.149214329704705,153.75782440969888,0.6411702201736054,path_segment_001,SUPPORTED,,SUPPORTED,
27,27,1080.0,VALID_TARGET,,1.0,868.1847839355469,603.1530456542969,868.1847839355469,604.7913970947266,SUPPORTED,913.5267857142858,572.4107142857143,637.5,93.30357142857143,552.0535714285714,958.2142857142858,UNSTABLE_TRANSFORM,translation_median_sparse_flow,6.70916748046875,4.80548095703125,342.0,8.244741439819336,,,SUPPORTED,partial_affine_ransac_sparse_flow,29.98786332772917,12.326596265736676,140.0,1.518461388211076,0.9877668022766323,0.4093567251461988,,,,,0.0,0.0,,,path_segment_014,INSUFFICIENT_EVIDENCE,Continuous path run is shorter than the configured minimum sample count.,5.357429504394531,2.3855743408203125,-14.5939370661456,-1.8281311985999764,-356.8082828838592,-29.97734552830468,172.85995057812147,1.986495532397737,path_segment_001,SUPPORTED,,5.357429504394531,2.3855743408203125,-14.5939370661456,-1.8281311985999764,-356.8082828838592,-29.97734552830468,172.85995057812147,1.986495532397737,path_segment_001,SUPPORTED,,SUPPORTED,
28,28,1120.0,VALID_TARGET,,1.0,889.089111328125,615.98828125,889.089111328125,615.8773193359375,SUPPORTED,909.375,572.6785714285714,637.5,92.67857142857143,543.75,960.0,UNSTABLE_TRANSFORM,translation_median_sparse_flow,4.618560791015625,11.788265228271484,324.0,12.642208099365234,,,SUPPORTED,partial_affine_ransac_sparse_flow,-0.9607835575236124,19.078480751053576,109.0,0.6491321870908392,0.9998035489068905,0.33641975308641975,,,,,,,,,,UNSTABLE_TRANSFORM,Camera compensation was not supported.,20.904327392578125,11.085922241210938,15.364670232048184,1.8169958531577777,-341.443612651811,-28.160349675146904,-6.744363335806049,2.089648188348592,path_segment_001,SUPPORTED,,20.904327392578125,11.085922241210938,15.364670232048184,1.8169958531577777,-341.443612651811,-28.160349675146904,-6.744363335806049,2.089648188348592,path_segment_001,SUPPORTED,,SUPPORTED,
29,29,1160.0,VALID_TARGET,,1.0,903.5652236938477,618.6972351074219,903.5652236938477,618.3653564453125,SUPPORTED,905.2232142857143,572.9464285714286,637.5,92.05357142857143,535.4464285714287,961.7857142857143,UNSTABLE_TRANSFORM,translation_median_sparse_flow,8.1507568359375,11.40545654296875,311.0,13.932013511657715,,,SUPPORTED,partial_affine_ransac_sparse_flow,3.262918860881487,12.724820912350381,104.0,0.5692657463122286,0.9975918713679494,0.33440514469453375,,,,,0.0,0.0,,,path_segment_015,INSUFFICIENT_EVIDENCE,Continuous path run is shorter than the configured minimum sample count.,14.476112365722656,2.488037109375,9.017544979882018,-2.4454770137057267,-332.426067671929,-30.60582668885263,15.173158520416028,1.2619220467822763,path_segment_001,SUPPORTED,,14.476112365722656,2.488037109375,9.017544979882018,-2.4454770137057267,-332.426067671929,-30.60582668885263,15.173158520416028,1.2619220467822763,path_segment_001,SUPPORTED,,SUPPORTED,
30,30,1200.0,VALID_TARGET,,1.0,911.1188049316406,619.5065612792969,911.1188049316406,618.3653564453125,SUPPORTED,901.0714285714287,573.2142857142858,637.5,91.42857142857143,527.1428571428572,963.5714285714287,UNSTABLE_TRANSFORM,translation_median_sparse_flow,5.537628173828125,6.682498931884766,341.0,8.680736541748047,,,SUPPORTED,partial_affine_ransac_sparse_flow,29.543497904028808,10.3879189835155,134.0,1.2397759608968104,0.9825231102292489,0.39296187683284456,,,,,,,,,,UNSTABLE_TRANSFORM,Camera compensation was not supported.,7.553581237792969,0.0,-9.044055057686023,4.598327736882084,-341.470122729615,-26.007498951970547,-153.04955434244854,1.3703304424961134,path_segment_001,SUPPORTED,,7.553581237792969,0.0,-9.044055057686023,4.598327736882084,-341.470122729615,-26.007498951970547,-153.04955434244854,1.3703304424961134,path_segment_001,SUPPORTED,,SUPPORTED,
31,31,1240.0,VALID_TARGET,,1.0,913.2368698120116,620.8175964355469,911.1188049316406,619.9494018554688,SUPPORTED,896.9196428571429,573.4821428571429,637.5,90.80357142857143,518.8392857142858,965.3571428571429,UNSTABLE_TRANSFORM,translation_median_sparse_flow,1.0290374755859375,13.767470359802246,336.0,18.19040298461914,,,SUPPORTED,partial_affine_ransac_sparse_flow,-4.4777779937930795,15.83925252329498,112.0,0.570631551736351,1.00196932001383,0.3333333333333333,,,,,0.0,0.0,,,path_segment_016,INSUFFICIENT_EVIDENCE,Continuous path run is shorter than the configured minimum sample count.,0.0,1.58404541015625,-3.0441924435515375,-6.948499213882997,-344.51431517316655,-32.95599816585354,113.65860596182358,1.0245947281738021,path_segment_001,SUPPORTED,,0.0,1.58404541015625,-3.0441924435515375,-6.948499213882997,-344.51431517316655,-32.95599816585354,113.65860596182358,1.0245947281738021,path_segment_001,SUPPORTED,,SUPPORTED,
32,32,1280.0,VALID_TARGET,,1.0,917.7457885742188,610.2110290527344,911.739143371582,620.8175964355469,SUPPORTED,892.7678571428571,573.75,637.5,90.17857142857143,510.53571428571433,967.1428571428572,UNSTABLE_TRANSFORM,translation_median_sparse_flow,2.112823486328125,7.693174839019775,346.0,9.003154754638672,,,SUPPORTED,partial_affine_ransac_sparse_flow,26.3273706647032,11.465735616851527,161.0,1.0990400756415537,0.984391795512062,0.4653179190751445,,,,,,,,,,UNSTABLE_TRANSFORM,Camera compensation was not supported.,0.6203384399414062,0.868194580078125,-14.882635271956701,4.100638631053698,-359.39695044512325,-28.855359534799845,-164.59542732588073,2.084987943597333,path_segment_001,SUPPORTED,,0.6203384399414062,0.868194580078125,-14.882635271956701,4.100638631053698,-359.39695044512325,-28.855359534799845,-164.59542732588073,2.084987943597333,path_segment_001,SUPPORTED,,SUPPORTED,
33,33,1320.0,VALID_TARGET,,1.0,909.6791534423828,623.8320922851562,913.2368698120117,623.8320922851562,SUPPORTED,888.6160714285714,574.0178571428571,637.5,89.55357142857143,502.2321428571429,968.9285714285714,UNSTABLE_TRANSFORM,translation_median_sparse_flow,0.00042724609375,11.017623901367188,334.0,17.860637664794922,,,SUPPORTED,partial_affine_ransac_sparse_flow,42.85244805155969,23.297175587827837,96.0,1.2163735625243945,0.9743219612674524,0.2874251497005988,,,,,0.0,0.0,,,path_segment_017,INSUFFICIENT_EVIDENCE,Continuous path run is shorter than the configured minimum sample count.,1.4977264404296875,3.014495849609375,-25.13422733953314,6.357095716205322,-384.5311777846564,-22.498263818594523,-165.8060879372335,3.5015852689656635,path_segment_001,SUPPORTED,,1.4977264404296875,3.014495849609375,-25.13422733953314,6.357095716205322,-384.5311777846564,-22.498263818594523,-165.8060879372335,3.5015852689656635,path_segment_001,SUPPORTED,,SUPPORTED,
34,34,1360.0,VALID_TARGET,,1.0,903.122039794922,639.3939208984375,916.2380676269531,639.3939208984375,SUPPORTED,884.4642857142858,574.2857142857143,637.5,88.92857142857143,493.92857142857144,970.7142857142858,UNSTABLE_TRANSFORM,translation_median_sparse_flow,4.4556884765625,7.9168853759765625,341.0,12.772274017333984,,,SUPPORTED,partial_affine_ransac_sparse_flow,19.44809191373343,12.793959724296043,170.0,1.0799846025624307,0.9884973966700797,0.49853372434017595,,,,,,,,,,UNSTABLE_TRANSFORM,Camera compensation was not supported.,3.0011978149414062,15.56182861328125,-9.892485032289187,15.766450015439887,-394.4236628169456,-6.731813803154637,-122.10576186827468,2.51390910701466,path_segment_001,SUPPORTED,,3.0011978149414062,15.56182861328125,-9.892485032289187,15.766450015439887,-394.4236628169456,-6.731813803154637,-122.10576186827468,2.51390910701466,path_segment_001,SUPPORTED,,SUPPORTED,
35,35,1400.0,VALID_TARGET,,1.0,913.3935470581056,656.5574340820312,918.1466064453125,656.5574340820312,SUPPORTED,880.3125,574.5535714285714,637.5,88.30357142857143,485.625,972.5000000000001,UNSTABLE_TRANSFORM,translation_median_sparse_flow,1.7322998046875,6.884422302246094,310.0,21.68589210510254,,,SUPPORTED,partial_affine_ransac_sparse_flow,40.460194047857854,31.347108665674313,99.0,1.4434018236434756,0.9756055150580026,0.3193548387096774,,,,,0.0,0.0,,,path_segment_018,INSUFFICIENT_EVIDENCE,Continuous path run is shorter than the configured minimum sample count.,1.908538818359375,17.16351318359375,-26.49261268440773,16.428061145790593,-420.9162755013533,9.696247342635957,-148.19696115367435,4.210262276867466,path_segment_001,SUPPORTED,,1.908538818359375,17.16351318359375,-26.49261268440773,16.428061145790593,-420.9162755013533,9.696247342635957,-148.19696115367435,4.210262276867466,path_segment_001,SUPPORTED,,SUPPORTED,
36,36,1440.0,VALID_TARGET,,1.0,922.6797485351562,673.1503601074219,918.1466064453125,667.5626220703125,SUPPORTED,876.1607142857142,574.8214285714286,637.5,87.67857142857143,477.32142857142856,974.2857142857143,UNSTABLE_TRANSFORM,translation_median_sparse_flow,28.31500244140625,25.798049926757812,325.0,28.8887882232666,,,SUPPORTED,partial_affine_ransac_sparse_flow,36.2034674365589,26.519054346651505,105.0,0.33509555868689606,0.999200489811213,0.3230769230769231,,,,,,,,,,UNSTABLE_TRANSFORM,Camera compensation was not supported.,0.0,11.00518798828125,-35.55569204884398,-14.868252046684006,-456.4719675501973,-5.1720047040480495,157.30687974030192,5.20519726871191,path_segment_001,SUPPORTED,,0.0,11.00518798828125,-35.55569204884398,-14.868252046684006,-456.4719675501973,-5.1720047040480495,157.30687974030192,5.20519726871191,path_segment_001,SUPPORTED,,SUPPORTED,
37,37,1480.0,VALID_TARGET,,1.0,923.197395324707,671.7444458007812,917.2873458862305,667.8878173828125,SUPPORTED,872.0089285714286,575.0892857142858,637.5,87.05357142857143,469.0178571428571,976.0714285714287,SUPPORTED,translation_median_sparse_flow,16.889190673828125,10.791885375976562,345.0,7.906412124633789,,,SUPPORTED,partial_affine_ransac_sparse_flow,21.09780802893936,12.65212395144671,155.0,1.5524065811075807,0.989925212267325,0.4492753623188406,,,,,0.0,0.0,,,path_segment_019,INSUFFICIENT_EVIDENCE,Continuous path run is shorter than the configured minimum sample count.,-0.8592605590820312,0.3251953125,-13.049031378959398,-5.130613040260414,-469.5209989291567,-10.302617744308463,158.53625980325867,1.8937662967637716,path_segment_001,SUPPORTED,,-0.8592605590820312,0.3251953125,-13.049031378959398,-5.130613040260414,-469.5209989291567,-10.302617744308463,158.53625980325867,1.8937662967637716,path_segment_001,SUPPORTED,,SUPPORTED,
38,38,1520.0,VALID_TARGET,,1.0,912.3165817260742,669.13623046875,912.3165817260742,670.2369689941406,SUPPORTED,867.8571428571429,575.3571428571429,637.5,86.42857142857143,460.7142857142857,977.8571428571429,UNSTABLE_TRANSFORM,translation_median_sparse_flow,33.48561096191406,18.991451263427734,337.0,22.452871322631836,,,SUPPORTED,partial_affine_ransac_sparse_flow,35.366551955490316,19.33389697003523,116.0,0.34459029090834176,1.002006630241423,0.34421364985163205,,,,,,,,,,UNSTABLE_TRANSFORM,Camera compensation was not supported.,-4.97076416015625,2.349151611328125,-42.227409457336876,-18.257046704366076,-511.74840838649357,-28.55966444867454,156.6187280540572,6.213561888361008,path_segment_001,SUPPORTED,,-4.97076416015625,2.349151611328125,-42.227409457336876,-18.257046704366076,-511.74840838649357,-28.55966444867454,156.6187280540572,6.213561888361008,path_segment_001,SUPPORTED,,SUPPORTED,
39,39,1560.0,VALID_TARGET,,1.0,905.7648315429688,667.1289367675781,906.2095947265625,670.3033752441406,SUPPORTED,863.7053571428571,575.625,637.5,85.80357142857143,452.4107142857142,979.6428571428572,SUPPORTED,translation_median_sparse_flow,15.232337951660156,8.829246520996094,350.0,4.834830284118652,,,SUPPORTED,partial_affine_ransac_sparse_flow,14.980145709707797,9.078739914199973,157.0,0.4614458908097363,1.0014996093737902,0.44857142857142857,,,,,0.0,0.0,,,path_segment_020,INSUFFICIENT_EVIDENCE,Continuous path run is shorter than the configured minimum sample count.,-6.106986999511719,0.06640625,-22.69042557657133,-9.697193870400724,-534.4388339630649,-38.25685831907526,156.8596184060371,3.3327592646716133,path_segment_001,SUPPORTED,,-6.106986999511719,0.06640625,-22.69042557657133,-9.697193870400724,-534.4388339630649,-38.25685831907526,156.8596184060371,3.3327592646716133,path_segment_001,SUPPORTED,,SUPPORTED,
40,40,1600.0,VALID_TARGET,,1.0,904.4912185668944,676.9419860839844,904.2390365600586,676.9419860839844,SUPPORTED,859.5535714285714,575.8928571428572,637.5,85.17857142857143,444.10714285714283,981.4285714285716,UNSTABLE_TRANSFORM,translation_median_sparse_flow,30.111770629882812,15.227170944213867,336.0,12.554301261901855,,,SUPPORTED,partial_affine_ransac_sparse_flow,29.581110210847523,15.13426638231048,132.0,0.38731318427689,1.0024930676789816,0.39285714285714285,,,,,,,,,,UNSTABLE_TRANSFORM,Camera compensation was not supported.,-1.9705581665039062,6.63861083984375,-33.87784051889503,-10.076272093663988,-568.3166744819599,-48.33313041273925,163.43596479392497,4.773720626953329,path_segment_001,SUPPORTED,,-1.9705581665039062,6.63861083984375,-33.87784051889503,-10.076272093663988,-568.3166744819599,-48.33313041273925,163.43596479392497,4.773720626953329,path_segment_001,SUPPORTED,,SUPPORTED,
41,41,1640.0,VALID_TARGET,,1.0,901.2591171264648,683.3456115722656,901.066535949707,683.3456115722656,SUPPORTED,855.4017857142858,576.1607142857143,637.5,84.55357142857143,435.80357142857144,983.2142857142858,SUPPORTED,translation_median_sparse_flow,17.009262084960938,9.05652141571045,350.0,5.794792652130127,,,SUPPORTED,partial_affine_ransac_sparse_flow,21.35374151533298,13.227301052402552,181.0,1.0891669848973164,0.9872504467679196,0.5171428571428571,,,,,0.0,0.0,,,path_segment_021,INSUFFICIENT_EVIDENCE,Continuous path run is shorter than the configured minimum sample count.,-3.1725006103515625,6.40362548828125,-17.46254870461371,7.813083533091344,-585.7792231865736,-40.52004687964791,-155.8953304778501,2.5838407677183346,path_segment_001,SUPPORTED,,-3.1725006103515625,6.40362548828125,-17.46254870461371,7.813083533091344,-585.7792231865736,-40.52004687964791,-155.8953304778501,2.5838407677183346,path_segment_001,SUPPORTED,,SUPPORTED,
42,42,1680.0,VALID_TARGET,,1.0,889.4922943115234,702.7184143066406,889.4922943115234,693.4814453125,SUPPORTED,851.25,576.4285714285714,637.5,83.92857142857143,427.49999999999994,985.0000000000001,UNSTABLE_TRANSFORM,translation_median_sparse_flow,25.8414306640625,18.00714111328125,339.0,17.856304168701172,,,SUPPORTED,partial_affine_ransac_sparse_flow,31.30189350183938,18.739484199026187,140.0,0.2888725533054966,0.99556524439559,0.41297935103244837,,,,,,,,,,UNSTABLE_TRANSFORM,Camera compensation was not supported.,-11.574241638183594,10.135833740234375,-38.98827105343048,-5.430553991850729,-624.7674942400041,-45.95060087149864,172.07046777474733,5.316681467327454,path_segment_001,SUPPORTED,,-11.574241638183594,10.135833740234375,-38.98827105343048,-5.430553991850729,-624.7674942400041,-45.95060087149864,172.07046777474733,5.316681467327454,path_segment_001,SUPPORTED,,SUPPORTED,
43,43,1720.0,VALID_TARGET,,1.0,876.8491439819336,708.9175415039062,876.8491439819336,702.6384582519531,SUPPORTED,847.0982142857142,576.6964285714286,637.5,83.30357142857143,419.19642857142856,986.7857142857143,UNSTABLE_TRANSFORM,translation_median_sparse_flow,10.6287841796875,8.461917877197266,350.0,8.199383735656738,,,SUPPORTED,partial_affine_ransac_sparse_flow,14.737210000930995,11.714061334278407,169.0,0.930928268874274,0.9911272722517351,0.4828571428571429,,,,,0.0,0.0,,,path_segment_022,INSUFFICIENT_EVIDENCE,Continuous path run is shorter than the configured minimum sample count.,-12.643150329589844,9.157012939453125,-23.59014435544168,8.890081865377056,-648.3576385954458,-37.06051900612158,-159.35079313813662,3.4048789575764915,path_segment_001,SUPPORTED,,-12.643150329589844,9.157012939453125,-23.59014435544168,8.890081865377056,-648.3576385954458,-37.06051900612158,-159.35079313813662,3.4048789575764915,path_segment_001,SUPPORTED,,SUPPORTED,
44,44,1760.0,VALID_TARGET,,1.0,865.1351928710938,693.4814453125,865.1351928710938,704.6845092773438,SUPPORTED,842.9464285714286,576.9642857142858,637.5,82.67857142857143,410.8928571428571,988.5714285714287,UNSTABLE_TRANSFORM,translation_median_sparse_flow,20.9847412109375,18.431838989257812,335.0,14.547721862792969,,,SUPPORTED,partial_affine_ransac_sparse_flow,27.582581634663526,18.99834078445711,161.0,0.27165493358977,0.9946081482950523,0.48059701492537316,,,,,,,,,,UNSTABLE_TRANSFORM,Camera compensation was not supported.,-11.713951110839844,2.046051025390625,-34.435250700212464,-13.330261510759328,-682.7928892956583,-50.39078051688091,158.83803541132127,4.987224698592335,path_segment_001,SUPPORTED,,-11.713951110839844,2.046051025390625,-34.435250700212464,-13.330261510759328,-682.7928892956583,-50.39078051688091,158.83803541132127,4.987224698592335,path_segment_001,SUPPORTED,,SUPPORTED,
45,45,1800.0,VALID_TARGET,,1.0,839.3523941040039,705.4426879882812,841.8575744628906,705.4426879882812,SUPPORTED,838.7946428571429,577.2321428571429,637.5,82.05357142857143,402.58928571428567,990.3571428571429,UNSTABLE_TRANSFORM,translation_median_sparse_flow,21.38037109375,17.837356567382812,345.0,9.561409950256348,,,SUPPORTED,partial_affine_ransac_sparse_flow,27.972365459494487,18.775420031154376,161.0,0.39121688240417196,0.9948765540680304,0.4666666666666667,,,,,0.0,0.0,,,path_segment_023,INSUFFICIENT_EVIDENCE,Continuous path run is shorter than the configured minimum sample count.,-23.277618408203125,0.7581787109375,-46.94902384795398,-14.24533956153823,-729.7419131436122,-64.63612007841914,163.12107874468697,6.626510599582562,path_segment_001,SUPPORTED,,-23.277618408203125,0.7581787109375,-46.94902384795398,-14.24533956153823,-729.7419131436122,-64.63612007841914,163.12107874468697,6.626510599582562,path_segment_001,SUPPORTED,,SUPPORTED,
46,46,1840.0,VALID_TARGET,,1.0,823.686637878418,699.139404296875,824.4571914672852,705.4426879882812,SUPPORTED,834.6428571428571,577.5,637.5,81.42857142857143,394.2857142857142,992.1428571428572,SUPPORTED,translation_median_sparse_flow,9.90753173828125,9.052014350891113,350.0,3.9449663162231445,,,SUPPORTED,partial_affine_ransac_sparse_flow,13.874904802958685,9.892122350991775,180.0,0.31923333173331836,0.9970278038659476,0.5142857142857142,-17.40038299560547,0.0,-27.30791473388672,-9.052014350891113,-27.30791473388672,-9.052014350891113,,,path_segment_023,INSUFFICIENT_EVIDENCE,Continuous path run is shorter than the configured minimum sample count.,-17.40038299560547,0.0,-28.85108780084704,-7.702355381546909,-758.5930009444593,-72.33847545996605,165.05239437008532,4.0331685167303934,path_segment_001,SUPPORTED,,-17.40038299560547,0.0,-28.85108780084704,-7.702355381546909,-758.5930009444593,-72.33847545996605,165.05239437008532,4.0331685167303934,path_segment_001,SUPPORTED,,SUPPORTED,
47,47,1880.0,VALID_TARGET,,1.0,813.2918243408203,716.9626770019531,810.0160903930664,716.9626770019531,SUPPORTED,823.3928571428571,573.75,614.4642857142858,75.0,417.8571428571428,997.5,SUPPORTED,translation_median_sparse_flow,20.85552978515625,14.613639831542969,344.0,6.232059478759766,,,SUPPORTED,partial_affine_ransac_sparse_flow,28.512407392482768,15.683704608893642,185.0,0.4287711997269334,0.9943866116000775,0.5377906976744186,-14.44110107421875,11.519989013671875,-35.296630859375,-3.0936508178710938,-62.60454559326172,-12.145665168762207,,,path_segment_023,INSUFFICIENT_EVIDENCE,Continuous path run is shorter than the configured minimum sample count.,-14.44110107421875,11.519989013671875,-38.44728526098129,-0.06144697989464021,-797.0402862054406,-72.39992243986069,179.9084291754201,5.192785794738552,path_segment_001,SUPPORTED,,-14.44110107421875,11.519989013671875,-38.44728526098129,-0.06144697989464021,-797.0402862054406,-72.39992243986069,179.9084291754201,5.192785794738552,path_segment_001,SUPPORTED,,SUPPORTED,
48,48,1920.0,VALID_TARGET,,1.0,807.1526031494141,718.8948669433594,807.1526031494141,716.9626770019531,SUPPORTED,812.1428571428571,570.0,591.4285714285714,68.57142857142857,441.42857142857133,1002.8571428571429,SUPPORTED,translation_median_sparse_flow,9.0404052734375,6.453105926513672,350.0,4.87257194519043,,,SUPPORTED,partial_affine_ransac_sparse_flow,14.25668831156919,7.375300358434401,181.0,0.308408322508953,0.996575016630286,0.5171428571428571,-2.8634872436523438,0.0,-11.903892517089844,-6.453105926513672,-74.50843811035156,-18.59877109527588,,,path_segment_023,INSUFFICIENT_EVIDENCE,Continuous path run is shorter than the configured minimum sample count.,-2.8634872436523438,0.0,-14.430797608750822,-4.823769123786747,-811.4710838141914,-77.22369156364744,161.51681295972796,2.0550637817710244,path_segment_001,SUPPORTED,,-2.8634872436523438,0.0,-14.430797608750822,-4.823769123786747,-811.4710838141914,-77.22369156364744,161.51681295972796,2.0550637817710244,path_segment_001,SUPPORTED,,SUPPORTED,
49,49,1960.0,VALID_TARGET,,1.0,800.196174621582,725.4306640625,800.196174621582,716.9626770019531,SUPPORTED,800.8928571428571,566.25,568.3928571428571,62.142857142857146,464.9999999999999,1008.2142857142858,UNSTABLE_TRANSFORM,translation_median_sparse_flow,19.7294921875,12.05712890625,341.0,8.467977523803711,,,SUPPORTED,partial_affine_ransac_sparse_flow,29.275550512391025,13.412265387462611,160.0,0.4190283904960335,0.9938241775121404,0.46920821114369504,,,,,,,,,,UNSTABLE_TRANSFORM,Camera compensation was not supported.,-6.956428527832031,0.0,-31.45845641710082,-8.746470075308139,-842.9295402312922,-85.97016163895557,164.4623462613882,4.410017557797696,path_segment_001,SUPPORTED,,-6.956428527832031,0.0,-31.45845641710082,-8.746470075308139,-842.9295402312922,-85.97016163895557,164.4623462613882,4.410017557797696,path_segment_001,SUPPORTED,,SUPPORTED,
50,50,2000.0,VALID_TARGET,,1.0,789.7734603881836,709.1340942382812,789.7734603881836,709.4931640625,SUPPORTED,789.6428571428571,562.5,545.3571428571429,55.714285714285715,488.57142857142844,1013.5714285714286,SUPPORTED,translation_median_sparse_flow,9.2042236328125,6.5475311279296875,349.0,4.814562797546387,,,SUPPORTED,partial_affine_ransac_sparse_flow,14.486352054645385,7.235933443875205,183.0,0.3185813437093891,0.996492115974965,0.5243553008595988,,,,,0.0,0.0,,,path_segment_024,INSUFFICIENT_EVIDENCE,Continuous path run is shorter than the configured minimum sample count.,-10.422714233398438,-7.469512939453125,-22.1477876311684,-12.139397119171917,-865.0773278624606,-98.10955875812749,151.27246520196462,3.4111976701197455,path_segment_001,SUPPORTED,,-10.422714233398438,-7.469512939453125,-22.1477876311684,-12.139397119171917,-865.0773278624606,-98.10955875812749,151.27246520196462,3.4111976701197455,path_segment_001,SUPPORTED,,SUPPORTED,
51,51,2040.0,VALID_TARGET,HUMAN_ACCEPTED_TARGET: operator reviewed the raw skeleton and confirmed that it belongs to the documented athlete.,1.0,769.0515670776367,708.7029418945312,780.8992919921875,709.1944427490234,SUPPORTED,781.6666666666666,559.2857142857143,550.3571428571429,51.30952380952381,462.6190476190475,1015.952380952381,UNSTABLE_TRANSFORM,translation_median_sparse_flow,15.0811767578125,11.611236572265625,345.0,8.873250961303711,,,SUPPORTED,partial_affine_ransac_sparse_flow,25.98834005812382,12.248073036583408,167.0,0.3838091821944936,0.9931750914004782,0.48405797101449277,,,,,,,,,,UNSTABLE_TRANSFORM,Camera compensation was not supported.,-8.874168395996094,-0.2987213134765625,-29.424272795239972,-7.758111697207596,-894.5016006577006,-105.86767045533509,165.22933871553468,4.1099266249169215,path_segment_001,SUPPORTED,,-8.874168395996094,-0.2987213134765625,-29.424272795239972,-7.758111697207596,-894.5016006577006,-105.86767045533509,165.22933871553468,4.1099266249169215,path_segment_001,SUPPORTED,,SUPPORTED,
52,52,2080.0,VALID_TARGET,HUMAN_ACCEPTED_TARGET: operator reviewed the raw skeleton and confirmed that it belongs to the documented athlete.,1.0,772.0251235961914,706.9909057617188,772.0251235961914,708.8957214355469,SUPPORTED,773.6904761904761,556.0714285714286,555.3571428571429,46.904761904761905,436.6666666666666,1018.3333333333334,SUPPORTED,translation_median_sparse_flow,10.04931640625,4.9639892578125,347.0,5.506411075592041,,,SUPPORTED,partial_affine_ransac_sparse_flow,16.164447956996824,5.664886159056342,177.0,0.3345224161518084,0.996262730469577,0.5100864553314121,,,,,0.0,0.0,,,path_segment_025,INSUFFICIENT_EVIDENCE,Continuous path run is shorter than the configured minimum sample count.,-8.874168395996094,-0.2987213134765625,-22.272233300583594,-3.145699212721638,-916.7738339582842,-109.01336966805673,171.96079871889415,3.0379948216629455,path_segment_001,SUPPORTED,,-8.874168395996094,-0.2987213134765625,-22.272233300583594,-3.145699212721638,-916.7738339582842,-109.01336966805673,171.96079871889415,3.0379948216629455,path_segment_001,SUPPORTED,,SUPPORTED,
53,53,2120.0,TARGET_IDENTITY_UNCERTAIN,TARGET_OVERLAP_AMBIGUOUS: another detected person overlaps or is too close to the selected pose for automated identity acceptance.,,758.6794357299805,696.1272583007812,,,,765.7142857142858,552.8571428571429,560.3571428571429,42.5,410.71428571428567,1020.7142857142857,,,,,,,,,,,,,,,,,,,,,,,,,,,,,,,,,,,,,,,,,,,,,,,,,,,
54,54,2160.0,VALID_TARGET,HUMAN_ACCEPTED_TARGET: operator reviewed the raw skeleton and confirmed that it belongs to the documented athlete.,2.0,753.3353729248047,705.2834167480469,752.5438842773438,719.4468383789062,SUPPORTED,757.7380952380952,549.6428571428571,565.3571428571429,38.0952380952381,384.7619047619047,1023.0952380952381,UNSTABLE_TRANSFORM,translation_median_sparse_flow,24.59619140625,13.03594970703125,309.0,25.28055763244629,,,SUPPORTED,partial_affine_ransac_sparse_flow,52.086773353084155,15.409125664113317,82.0,0.4794430838403989,0.9882491897196501,0.26537216828478966,,,,,0.0,0.0,,,path_segment_026,INSUFFICIENT_EVIDENCE,Continuous path run is shorter than the configured minimum sample count.,,,,,0.0,0.0,,,path_segment_002,SUPPORTED,,,,,,0.0,0.0,,,path_segment_002,SUPPORTED,,SUPPORTED,
55,55,2200.0,VALID_TARGET,HUMAN_ACCEPTED_TARGET: operator reviewed the raw skeleton and confirmed that it belongs to the documented athlete.,2.0,747.7400741577148,719.4468383789062,739.5028457641602,719.5594329833984,SUPPORTED,749.7619047619048,546.4285714285713,570.3571428571429,33.69047619047619,358.80952380952374,1025.4761904761904,UNSTABLE_TRANSFORM,translation_median_sparse_flow,16.83856201171875,8.829605102539062,348.0,12.846918106079102,,,SUPPORTED,partial_affine_ransac_sparse_flow,35.25090893515389,11.06649557533235,161.0,0.39648850768947375,0.9889257073152122,0.46264367816091956,,,,,,,,,,UNSTABLE_TRANSFORM,Camera compensation was not supported.,-13.041038513183594,0.1125946044921875,-40.000528690641204,-2.9421071007019464,-40.000528690641204,-2.9421071007019464,175.79337253998926,5.417157636507707,path_segment_002,SUPPORTED,,-13.041038513183594,0.1125946044921875,-40.000528690641204,-2.9421071007019464,-40.000528690641204,-2.9421071007019464,175.79337253998926,5.417157636507707,path_segment_002,SUPPORTED,,SUPPORTED,
56,56,2240.0,VALID_TARGET,HUMAN_ACCEPTED_TARGET: operator reviewed the raw skeleton and confirmed that it belongs to the documented athlete.,2.0,734.7083511352539,719.6720275878906,731.2656173706055,719.4468383789062,SUPPORTED,741.7857142857143,543.2142857142858,575.3571428571429,29.285714285714292,332.85714285714283,1027.857142857143,SUPPORTED,translation_median_sparse_flow,10.0206298828125,4.7766571044921875,347.0,7.798669815063477,,,SUPPORTED,partial_affine_ransac_sparse_flow,19.999665733870497,6.348773095034001,193.0,0.29733275642252177,0.9937211140700423,0.5561959654178674,,,,,0.0,0.0,,,path_segment_027,INSUFFICIENT_EVIDENCE,Continuous path run is shorter than the configured minimum sample count.,-8.237228393554688,-0.1125946044921875,-23.67172637889712,-1.8630768169044813,-63.67225506953832,-4.805183917606428,175.4998278905376,3.2070450532590833,path_segment_002,SUPPORTED,,-8.237228393554688,-0.1125946044921875,-23.67172637889712,-1.8630768169044813,-63.67225506953832,-4.805183917606428,175.4998278905376,3.2070450532590833,path_segment_002,SUPPORTED,,SUPPORTED,
57,57,2280.0,VALID_TARGET,HUMAN_ACCEPTED_TARGET: operator reviewed the raw skeleton and confirmed that it belongs to the documented athlete.,2.0,723.5042419433594,729.0254516601562,726.6869430541992,719.6720275878906,SUPPORTED,733.8095238095239,540.0,580.3571428571429,24.880952380952383,306.90476190476187,1030.2380952380952,UNSTABLE_TRANSFORM,translation_median_sparse_flow,16.3739013671875,10.028518676757812,337.0,13.833928108215332,,,SUPPORTED,partial_affine_ransac_sparse_flow,35.645730279802045,13.607541534563705,149.0,0.5892665326339792,0.9888701353039118,0.4421364985163205,,,,,,,,,,UNSTABLE_TRANSFORM,Camera compensation was not supported.,-4.57867431640625,0.225189208984375,-32.58293034719918,-4.86906814427789,-96.2551854167375,-9.674252061884317,171.50083150958244,4.44959121471061,path_segment_002,SUPPORTED,,-4.57867431640625,0.225189208984375,-32.58293034719918,-4.86906814427789,-96.2551854167375,-9.674252061884317,171.50083150958244,4.44959121471061,path_segment_002,SUPPORTED,,SUPPORTED,
58,58,2320.0,VALID_TARGET,HUMAN_ACCEPTED_TARGET: operator reviewed the raw skeleton and confirmed that it belongs to the documented athlete.,2.0,721.6666412353516,714.4490661621094,717.3233795166016,727.852783203125,SUPPORTED,725.8333333333334,536.7857142857143,585.3571428571429,20.47619047619048,280.95238095238096,1032.6190476190477,SUPPORTED,translation_median_sparse_flow,7.398681640625,4.338451385498047,350.0,5.823241233825684,,,SUPPORTED,partial_affine_ransac_sparse_flow,15.16119729694994,5.903093544954508,230.0,0.3227335724576682,0.9947662137987514,0.6571428571428571,,,,,0.0,0.0,,,path_segment_028,SUPPORTED,,-9.363563537597656,8.180755615234375,-20.985519563590174,6.311026942660874,-117.24070498032768,-3.3632251192234435,-163.2622617695464,2.9597483638093136,path_segment_002,SUPPORTED,,-9.363563537597656,8.180755615234375,-20.985519563590174,6.311026942660874,-117.24070498032768,-3.3632251192234435,-163.2622617695464,2.9597483638093136,path_segment_002,SUPPORTED,,SUPPORTED,
59,59,2360.0,VALID_TARGET,HUMAN_ACCEPTED_TARGET: operator reviewed the raw skeleton and confirmed that it belongs to the documented athlete.,2.0,698.4967079162598,730.8200073242188,716.7457504272461,729.0254516601562,SUPPORTED,717.8571428571429,533.5714285714286,590.3571428571429,16.071428571428577,255.0,1035.0,SUPPORTED,translation_median_sparse_flow,10.728515625,5.7288055419921875,349.0,6.444065093994141,,,SUPPORTED,partial_affine_ransac_sparse_flow,24.43817107103442,7.754728001918368,220.0,0.32149192509186286,0.9912713912795752,0.6303724928366762,-0.5776290893554688,1.17266845703125,-11.306144714355469,-4.5561370849609375,-11.306144714355469,-4.5561370849609375,158.05160821500232,1.6463607715831163,path_segment_028,SUPPORTED,,-0.5776290893554688,1.17266845703125,-18.750251839544376,-0.23316818719308685,-135.99095681987205,-3.5963933064165303,179.28753679808514,2.532648130413678,path_segment_002,SUPPORTED,,-0.5776290893554688,1.17266845703125,-18.750251839544376,-0.23316818719308685,-135.99095681987205,-3.5963933064165303,179.28753679808514,2.532648130413678,path_segment_002,SUPPORTED,,SUPPORTED,
60,60,2400.0,VALID_TARGET,HUMAN_ACCEPTED_TARGET: operator reviewed the raw skeleton and confirmed that it belongs to the documented athlete.,2.0,694.9448509216309,727.852783203125,697.9190788269043,729.7668151855469,SUPPORTED,695.3571428571429,546.000006539481,556.0714285714286,32.78572082519531,278.57142857142856,1026.4285714285713,SUPPORTED,translation_median_sparse_flow,13.28564453125,6.463897705078125,349.0,4.933095932006836,,,SUPPORTED,partial_affine_ransac_sparse_flow,27.14519306412744,8.33530087719258,229.0,0.3162127652069076,0.991142179881948,0.6561604584527221,-18.826671600341797,0.741363525390625,-32.1123161315918,-5.7225341796875,-43.418460845947266,-10.278671264648438,169.89574675906363,4.405492078604037,path_segment_028,SUPPORTED,,-18.826671600341797,0.741363525390625,-39.63233581159989,-1.127241093785301,-175.62329263147194,-4.723634400201831,178.37080635972802,5.354999540731657,path_segment_002,SUPPORTED,,-18.826671600341797,0.741363525390625,-39.63233581159989,-1.127241093785301,-175.62329263147194,-4.723634400201831,178.37080635972802,5.354999540731657,path_segment_002,SUPPORTED,,SUPPORTED,
61,61,2440.0,VALID_TARGET,HUMAN_ACCEPTED_TARGET: operator reviewed the raw skeleton and confirmed that it belongs to the documented athlete.,2.0,690.4053802490234,734.7454833984375,684.1029167175293,735.7986755371094,SUPPORTED,669.1071428571429,540.3214318411691,500.3571428571429,20.67857469831194,337.5,1039.2857142857142,SUPPORTED,translation_median_sparse_flow,6.9393310546875,2.0189056396484375,349.0,2.3210315704345703,,,SUPPORTED,partial_affine_ransac_sparse_flow,12.654939178495862,3.203976171123336,256.0,0.24158211416480754,0.9960539483830699,0.7335243553008596,-13.816162109375,6.0318603515625,-20.7554931640625,4.0129547119140625,-64.17395401000977,-6.265716552734375,-169.05721310624386,2.8552003102757717,path_segment_028,SUPPORTED,,-13.816162109375,6.0318603515625,-23.920629679247668,5.902306129355679,-199.5439223107196,1.178671729153848,-166.13939443498012,3.3276725899662387,path_segment_002,SUPPORTED,,-13.816162109375,6.0318603515625,-23.920629679247668,5.902306129355679,-199.5439223107196,1.178671729153848,-166.13939443498012,3.3276725899662387,path_segment_002,SUPPORTED,,SUPPORTED,
62,62,2480.0,VALID_TARGET,HUMAN_ACCEPTED_TARGET: operator reviewed the raw skeleton and confirmed that it belongs to the documented athlete.,2.0,663.1134490966797,753.5304565429688,674.867109298706,742.4454040527344,SUPPORTED,642.8571428571429,534.6428571428571,444.64285714285717,8.57142857142857,396.4285714285714,1052.142857142857,SUPPORTED,translation_median_sparse_flow,10.2764892578125,5.9050750732421875,349.0,5.328895092010498,,,SUPPORTED,partial_affine_ransac_sparse_flow,22.89124297273244,7.656071663649496,213.0,0.3490905289889399,0.992260691413923,0.6103151862464183,-9.235807418823242,6.646728515625,-19.512296676635742,0.7416534423828125,-83.68625068664551,-5.5240631103515625,-177.82326157345858,2.6372788735852044,path_segment_028,SUPPORTED,,-9.235807418823242,6.646728515625,-27.003466756407306,4.844160009305824,-226.54738906712691,6.022831738459672,-169.8298667781375,3.705370176829147,path_segment_002,SUPPORTED,,-9.235807418823242,6.646728515625,-27.003466756407306,4.844160009305824,-226.54738906712691,6.022831738459672,-169.8298667781375,3.705370176829147,path_segment_002,SUPPORTED,,SUPPORTED,
63,63,2520.0,VALID_TARGET,HUMAN_ACCEPTED_TARGET: operator reviewed the raw skeleton and confirmed that it belongs to the documented athlete.,2.0,665.6313018798828,750.1453247070312,665.6313018798828,750.1453247070312,SUPPORTED,650.3571428571429,534.428574698312,469.28571428571433,7.821431841169085,362.1428571428571,1053.2142857142858,SUPPORTED,translation_median_sparse_flow,3.18914794921875,3.170989990234375,350.0,3.8864777088165283,,,SUPPORTED,partial_affine_ransac_sparse_flow,10.580920673888917,4.443399040819199,221.0,0.37557137319511646,0.9952338501412832,0.6314285714285715,-9.235807418823242,7.699920654296875,-12.424955368041992,4.5289306640625,-96.1112060546875,-0.9951324462890625,-159.9730617321777,1.7861485168821591,path_segment_028,SUPPORTED,,-9.235807418823242,7.699920654296875,-16.70156087305145,6.8872658718830735,-243.24894994017836,12.910097610342746,-157.5900914554392,2.4400215292971774,path_segment_002,SUPPORTED,,-9.235807418823242,7.699920654296875,-16.70156087305145,6.8872658718830735,-243.24894994017836,12.910097610342746,-157.5900914554392,2.4400215292971774,path_segment_002,SUPPORTED,,SUPPORTED,
64,64,2560.0,TARGET_IDENTITY_UNCERTAIN,TARGET_OVERLAP_AMBIGUOUS: another detected person overlaps or is too close to the selected pose for automated identity acceptance.,,669.1978378295898,745.4617004394531,,,,657.8571428571429,534.2142922537669,493.92857142857144,7.071435110909598,327.8571428571429,1054.2857142857144,,,,,,,,,,,,,,,,,,,,,,,,,,,,,,,,,,,,,,,,,,,,,,,,,,,
65,65,2600.0,TARGET_IDENTITY_UNCERTAIN,TARGET_OVERLAP_AMBIGUOUS: another detected person overlaps or is too close to the selected pose for automated identity acceptance.,,647.9570159912109,742.1769714355469,,,,677.1428571428571,541.7142922537668,519.6428571428571,15.64286368233817,315.0,1052.142857142857,,,,,,,,,,,,,,,,,,,,,,,,,,,,,,,,,,,,,,,,,,,,,,,,,,,
66,66,2640.0,TARGET_IDENTITY_UNCERTAIN,TARGET_OVERLAP_AMBIGUOUS: another detected person overlaps or is too close to the selected pose for automated identity acceptance.,,609.5205574035645,715.4364318847656,,,,657.4285714285713,540.7285766601562,492.21428571428567,13.800005231584821,330.42857142857144,1053.857142857143,,,,,,,,,,,,,,,,,,,,,,,,,,,,,,,,,,,,,,,,,,,,,,,,,,,
67,67,2680.0,TARGET_IDENTITY_UNCERTAIN,TARGET_OVERLAP_AMBIGUOUS: another detected person overlaps or is too close to the selected pose for automated identity acceptance.,,576.2741241455078,714.218994140625,,,,637.7142857142857,539.7428610665459,464.7857142857143,11.957146780831474,345.85714285714283,1055.5714285714287,,,,,,,,,,,,,,,,,,,,,,,,,,,,,,,,,,,,,,,,,,,,,,,,,,,
68,68,2720.0,INVALID_TRACK_SEGMENT,Valid-looking pose segment is too short to establish target identity continuity.,,554.0854415893555,724.1263122558594,,,,618.0,538.7571454729352,437.35714285714283,10.114288330078125,361.2857142857143,1057.2857142857142,,,,,,,,,,,,,,,,,,,,,,,,,,,,,,,,,,,,,,,,,,,,,,,,,,,
69,69,2760.0,TARGET_IDENTITY_UNCERTAIN,TARGET_OVERLAP_AMBIGUOUS: another detected person overlaps or is too close to the selected pose for automated identity acceptance.,,484.4674587249756,686.9046325683594,,,,598.2857142857142,537.7714298793247,409.92857142857144,8.271429879324778,376.71428571428567,1059.0,,,,,,,,,,,,,,,,,,,,,,,,,,,,,,,,,,,,,,,,,,,,,,,,,,,
70,70,2800.0,TARGET_IDENTITY_UNCERTAIN,TARGET_OVERLAP_AMBIGUOUS: another detected person overlaps or is too close to the selected pose for automated identity acceptance.,,466.3039207458496,675.9591674804688,,,,578.5714285714286,536.7857142857143,382.5,6.428571428571429,392.1428571428571,1060.7142857142858,,,,,,,,,,,,,,,,,,,,,,,,,,,,,,,,,,,,,,,,,,,,,,,,,,,
71,71,2840.0,TARGET_IDENTITY_UNCERTAIN,TARGET_OVERLAP_AMBIGUOUS: another detected person overlaps or is too close to the selected pose for automated identity acceptance.,,471.8824844360352,674.3962707519531,,,,543.75,536.2500000000001,340.7142857142857,6.428571428571429,406.07142857142856,1059.6428571428573,,,,,,,,,,,,,,,,,,,,,,,,,,,,,,,,,,,,,,,,,,,,,,,,,,,
72,72,2880.0,TARGET_IDENTITY_UNCERTAIN,TARGET_OVERLAP_AMBIGUOUS: another detected person overlaps or is too close to the selected pose for automated identity acceptance.,,488.6180267333984,750.7542114257812,,,,508.92857142857144,535.7142857142858,298.92857142857144,6.428571428571429,420.0,1058.5714285714287,,,,,,,,,,,,,,,,,,,,,,,,,,,,,,,,,,,,,,,,,,,,,,,,,,,
73,73,2920.0,VALID_TARGET,HUMAN_ACCEPTED_TARGET: operator reviewed the raw skeleton and confirmed that it belongs to the documented athlete.,3.0,374.98751068115234,642.9256591796875,353.2421646118164,642.2147521972656,SUPPORTED,460.7142857142857,537.1428571428571,263.2142857142857,8.571428571428571,395.0,1057.142857142857,UNSTABLE_TRANSFORM,translation_median_sparse_flow,6.5695648193359375,28.356048583984375,343.0,38.96615219116211,,,CAMERA_CUT,partial_affine_ransac_sparse_flow,89.72549482938739,58.42090411768625,113.0,0.4258693711182403,0.9347120517807482,0.3294460641399417,,,,,0.0,0.0,,,path_segment_029,SUPPORTED,,,,,,0.0,0.0,,,path_segment_003,SUPPORTED,,,,,,0.0,0.0,,,path_segment_003,SUPPORTED,,SUPPORTED,
74,74,2960.0,VALID_TARGET,HUMAN_ACCEPTED_TARGET: operator reviewed the raw skeleton and confirmed that it belongs to the documented athlete.,3.0,353.2421646118164,643.0599365234375,335.1622619628906,640.9921417236328,SUPPORTED,412.5,538.5714285714286,227.5,10.714285714285715,370.00000000000006,1055.7142857142858,SUPPORTED,translation_median_sparse_flow,-2.703369140625,2.9220123291015625,350.0,2.2220916748046875,,,SUPPORTED,partial_affine_ransac_sparse_flow,2.794874617495314,4.282786346567779,238.0,0.2617635019731147,0.9953958281712961,0.68,-18.07990264892578,-1.2226104736328125,-15.376533508300781,-4.144622802734375,-15.376533508300781,-4.144622802734375,164.91488194600976,2.1509099300900227,path_segment_029,SUPPORTED,,-18.07990264892578,-1.2226104736328125,-19.29745151759022,-2.5215414295861365,-19.29745151759022,-2.5215414295861365,172.5555060290188,2.6285145364984652,path_segment_003,SUPPORTED,,-18.07990264892578,-1.2226104736328125,-19.29745151759022,-2.5215414295861365,-19.29745151759022,-2.5215414295861365,172.5555060290188,2.6285145364984652,path_segment_003,SUPPORTED,,SUPPORTED,
75,75,3000.0,VALID_TARGET,HUMAN_ACCEPTED_TARGET: operator reviewed the raw skeleton and confirmed that it belongs to the documented athlete.,3.0,312.41029357910156,639.76953125,317.08235931396484,642.2147521972656,SUPPORTED,364.28571428571433,540.0,191.78571428571428,12.857142857142858,345.00000000000006,1054.2857142857142,SUPPORTED,translation_median_sparse_flow,-3.90386962890625,4.51165771484375,350.0,4.011458396911621,,,SUPPORTED,partial_affine_ransac_sparse_flow,6.525706257544962,7.107964003234751,255.0,0.2915623959462908,0.9909553603768283,0.7285714285714285,-18.07990264892578,1.2226104736328125,-14.176033020019531,-3.2890472412109375,-29.552566528320312,-7.4336700439453125,166.93765278459244,1.9655058112606039,path_segment_029,SUPPORTED,,-18.07990264892578,1.2226104736328125,-21.83354871215903,0.0478719892605568,-41.13100022974925,-2.4736694403255797,-179.87437413027487,2.9488966141374084,path_segment_003,SUPPORTED,,-18.07990264892578,1.2226104736328125,-21.83354871215903,0.0478719892605568,-41.13100022974925,-2.4736694403255797,-179.87437413027487,2.9488966141374084,path_segment_003,SUPPORTED,,SUPPORTED,
76,76,3040.0,VALID_TARGET,HUMAN_ACCEPTED_TARGET: operator reviewed the raw skeleton and confirmed that it belongs to the documented athlete.,3.0,313.3828582763672,634.5210571289062,312.8965759277344,641.4147338867188,SUPPORTED,328.92857142857144,531.4285714285714,178.92857142857142,15.0,300.0,1032.857142857143,SUPPORTED,translation_median_sparse_flow,-1.996337890625,1.3467941284179688,350.0,1.715245246887207,,,SUPPORTED,partial_affine_ransac_sparse_flow,2.104249284313663,1.5011283587331439,269.0,0.3938725904301247,0.9963547627893904,0.7685714285714286,-4.185783386230469,-0.800018310546875,-2.1894454956054688,-2.1468124389648438,-31.74201202392578,-9.580482482910156,135.56330032672764,0.4141477176994518,path_segment_029,SUPPORTED,,-4.185783386230469,-0.800018310546875,-4.597628471065434,-0.22476089805718402,-45.72862870081468,-2.6984303383827637,177.2012512885833,0.6217078928177959,path_segment_003,SUPPORTED,,-4.185783386230469,-0.800018310546875,-4.597628471065434,-0.22476089805718402,-45.72862870081468,-2.6984303383827637,177.2012512885833,0.6217078928177959,path_segment_003,SUPPORTED,,SUPPORTED,
77,77,3080.0,VALID_TARGET,HUMAN_ACCEPTED_TARGET: operator reviewed the raw skeleton and confirmed that it belongs to the documented athlete.,3.0,258.46556091308594,652.8249816894531,308.7107925415039,639.76953125,SUPPORTED,307.5,533.5714285714287,157.5,4.285714285714286,300.0,1058.5714285714287,SUPPORTED,translation_median_sparse_flow,-1.65570068359375,3.777984619140625,350.0,4.136869430541992,,,SUPPORTED,partial_affine_ransac_sparse_flow,10.295777262793383,6.484953362259196,246.0,0.2768694253358947,0.9898670918741239,0.7028571428571428,-4.185783386230469,-1.64520263671875,-2.5300827026367188,-5.423187255859375,-34.2720947265625,-15.003669738769531,115.01049039907956,0.8082582571150201,path_segment_029,SUPPORTED,,-4.185783386230469,-1.64520263671875,-11.400970660531641,-1.5868659154259603,-57.12959936134632,-4.285296253808724,172.07608558964694,1.5546855570260738,path_segment_003,SUPPORTED,,-4.185783386230469,-1.64520263671875,-11.400970660531641,-1.5868659154259603,-57.12959936134632,-4.285296253808724,172.07608558964694,1.5546855570260738,path_segment_003,SUPPORTED,,SUPPORTED,
